nacionalidad,sexo,pais_de_destino,periodo,total,fuente
Total,Ambos sexos,Total,2020,248561,EM
Total,Ambos sexos,Total,2019,296248,EM
Total,Ambos sexos,Total,2018,309526,EM
Total,Ambos sexos,Total,2017,368860,EM
Total,Ambos sexos,Total,2016,327325,EM
Total,Ambos sexos,Total,2015,343875,EM
Total,Ambos sexos,Total,2014,400430,EM
Total,Ambos sexos,Total,2013,532303,EM
Total,Ambos sexos,Total,2012,446606,EM
Total,Ambos sexos,Total,2011,409034,EM
Total,Ambos sexos,Total,2010,403379,EM
Total,Ambos sexos,Total,2009,380118,EM
Total,Ambos sexos,Total,2008,288432,EM
Total,Ambos sexos,UE27_2020 sin España,2020,102718,EM
Total,Ambos sexos,UE27_2020 sin España,2019,NA,EM
Total,Ambos sexos,UE27_2020 sin España,2018,NA,EM
Total,Ambos sexos,UE27_2020 sin España,2017,NA,EM
Total,Ambos sexos,UE27_2020 sin España,2016,NA,EM
Total,Ambos sexos,UE27_2020 sin España,2015,NA,EM
Total,Ambos sexos,UE27_2020 sin España,2014,NA,EM
Total,Ambos sexos,UE27_2020 sin España,2013,NA,EM
Total,Ambos sexos,UE27_2020 sin España,2012,NA,EM
Total,Ambos sexos,UE27_2020 sin España,2011,NA,EM
Total,Ambos sexos,UE27_2020 sin España,2010,NA,EM
Total,Ambos sexos,UE27_2020 sin España,2009,NA,EM
Total,Ambos sexos,UE27_2020 sin España,2008,NA,EM
Total,Ambos sexos,UE28 sin España,2020,NA,EM
Total,Ambos sexos,UE28 sin España,2019,155673,EM
Total,Ambos sexos,UE28 sin España,2018,167531,EM
Total,Ambos sexos,UE28 sin España,2017,204588,EM
Total,Ambos sexos,UE28 sin España,2016,175927,EM
Total,Ambos sexos,UE28 sin España,2015,179526,EM
Total,Ambos sexos,UE28 sin España,2014,192945,EM
Total,Ambos sexos,UE28 sin España,2013,215362,EM
Total,Ambos sexos,UE28 sin España,2012,175230,EM
Total,Ambos sexos,UE28 sin España,2011,147733,EM
Total,Ambos sexos,UE28 sin España,2010,163405,EM
Total,Ambos sexos,UE28 sin España,2009,156418,EM
Total,Ambos sexos,UE28 sin España,2008,112448,EM
Total,Ambos sexos,Bélgica,2020,3811,EM
Total,Ambos sexos,Bélgica,2019,4010,EM
Total,Ambos sexos,Bélgica,2018,3897,EM
Total,Ambos sexos,Bélgica,2017,4551,EM
Total,Ambos sexos,Bélgica,2016,5759,EM
Total,Ambos sexos,Bélgica,2015,6437,EM
Total,Ambos sexos,Bélgica,2014,6852,EM
Total,Ambos sexos,Bélgica,2013,7305,EM
Total,Ambos sexos,Bélgica,2012,6358,EM
Total,Ambos sexos,Bélgica,2011,8188,EM
Total,Ambos sexos,Bélgica,2010,5833,EM
Total,Ambos sexos,Bélgica,2009,5554,EM
Total,Ambos sexos,Bélgica,2008,3682,EM
Total,Ambos sexos,Bulgaria,2020,4924,EM
Total,Ambos sexos,Bulgaria,2019,6912,EM
Total,Ambos sexos,Bulgaria,2018,7527,EM
Total,Ambos sexos,Bulgaria,2017,8344,EM
Total,Ambos sexos,Bulgaria,2016,7948,EM
Total,Ambos sexos,Bulgaria,2015,8716,EM
Total,Ambos sexos,Bulgaria,2014,10110,EM
Total,Ambos sexos,Bulgaria,2013,12718,EM
Total,Ambos sexos,Bulgaria,2012,10742,EM
Total,Ambos sexos,Bulgaria,2011,8161,EM
Total,Ambos sexos,Bulgaria,2010,11078,EM
Total,Ambos sexos,Bulgaria,2009,11174,EM
Total,Ambos sexos,Bulgaria,2008,6957,EM
Total,Ambos sexos,Dinamarca,2020,931,EM
Total,Ambos sexos,Dinamarca,2019,1149,EM
Total,Ambos sexos,Dinamarca,2018,1103,EM
Total,Ambos sexos,Dinamarca,2017,1310,EM
Total,Ambos sexos,Dinamarca,2016,1264,EM
Total,Ambos sexos,Dinamarca,2015,1308,EM
Total,Ambos sexos,Dinamarca,2014,986,EM
Total,Ambos sexos,Dinamarca,2013,852,EM
Total,Ambos sexos,Dinamarca,2012,756,EM
Total,Ambos sexos,Dinamarca,2011,716,EM
Total,Ambos sexos,Dinamarca,2010,851,EM
Total,Ambos sexos,Dinamarca,2009,726,EM
Total,Ambos sexos,Dinamarca,2008,617,EM
Total,Ambos sexos,Finlandia,2020,845,EM
Total,Ambos sexos,Finlandia,2019,942,EM
Total,Ambos sexos,Finlandia,2018,916,EM
Total,Ambos sexos,Finlandia,2017,1031,EM
Total,Ambos sexos,Finlandia,2016,1103,EM
Total,Ambos sexos,Finlandia,2015,812,EM
Total,Ambos sexos,Finlandia,2014,742,EM
Total,Ambos sexos,Finlandia,2013,748,EM
Total,Ambos sexos,Finlandia,2012,432,EM
Total,Ambos sexos,Finlandia,2011,444,EM
Total,Ambos sexos,Finlandia,2010,298,EM
Total,Ambos sexos,Finlandia,2009,416,EM
Total,Ambos sexos,Finlandia,2008,271,EM
Total,Ambos sexos,Francia,2020,18415,EM
Total,Ambos sexos,Francia,2019,20007,EM
Total,Ambos sexos,Francia,2018,20791,EM
Total,Ambos sexos,Francia,2017,23464,EM
Total,Ambos sexos,Francia,2016,23598,EM
Total,Ambos sexos,Francia,2015,24003,EM
Total,Ambos sexos,Francia,2014,24507,EM
Total,Ambos sexos,Francia,2013,27567,EM
Total,Ambos sexos,Francia,2012,22155,EM
Total,Ambos sexos,Francia,2011,19919,EM
Total,Ambos sexos,Francia,2010,21155,EM
Total,Ambos sexos,Francia,2009,17256,EM
Total,Ambos sexos,Francia,2008,12903,EM
Total,Ambos sexos,Irlanda,2020,1516,EM
Total,Ambos sexos,Irlanda,2019,1751,EM
Total,Ambos sexos,Irlanda,2018,2019,EM
Total,Ambos sexos,Irlanda,2017,2025,EM
Total,Ambos sexos,Irlanda,2016,2033,EM
Total,Ambos sexos,Irlanda,2015,1843,EM
Total,Ambos sexos,Irlanda,2014,1760,EM
Total,Ambos sexos,Irlanda,2013,1449,EM
Total,Ambos sexos,Irlanda,2012,914,EM
Total,Ambos sexos,Irlanda,2011,1047,EM
Total,Ambos sexos,Irlanda,2010,1033,EM
Total,Ambos sexos,Irlanda,2009,1084,EM
Total,Ambos sexos,Irlanda,2008,811,EM
Total,Ambos sexos,Italia,2020,8173,EM
Total,Ambos sexos,Italia,2019,7915,EM
Total,Ambos sexos,Italia,2018,7695,EM
Total,Ambos sexos,Italia,2017,9261,EM
Total,Ambos sexos,Italia,2016,7924,EM
Total,Ambos sexos,Italia,2015,7767,EM
Total,Ambos sexos,Italia,2014,9477,EM
Total,Ambos sexos,Italia,2013,10416,EM
Total,Ambos sexos,Italia,2012,7200,EM
Total,Ambos sexos,Italia,2011,7694,EM
Total,Ambos sexos,Italia,2010,9552,EM
Total,Ambos sexos,Italia,2009,8640,EM
Total,Ambos sexos,Italia,2008,7053,EM
Total,Ambos sexos,Países Bajos,2020,3558,EM
Total,Ambos sexos,Países Bajos,2019,4789,EM
Total,Ambos sexos,Países Bajos,2018,3868,EM
Total,Ambos sexos,Países Bajos,2017,4835,EM
Total,Ambos sexos,Países Bajos,2016,4841,EM
Total,Ambos sexos,Países Bajos,2015,4784,EM
Total,Ambos sexos,Países Bajos,2014,5863,EM
Total,Ambos sexos,Países Bajos,2013,5639,EM
Total,Ambos sexos,Países Bajos,2012,4232,EM
Total,Ambos sexos,Países Bajos,2011,4754,EM
Total,Ambos sexos,Países Bajos,2010,4892,EM
Total,Ambos sexos,Países Bajos,2009,4803,EM
Total,Ambos sexos,Países Bajos,2008,3718,EM
Total,Ambos sexos,Polonia,2020,2001,EM
Total,Ambos sexos,Polonia,2019,3170,EM
Total,Ambos sexos,Polonia,2018,2795,EM
Total,Ambos sexos,Polonia,2017,4479,EM
Total,Ambos sexos,Polonia,2016,3196,EM
Total,Ambos sexos,Polonia,2015,3386,EM
Total,Ambos sexos,Polonia,2014,4369,EM
Total,Ambos sexos,Polonia,2013,5179,EM
Total,Ambos sexos,Polonia,2012,5470,EM
Total,Ambos sexos,Polonia,2011,4916,EM
Total,Ambos sexos,Polonia,2010,6689,EM
Total,Ambos sexos,Polonia,2009,7063,EM
Total,Ambos sexos,Polonia,2008,5326,EM
Total,Ambos sexos,Portugal,2020,6407,EM
Total,Ambos sexos,Portugal,2019,6678,EM
Total,Ambos sexos,Portugal,2018,7480,EM
Total,Ambos sexos,Portugal,2017,9457,EM
Total,Ambos sexos,Portugal,2016,7375,EM
Total,Ambos sexos,Portugal,2015,7311,EM
Total,Ambos sexos,Portugal,2014,9457,EM
Total,Ambos sexos,Portugal,2013,10737,EM
Total,Ambos sexos,Portugal,2012,10400,EM
Total,Ambos sexos,Portugal,2011,11039,EM
Total,Ambos sexos,Portugal,2010,13983,EM
Total,Ambos sexos,Portugal,2009,14169,EM
Total,Ambos sexos,Portugal,2008,9683,EM
Total,Ambos sexos,Alemania,2020,14266,EM
Total,Ambos sexos,Alemania,2019,16983,EM
Total,Ambos sexos,Alemania,2018,17529,EM
Total,Ambos sexos,Alemania,2017,20763,EM
Total,Ambos sexos,Alemania,2016,22416,EM
Total,Ambos sexos,Alemania,2015,24160,EM
Total,Ambos sexos,Alemania,2014,23902,EM
Total,Ambos sexos,Alemania,2013,25396,EM
Total,Ambos sexos,Alemania,2012,16691,EM
Total,Ambos sexos,Alemania,2011,14796,EM
Total,Ambos sexos,Alemania,2010,14137,EM
Total,Ambos sexos,Alemania,2009,12064,EM
Total,Ambos sexos,Alemania,2008,9728,EM
Total,Ambos sexos,Rumanía,2020,32671,EM
Total,Ambos sexos,Rumanía,2019,42257,EM
Total,Ambos sexos,Rumanía,2018,45759,EM
Total,Ambos sexos,Rumanía,2017,58177,EM
Total,Ambos sexos,Rumanía,2016,43510,EM
Total,Ambos sexos,Rumanía,2015,46080,EM
Total,Ambos sexos,Rumanía,2014,53242,EM
Total,Ambos sexos,Rumanía,2013,70054,EM
Total,Ambos sexos,Rumanía,2012,63879,EM
Total,Ambos sexos,Rumanía,2011,42505,EM
Total,Ambos sexos,Rumanía,2010,49422,EM
Total,Ambos sexos,Rumanía,2009,51549,EM
Total,Ambos sexos,Rumanía,2008,33757,EM
Total,Ambos sexos,Suecia,2020,1619,EM
Total,Ambos sexos,Suecia,2019,1954,EM
Total,Ambos sexos,Suecia,2018,1915,EM
Total,Ambos sexos,Suecia,2017,2388,EM
Total,Ambos sexos,Suecia,2016,2559,EM
Total,Ambos sexos,Suecia,2015,2132,EM
Total,Ambos sexos,Suecia,2014,2206,EM
Total,Ambos sexos,Suecia,2013,2121,EM
Total,Ambos sexos,Suecia,2012,1376,EM
Total,Ambos sexos,Suecia,2011,1443,EM
Total,Ambos sexos,Suecia,2010,1502,EM
Total,Ambos sexos,Suecia,2009,1412,EM
Total,Ambos sexos,Suecia,2008,938,EM
Total,Ambos sexos,Lituania,2020,484,EM
Total,Ambos sexos,Lituania,2019,579,EM
Total,Ambos sexos,Lituania,2018,777,EM
Total,Ambos sexos,Lituania,2017,1211,EM
Total,Ambos sexos,Lituania,2016,865,EM
Total,Ambos sexos,Lituania,2015,1037,EM
Total,Ambos sexos,Lituania,2014,1211,EM
Total,Ambos sexos,Lituania,2013,1365,EM
Total,Ambos sexos,Lituania,2012,1269,EM
Total,Ambos sexos,Lituania,2011,1007,EM
Total,Ambos sexos,Lituania,2010,1293,EM
Total,Ambos sexos,Lituania,2009,1534,EM
Total,Ambos sexos,Lituania,2008,1253,EM
Total,Ambos sexos,Otro país de la Unión Europea sin España,2020,3097,EM
Total,Ambos sexos,Otro país de la Unión Europea sin España,2019,3382,EM
Total,Ambos sexos,Otro país de la Unión Europea sin España,2018,2863,EM
Total,Ambos sexos,Otro país de la Unión Europea sin España,2017,3809,EM
Total,Ambos sexos,Otro país de la Unión Europea sin España,2016,4406,EM
Total,Ambos sexos,Otro país de la Unión Europea sin España,2015,4816,EM
Total,Ambos sexos,Otro país de la Unión Europea sin España,2014,4412,EM
Total,Ambos sexos,Otro país de la Unión Europea sin España,2013,4333,EM
Total,Ambos sexos,Otro país de la Unión Europea sin España,2012,3916,EM
Total,Ambos sexos,Otro país de la Unión Europea sin España,2011,3514,EM
Total,Ambos sexos,Otro país de la Unión Europea sin España,2010,3353,EM
Total,Ambos sexos,Otro país de la Unión Europea sin España,2009,3882,EM
Total,Ambos sexos,Otro país de la Unión Europea sin España,2008,2735,EM
Total,Ambos sexos,Europa menos UE27_2020,2020,44290,EM
Total,Ambos sexos,Europa menos UE27_2020,2019,NA,EM
Total,Ambos sexos,Europa menos UE27_2020,2018,NA,EM
Total,Ambos sexos,Europa menos UE27_2020,2017,NA,EM
Total,Ambos sexos,Europa menos UE27_2020,2016,NA,EM
Total,Ambos sexos,Europa menos UE27_2020,2015,NA,EM
Total,Ambos sexos,Europa menos UE27_2020,2014,NA,EM
Total,Ambos sexos,Europa menos UE27_2020,2013,NA,EM
Total,Ambos sexos,Europa menos UE27_2020,2012,NA,EM
Total,Ambos sexos,Europa menos UE27_2020,2011,NA,EM
Total,Ambos sexos,Europa menos UE27_2020,2010,NA,EM
Total,Ambos sexos,Europa menos UE27_2020,2009,NA,EM
Total,Ambos sexos,Europa menos UE27_2020,2008,NA,EM
Total,Ambos sexos,Reino Unido,2020,30484,EM
Total,Ambos sexos,Reino Unido,2019,33195,EM
Total,Ambos sexos,Reino Unido,2018,40597,EM
Total,Ambos sexos,Reino Unido,2017,49483,EM
Total,Ambos sexos,Reino Unido,2016,37130,EM
Total,Ambos sexos,Reino Unido,2015,34935,EM
Total,Ambos sexos,Reino Unido,2014,33850,EM
Total,Ambos sexos,Reino Unido,2013,29484,EM
Total,Ambos sexos,Reino Unido,2012,19439,EM
Total,Ambos sexos,Reino Unido,2011,17588,EM
Total,Ambos sexos,Reino Unido,2010,18334,EM
Total,Ambos sexos,Reino Unido,2009,15091,EM
Total,Ambos sexos,Reino Unido,2008,13018,EM
Total,Ambos sexos,País de Europa menos UE28,2020,NA,EM
Total,Ambos sexos,País de Europa menos UE28,2019,15735,EM
Total,Ambos sexos,País de Europa menos UE28,2018,15906,EM
Total,Ambos sexos,País de Europa menos UE28,2017,18521,EM
Total,Ambos sexos,País de Europa menos UE28,2016,17402,EM
Total,Ambos sexos,País de Europa menos UE28,2015,15794,EM
Total,Ambos sexos,País de Europa menos UE28,2014,17462,EM
Total,Ambos sexos,País de Europa menos UE28,2013,22846,EM
Total,Ambos sexos,País de Europa menos UE28,2012,17809,EM
Total,Ambos sexos,País de Europa menos UE28,2011,16641,EM
Total,Ambos sexos,País de Europa menos UE28,2010,15827,EM
Total,Ambos sexos,País de Europa menos UE28,2009,15040,EM
Total,Ambos sexos,País de Europa menos UE28,2008,13892,EM
Total,Ambos sexos,Noruega,2020,1628,EM
Total,Ambos sexos,Noruega,2019,2204,EM
Total,Ambos sexos,Noruega,2018,1809,EM
Total,Ambos sexos,Noruega,2017,2654,EM
Total,Ambos sexos,Noruega,2016,2408,EM
Total,Ambos sexos,Noruega,2015,1700,EM
Total,Ambos sexos,Noruega,2014,2222,EM
Total,Ambos sexos,Noruega,2013,1636,EM
Total,Ambos sexos,Noruega,2012,1193,EM
Total,Ambos sexos,Noruega,2011,862,EM
Total,Ambos sexos,Noruega,2010,836,EM
Total,Ambos sexos,Noruega,2009,669,EM
Total,Ambos sexos,Noruega,2008,739,EM
Total,Ambos sexos,Suiza,2020,3968,EM
Total,Ambos sexos,Suiza,2019,3937,EM
Total,Ambos sexos,Suiza,2018,4283,EM
Total,Ambos sexos,Suiza,2017,4917,EM
Total,Ambos sexos,Suiza,2016,6401,EM
Total,Ambos sexos,Suiza,2015,6574,EM
Total,Ambos sexos,Suiza,2014,6140,EM
Total,Ambos sexos,Suiza,2013,6760,EM
Total,Ambos sexos,Suiza,2012,5216,EM
Total,Ambos sexos,Suiza,2011,5173,EM
Total,Ambos sexos,Suiza,2010,4279,EM
Total,Ambos sexos,Suiza,2009,3340,EM
Total,Ambos sexos,Suiza,2008,2957,EM
Total,Ambos sexos,Ucrania,2020,2406,EM
Total,Ambos sexos,Ucrania,2019,2990,EM
Total,Ambos sexos,Ucrania,2018,2968,EM
Total,Ambos sexos,Ucrania,2017,3314,EM
Total,Ambos sexos,Ucrania,2016,2347,EM
Total,Ambos sexos,Ucrania,2015,1876,EM
Total,Ambos sexos,Ucrania,2014,2681,EM
Total,Ambos sexos,Ucrania,2013,5141,EM
Total,Ambos sexos,Ucrania,2012,4219,EM
Total,Ambos sexos,Ucrania,2011,3899,EM
Total,Ambos sexos,Ucrania,2010,3995,EM
Total,Ambos sexos,Ucrania,2009,4381,EM
Total,Ambos sexos,Ucrania,2008,3970,EM
Total,Ambos sexos,Moldavia,2020,273,EM
Total,Ambos sexos,Moldavia,2019,337,EM
Total,Ambos sexos,Moldavia,2018,680,EM
Total,Ambos sexos,Moldavia,2017,409,EM
Total,Ambos sexos,Moldavia,2016,534,EM
Total,Ambos sexos,Moldavia,2015,294,EM
Total,Ambos sexos,Moldavia,2014,437,EM
Total,Ambos sexos,Moldavia,2013,823,EM
Total,Ambos sexos,Moldavia,2012,857,EM
Total,Ambos sexos,Moldavia,2011,694,EM
Total,Ambos sexos,Moldavia,2010,784,EM
Total,Ambos sexos,Moldavia,2009,865,EM
Total,Ambos sexos,Moldavia,2008,693,EM
Total,Ambos sexos,Rusia,2020,3511,EM
Total,Ambos sexos,Rusia,2019,4076,EM
Total,Ambos sexos,Rusia,2018,4101,EM
Total,Ambos sexos,Rusia,2017,5118,EM
Total,Ambos sexos,Rusia,2016,3506,EM
Total,Ambos sexos,Rusia,2015,3115,EM
Total,Ambos sexos,Rusia,2014,3492,EM
Total,Ambos sexos,Rusia,2013,4963,EM
Total,Ambos sexos,Rusia,2012,3428,EM
Total,Ambos sexos,Rusia,2011,2853,EM
Total,Ambos sexos,Rusia,2010,2994,EM
Total,Ambos sexos,Rusia,2009,2984,EM
Total,Ambos sexos,Rusia,2008,2986,EM
Total,Ambos sexos,Otro país del resto de Europa,2020,2020,EM
Total,Ambos sexos,Otro país del resto de Europa,2019,2191,EM
Total,Ambos sexos,Otro país del resto de Europa,2018,2065,EM
Total,Ambos sexos,Otro país del resto de Europa,2017,2109,EM
Total,Ambos sexos,Otro país del resto de Europa,2016,2206,EM
Total,Ambos sexos,Otro país del resto de Europa,2015,2236,EM
Total,Ambos sexos,Otro país del resto de Europa,2014,2490,EM
Total,Ambos sexos,Otro país del resto de Europa,2013,3522,EM
Total,Ambos sexos,Otro país del resto de Europa,2012,2896,EM
Total,Ambos sexos,Otro país del resto de Europa,2011,3160,EM
Total,Ambos sexos,Otro país del resto de Europa,2010,2939,EM
Total,Ambos sexos,Otro país del resto de Europa,2009,2801,EM
Total,Ambos sexos,Otro país del resto de Europa,2008,2547,EM
Total,Ambos sexos,África,2020,23883,EM
Total,Ambos sexos,África,2019,25344,EM
Total,Ambos sexos,África,2018,29340,EM
Total,Ambos sexos,África,2017,33576,EM
Total,Ambos sexos,África,2016,28507,EM
Total,Ambos sexos,África,2015,29270,EM
Total,Ambos sexos,África,2014,38848,EM
Total,Ambos sexos,África,2013,61455,EM
Total,Ambos sexos,África,2012,57807,EM
Total,Ambos sexos,África,2011,57146,EM
Total,Ambos sexos,África,2010,51138,EM
Total,Ambos sexos,África,2009,44599,EM
Total,Ambos sexos,África,2008,36421,EM
Total,Ambos sexos,Argelia,2020,3176,EM
Total,Ambos sexos,Argelia,2019,2830,EM
Total,Ambos sexos,Argelia,2018,3161,EM
Total,Ambos sexos,Argelia,2017,4044,EM
Total,Ambos sexos,Argelia,2016,3553,EM
Total,Ambos sexos,Argelia,2015,3252,EM
Total,Ambos sexos,Argelia,2014,4556,EM
Total,Ambos sexos,Argelia,2013,5247,EM
Total,Ambos sexos,Argelia,2012,4920,EM
Total,Ambos sexos,Argelia,2011,5108,EM
Total,Ambos sexos,Argelia,2010,4207,EM
Total,Ambos sexos,Argelia,2009,3676,EM
Total,Ambos sexos,Argelia,2008,2859,EM
Total,Ambos sexos,Gambia,2020,288,EM
Total,Ambos sexos,Gambia,2019,295,EM
Total,Ambos sexos,Gambia,2018,574,EM
Total,Ambos sexos,Gambia,2017,751,EM
Total,Ambos sexos,Gambia,2016,331,EM
Total,Ambos sexos,Gambia,2015,388,EM
Total,Ambos sexos,Gambia,2014,655,EM
Total,Ambos sexos,Gambia,2013,1130,EM
Total,Ambos sexos,Gambia,2012,1151,EM
Total,Ambos sexos,Gambia,2011,1237,EM
Total,Ambos sexos,Gambia,2010,996,EM
Total,Ambos sexos,Gambia,2009,703,EM
Total,Ambos sexos,Gambia,2008,556,EM
Total,Ambos sexos,Ghana,2020,150,EM
Total,Ambos sexos,Ghana,2019,128,EM
Total,Ambos sexos,Ghana,2018,230,EM
Total,Ambos sexos,Ghana,2017,347,EM
Total,Ambos sexos,Ghana,2016,287,EM
Total,Ambos sexos,Ghana,2015,335,EM
Total,Ambos sexos,Ghana,2014,420,EM
Total,Ambos sexos,Ghana,2013,1043,EM
Total,Ambos sexos,Ghana,2012,1174,EM
Total,Ambos sexos,Ghana,2011,764,EM
Total,Ambos sexos,Ghana,2010,815,EM
Total,Ambos sexos,Ghana,2009,739,EM
Total,Ambos sexos,Ghana,2008,438,EM
Total,Ambos sexos,Guinea,2020,64,EM
Total,Ambos sexos,Guinea,2019,174,EM
Total,Ambos sexos,Guinea,2018,182,EM
Total,Ambos sexos,Guinea,2017,168,EM
Total,Ambos sexos,Guinea,2016,189,EM
Total,Ambos sexos,Guinea,2015,252,EM
Total,Ambos sexos,Guinea,2014,193,EM
Total,Ambos sexos,Guinea,2013,712,EM
Total,Ambos sexos,Guinea,2012,373,EM
Total,Ambos sexos,Guinea,2011,384,EM
Total,Ambos sexos,Guinea,2010,407,EM
Total,Ambos sexos,Guinea,2009,416,EM
Total,Ambos sexos,Guinea,2008,345,EM
Total,Ambos sexos,Guinea Ecuatorial,2020,771,EM
Total,Ambos sexos,Guinea Ecuatorial,2019,922,EM
Total,Ambos sexos,Guinea Ecuatorial,2018,1412,EM
Total,Ambos sexos,Guinea Ecuatorial,2017,1336,EM
Total,Ambos sexos,Guinea Ecuatorial,2016,989,EM
Total,Ambos sexos,Guinea Ecuatorial,2015,709,EM
Total,Ambos sexos,Guinea Ecuatorial,2014,1194,EM
Total,Ambos sexos,Guinea Ecuatorial,2013,2008,EM
Total,Ambos sexos,Guinea Ecuatorial,2012,1729,EM
Total,Ambos sexos,Guinea Ecuatorial,2011,1881,EM
Total,Ambos sexos,Guinea Ecuatorial,2010,1857,EM
Total,Ambos sexos,Guinea Ecuatorial,2009,1934,EM
Total,Ambos sexos,Guinea Ecuatorial,2008,1466,EM
Total,Ambos sexos,Mali,2020,423,EM
Total,Ambos sexos,Mali,2019,468,EM
Total,Ambos sexos,Mali,2018,545,EM
Total,Ambos sexos,Mali,2017,729,EM
Total,Ambos sexos,Mali,2016,606,EM
Total,Ambos sexos,Mali,2015,569,EM
Total,Ambos sexos,Mali,2014,1119,EM
Total,Ambos sexos,Mali,2013,1899,EM
Total,Ambos sexos,Mali,2012,1647,EM
Total,Ambos sexos,Mali,2011,2108,EM
Total,Ambos sexos,Mali,2010,1464,EM
Total,Ambos sexos,Mali,2009,932,EM
Total,Ambos sexos,Mali,2008,909,EM
Total,Ambos sexos,Marruecos,2020,15933,EM
Total,Ambos sexos,Marruecos,2019,17209,EM
Total,Ambos sexos,Marruecos,2018,19141,EM
Total,Ambos sexos,Marruecos,2017,22008,EM
Total,Ambos sexos,Marruecos,2016,18341,EM
Total,Ambos sexos,Marruecos,2015,18276,EM
Total,Ambos sexos,Marruecos,2014,24359,EM
Total,Ambos sexos,Marruecos,2013,39864,EM
Total,Ambos sexos,Marruecos,2012,37585,EM
Total,Ambos sexos,Marruecos,2011,36997,EM
Total,Ambos sexos,Marruecos,2010,33349,EM
Total,Ambos sexos,Marruecos,2009,29480,EM
Total,Ambos sexos,Marruecos,2008,24582,EM
Total,Ambos sexos,Mauritania,2020,201,EM
Total,Ambos sexos,Mauritania,2019,157,EM
Total,Ambos sexos,Mauritania,2018,219,EM
Total,Ambos sexos,Mauritania,2017,400,EM
Total,Ambos sexos,Mauritania,2016,238,EM
Total,Ambos sexos,Mauritania,2015,364,EM
Total,Ambos sexos,Mauritania,2014,343,EM
Total,Ambos sexos,Mauritania,2013,512,EM
Total,Ambos sexos,Mauritania,2012,591,EM
Total,Ambos sexos,Mauritania,2011,546,EM
Total,Ambos sexos,Mauritania,2010,503,EM
Total,Ambos sexos,Mauritania,2009,332,EM
Total,Ambos sexos,Mauritania,2008,277,EM
Total,Ambos sexos,Nigeria,2020,401,EM
Total,Ambos sexos,Nigeria,2019,608,EM
Total,Ambos sexos,Nigeria,2018,827,EM
Total,Ambos sexos,Nigeria,2017,1091,EM
Total,Ambos sexos,Nigeria,2016,796,EM
Total,Ambos sexos,Nigeria,2015,1411,EM
Total,Ambos sexos,Nigeria,2014,1668,EM
Total,Ambos sexos,Nigeria,2013,2711,EM
Total,Ambos sexos,Nigeria,2012,2480,EM
Total,Ambos sexos,Nigeria,2011,2626,EM
Total,Ambos sexos,Nigeria,2010,2703,EM
Total,Ambos sexos,Nigeria,2009,2623,EM
Total,Ambos sexos,Nigeria,2008,2060,EM
Total,Ambos sexos,Senegal,2020,1567,EM
Total,Ambos sexos,Senegal,2019,1607,EM
Total,Ambos sexos,Senegal,2018,1857,EM
Total,Ambos sexos,Senegal,2017,1702,EM
Total,Ambos sexos,Senegal,2016,1879,EM
Total,Ambos sexos,Senegal,2015,2248,EM
Total,Ambos sexos,Senegal,2014,3033,EM
Total,Ambos sexos,Senegal,2013,4829,EM
Total,Ambos sexos,Senegal,2012,4061,EM
Total,Ambos sexos,Senegal,2011,3620,EM
Total,Ambos sexos,Senegal,2010,3320,EM
Total,Ambos sexos,Senegal,2009,2299,EM
Total,Ambos sexos,Senegal,2008,1601,EM
Total,Ambos sexos,Otro país de África,2020,909,EM
Total,Ambos sexos,Otro país de África,2019,946,EM
Total,Ambos sexos,Otro país de África,2018,1192,EM
Total,Ambos sexos,Otro país de África,2017,1000,EM
Total,Ambos sexos,Otro país de África,2016,1297,EM
Total,Ambos sexos,Otro país de África,2015,1467,EM
Total,Ambos sexos,Otro país de África,2014,1307,EM
Total,Ambos sexos,Otro país de África,2013,1499,EM
Total,Ambos sexos,Otro país de África,2012,2097,EM
Total,Ambos sexos,Otro país de África,2011,1876,EM
Total,Ambos sexos,Otro país de África,2010,1517,EM
Total,Ambos sexos,Otro país de África,2009,1465,EM
Total,Ambos sexos,Otro país de África,2008,1330,EM
Total,Ambos sexos,América del Norte,2020,13443,EM
Total,Ambos sexos,América del Norte,2019,15452,EM
Total,Ambos sexos,América del Norte,2018,16238,EM
Total,Ambos sexos,América del Norte,2017,18904,EM
Total,Ambos sexos,América del Norte,2016,20754,EM
Total,Ambos sexos,América del Norte,2015,19363,EM
Total,Ambos sexos,América del Norte,2014,16414,EM
Total,Ambos sexos,América del Norte,2013,18579,EM
Total,Ambos sexos,América del Norte,2012,12971,EM
Total,Ambos sexos,América del Norte,2011,13284,EM
Total,Ambos sexos,América del Norte,2010,11208,EM
Total,Ambos sexos,América del Norte,2009,11461,EM
Total,Ambos sexos,América del Norte,2008,11195,EM
Total,Ambos sexos,Estados Unidos de América,2020,10031,EM
Total,Ambos sexos,Estados Unidos de América,2019,10727,EM
Total,Ambos sexos,Estados Unidos de América,2018,11442,EM
Total,Ambos sexos,Estados Unidos de América,2017,13427,EM
Total,Ambos sexos,Estados Unidos de América,2016,14655,EM
Total,Ambos sexos,Estados Unidos de América,2015,13617,EM
Total,Ambos sexos,Estados Unidos de América,2014,12106,EM
Total,Ambos sexos,Estados Unidos de América,2013,12042,EM
Total,Ambos sexos,Estados Unidos de América,2012,7880,EM
Total,Ambos sexos,Estados Unidos de América,2011,8796,EM
Total,Ambos sexos,Estados Unidos de América,2010,7148,EM
Total,Ambos sexos,Estados Unidos de América,2009,7130,EM
Total,Ambos sexos,Estados Unidos de América,2008,7560,EM
Total,Ambos sexos,México,2020,2753,EM
Total,Ambos sexos,México,2019,3808,EM
Total,Ambos sexos,México,2018,3958,EM
Total,Ambos sexos,México,2017,4591,EM
Total,Ambos sexos,México,2016,4708,EM
Total,Ambos sexos,México,2015,4746,EM
Total,Ambos sexos,México,2014,3314,EM
Total,Ambos sexos,México,2013,5068,EM
Total,Ambos sexos,México,2012,3746,EM
Total,Ambos sexos,México,2011,3615,EM
Total,Ambos sexos,México,2010,3433,EM
Total,Ambos sexos,México,2009,3421,EM
Total,Ambos sexos,México,2008,3172,EM
Total,Ambos sexos,Canadá,2020,659,EM
Total,Ambos sexos,Canadá,2019,917,EM
Total,Ambos sexos,Canadá,2018,838,EM
Total,Ambos sexos,Canadá,2017,886,EM
Total,Ambos sexos,Canadá,2016,1391,EM
Total,Ambos sexos,Canadá,2015,1000,EM
Total,Ambos sexos,Canadá,2014,994,EM
Total,Ambos sexos,Canadá,2013,1469,EM
Total,Ambos sexos,Canadá,2012,1345,EM
Total,Ambos sexos,Canadá,2011,873,EM
Total,Ambos sexos,Canadá,2010,626,EM
Total,Ambos sexos,Canadá,2009,911,EM
Total,Ambos sexos,Canadá,2008,464,EM
Total,Ambos sexos,Centro América y Caribe,2020,9339,EM
Total,Ambos sexos,Centro América y Caribe,2019,11164,EM
Total,Ambos sexos,Centro América y Caribe,2018,10111,EM
Total,Ambos sexos,Centro América y Caribe,2017,10758,EM
Total,Ambos sexos,Centro América y Caribe,2016,10057,EM
Total,Ambos sexos,Centro América y Caribe,2015,10408,EM
Total,Ambos sexos,Centro América y Caribe,2014,12071,EM
Total,Ambos sexos,Centro América y Caribe,2013,17904,EM
Total,Ambos sexos,Centro América y Caribe,2012,13167,EM
Total,Ambos sexos,Centro América y Caribe,2011,11550,EM
Total,Ambos sexos,Centro América y Caribe,2010,10289,EM
Total,Ambos sexos,Centro América y Caribe,2009,9466,EM
Total,Ambos sexos,Centro América y Caribe,2008,7403,EM
Total,Ambos sexos,Cuba,2020,1552,EM
Total,Ambos sexos,Cuba,2019,2159,EM
Total,Ambos sexos,Cuba,2018,2185,EM
Total,Ambos sexos,Cuba,2017,1972,EM
Total,Ambos sexos,Cuba,2016,1555,EM
Total,Ambos sexos,Cuba,2015,1617,EM
Total,Ambos sexos,Cuba,2014,1879,EM
Total,Ambos sexos,Cuba,2013,2272,EM
Total,Ambos sexos,Cuba,2012,2034,EM
Total,Ambos sexos,Cuba,2011,1975,EM
Total,Ambos sexos,Cuba,2010,2355,EM
Total,Ambos sexos,Cuba,2009,2140,EM
Total,Ambos sexos,Cuba,2008,1460,EM
Total,Ambos sexos,Honduras,2020,2405,EM
Total,Ambos sexos,Honduras,2019,2647,EM
Total,Ambos sexos,Honduras,2018,1760,EM
Total,Ambos sexos,Honduras,2017,1538,EM
Total,Ambos sexos,Honduras,2016,1617,EM
Total,Ambos sexos,Honduras,2015,1519,EM
Total,Ambos sexos,Honduras,2014,2215,EM
Total,Ambos sexos,Honduras,2013,3637,EM
Total,Ambos sexos,Honduras,2012,2392,EM
Total,Ambos sexos,Honduras,2011,1853,EM
Total,Ambos sexos,Honduras,2010,1656,EM
Total,Ambos sexos,Honduras,2009,1525,EM
Total,Ambos sexos,Honduras,2008,1326,EM
Total,Ambos sexos,Nicaragua,2020,1132,EM
Total,Ambos sexos,Nicaragua,2019,1007,EM
Total,Ambos sexos,Nicaragua,2018,745,EM
Total,Ambos sexos,Nicaragua,2017,1274,EM
Total,Ambos sexos,Nicaragua,2016,1043,EM
Total,Ambos sexos,Nicaragua,2015,1062,EM
Total,Ambos sexos,Nicaragua,2014,1310,EM
Total,Ambos sexos,Nicaragua,2013,2188,EM
Total,Ambos sexos,Nicaragua,2012,1332,EM
Total,Ambos sexos,Nicaragua,2011,967,EM
Total,Ambos sexos,Nicaragua,2010,732,EM
Total,Ambos sexos,Nicaragua,2009,689,EM
Total,Ambos sexos,Nicaragua,2008,516,EM
Total,Ambos sexos,República Dominicana,2020,2904,EM
Total,Ambos sexos,República Dominicana,2019,3540,EM
Total,Ambos sexos,República Dominicana,2018,3882,EM
Total,Ambos sexos,República Dominicana,2017,4458,EM
Total,Ambos sexos,República Dominicana,2016,4511,EM
Total,Ambos sexos,República Dominicana,2015,4576,EM
Total,Ambos sexos,República Dominicana,2014,4710,EM
Total,Ambos sexos,República Dominicana,2013,6999,EM
Total,Ambos sexos,República Dominicana,2012,5487,EM
Total,Ambos sexos,República Dominicana,2011,4953,EM
Total,Ambos sexos,República Dominicana,2010,4076,EM
Total,Ambos sexos,República Dominicana,2009,3719,EM
Total,Ambos sexos,República Dominicana,2008,2717,EM
Total,Ambos sexos,Otros países de Centro América y Caribe,2020,1346,EM
Total,Ambos sexos,Otros países de Centro América y Caribe,2019,1811,EM
Total,Ambos sexos,Otros países de Centro América y Caribe,2018,1539,EM
Total,Ambos sexos,Otros países de Centro América y Caribe,2017,1516,EM
Total,Ambos sexos,Otros países de Centro América y Caribe,2016,1331,EM
Total,Ambos sexos,Otros países de Centro América y Caribe,2015,1635,EM
Total,Ambos sexos,Otros países de Centro América y Caribe,2014,1956,EM
Total,Ambos sexos,Otros países de Centro América y Caribe,2013,2809,EM
Total,Ambos sexos,Otros países de Centro América y Caribe,2012,1922,EM
Total,Ambos sexos,Otros países de Centro América y Caribe,2011,1803,EM
Total,Ambos sexos,Otros países de Centro América y Caribe,2010,1470,EM
Total,Ambos sexos,Otros países de Centro América y Caribe,2009,1393,EM
Total,Ambos sexos,Otros países de Centro América y Caribe,2008,1383,EM
Total,Ambos sexos,Sudamérica,2020,40470,EM
Total,Ambos sexos,Sudamérica,2019,52248,EM
Total,Ambos sexos,Sudamérica,2018,53282,EM
Total,Ambos sexos,Sudamérica,2017,62089,EM
Total,Ambos sexos,Sudamérica,2016,54471,EM
Total,Ambos sexos,Sudamérica,2015,68071,EM
Total,Ambos sexos,Sudamérica,2014,96140,EM
Total,Ambos sexos,Sudamérica,2013,158829,EM
Total,Ambos sexos,Sudamérica,2012,137397,EM
Total,Ambos sexos,Sudamérica,2011,129731,EM
Total,Ambos sexos,Sudamérica,2010,126476,EM
Total,Ambos sexos,Sudamérica,2009,122088,EM
Total,Ambos sexos,Sudamérica,2008,90882,EM
Total,Ambos sexos,Argentina,2020,4907,EM
Total,Ambos sexos,Argentina,2019,6843,EM
Total,Ambos sexos,Argentina,2018,6268,EM
Total,Ambos sexos,Argentina,2017,8030,EM
Total,Ambos sexos,Argentina,2016,6379,EM
Total,Ambos sexos,Argentina,2015,7368,EM
Total,Ambos sexos,Argentina,2014,9482,EM
Total,Ambos sexos,Argentina,2013,14569,EM
Total,Ambos sexos,Argentina,2012,13127,EM
Total,Ambos sexos,Argentina,2011,14689,EM
Total,Ambos sexos,Argentina,2010,15642,EM
Total,Ambos sexos,Argentina,2009,16813,EM
Total,Ambos sexos,Argentina,2008,13355,EM
Total,Ambos sexos,Bolivia,2020,2445,EM
Total,Ambos sexos,Bolivia,2019,3536,EM
Total,Ambos sexos,Bolivia,2018,4363,EM
Total,Ambos sexos,Bolivia,2017,5789,EM
Total,Ambos sexos,Bolivia,2016,5937,EM
Total,Ambos sexos,Bolivia,2015,7985,EM
Total,Ambos sexos,Bolivia,2014,12670,EM
Total,Ambos sexos,Bolivia,2013,23335,EM
Total,Ambos sexos,Bolivia,2012,20461,EM
Total,Ambos sexos,Bolivia,2011,19615,EM
Total,Ambos sexos,Bolivia,2010,21001,EM
Total,Ambos sexos,Bolivia,2009,22596,EM
Total,Ambos sexos,Bolivia,2008,20509,EM
Total,Ambos sexos,Brasil,2020,4414,EM
Total,Ambos sexos,Brasil,2019,5847,EM
Total,Ambos sexos,Brasil,2018,6014,EM
Total,Ambos sexos,Brasil,2017,6485,EM
Total,Ambos sexos,Brasil,2016,4987,EM
Total,Ambos sexos,Brasil,2015,6474,EM
Total,Ambos sexos,Brasil,2014,9100,EM
Total,Ambos sexos,Brasil,2013,16981,EM
Total,Ambos sexos,Brasil,2012,15458,EM
Total,Ambos sexos,Brasil,2011,16453,EM
Total,Ambos sexos,Brasil,2010,17320,EM
Total,Ambos sexos,Brasil,2009,18309,EM
Total,Ambos sexos,Brasil,2008,13801,EM
Total,Ambos sexos,Colombia,2020,9582,EM
Total,Ambos sexos,Colombia,2019,11084,EM
Total,Ambos sexos,Colombia,2018,10354,EM
Total,Ambos sexos,Colombia,2017,10984,EM
Total,Ambos sexos,Colombia,2016,9235,EM
Total,Ambos sexos,Colombia,2015,10433,EM
Total,Ambos sexos,Colombia,2014,14885,EM
Total,Ambos sexos,Colombia,2013,21995,EM
Total,Ambos sexos,Colombia,2012,18563,EM
Total,Ambos sexos,Colombia,2011,16571,EM
Total,Ambos sexos,Colombia,2010,15463,EM
Total,Ambos sexos,Colombia,2009,14346,EM
Total,Ambos sexos,Colombia,2008,9923,EM
Total,Ambos sexos,Chile,2020,1579,EM
Total,Ambos sexos,Chile,2019,2624,EM
Total,Ambos sexos,Chile,2018,2632,EM
Total,Ambos sexos,Chile,2017,3087,EM
Total,Ambos sexos,Chile,2016,3022,EM
Total,Ambos sexos,Chile,2015,4040,EM
Total,Ambos sexos,Chile,2014,5010,EM
Total,Ambos sexos,Chile,2013,7610,EM
Total,Ambos sexos,Chile,2012,5966,EM
Total,Ambos sexos,Chile,2011,5629,EM
Total,Ambos sexos,Chile,2010,5396,EM
Total,Ambos sexos,Chile,2009,4781,EM
Total,Ambos sexos,Chile,2008,3626,EM
Total,Ambos sexos,Ecuador,2020,5923,EM
Total,Ambos sexos,Ecuador,2019,8323,EM
Total,Ambos sexos,Ecuador,2018,10800,EM
Total,Ambos sexos,Ecuador,2017,13328,EM
Total,Ambos sexos,Ecuador,2016,11561,EM
Total,Ambos sexos,Ecuador,2015,15284,EM
Total,Ambos sexos,Ecuador,2014,21547,EM
Total,Ambos sexos,Ecuador,2013,34102,EM
Total,Ambos sexos,Ecuador,2012,29506,EM
Total,Ambos sexos,Ecuador,2011,26390,EM
Total,Ambos sexos,Ecuador,2010,24273,EM
Total,Ambos sexos,Ecuador,2009,20149,EM
Total,Ambos sexos,Ecuador,2008,12351,EM
Total,Ambos sexos,Paraguay,2020,2494,EM
Total,Ambos sexos,Paraguay,2019,3294,EM
Total,Ambos sexos,Paraguay,2018,3225,EM
Total,Ambos sexos,Paraguay,2017,3476,EM
Total,Ambos sexos,Paraguay,2016,3624,EM
Total,Ambos sexos,Paraguay,2015,4544,EM
Total,Ambos sexos,Paraguay,2014,7331,EM
Total,Ambos sexos,Paraguay,2013,14691,EM
Total,Ambos sexos,Paraguay,2012,12490,EM
Total,Ambos sexos,Paraguay,2011,10338,EM
Total,Ambos sexos,Paraguay,2010,8294,EM
Total,Ambos sexos,Paraguay,2009,7224,EM
Total,Ambos sexos,Paraguay,2008,4849,EM
Total,Ambos sexos,Perú,2020,3945,EM
Total,Ambos sexos,Perú,2019,5207,EM
Total,Ambos sexos,Perú,2018,4504,EM
Total,Ambos sexos,Perú,2017,4961,EM
Total,Ambos sexos,Perú,2016,4270,EM
Total,Ambos sexos,Perú,2015,5470,EM
Total,Ambos sexos,Perú,2014,7913,EM
Total,Ambos sexos,Perú,2013,12880,EM
Total,Ambos sexos,Perú,2012,11329,EM
Total,Ambos sexos,Perú,2011,10100,EM
Total,Ambos sexos,Perú,2010,8775,EM
Total,Ambos sexos,Perú,2009,7043,EM
Total,Ambos sexos,Perú,2008,4363,EM
Total,Ambos sexos,Uruguay,2020,1111,EM
Total,Ambos sexos,Uruguay,2019,1327,EM
Total,Ambos sexos,Uruguay,2018,1326,EM
Total,Ambos sexos,Uruguay,2017,1541,EM
Total,Ambos sexos,Uruguay,2016,1646,EM
Total,Ambos sexos,Uruguay,2015,2180,EM
Total,Ambos sexos,Uruguay,2014,2915,EM
Total,Ambos sexos,Uruguay,2013,4240,EM
Total,Ambos sexos,Uruguay,2012,3709,EM
Total,Ambos sexos,Uruguay,2011,3855,EM
Total,Ambos sexos,Uruguay,2010,4478,EM
Total,Ambos sexos,Uruguay,2009,4999,EM
Total,Ambos sexos,Uruguay,2008,3261,EM
Total,Ambos sexos,Venezuela,2020,4069,EM
Total,Ambos sexos,Venezuela,2019,4161,EM
Total,Ambos sexos,Venezuela,2018,3795,EM
Total,Ambos sexos,Venezuela,2017,4408,EM
Total,Ambos sexos,Venezuela,2016,3796,EM
Total,Ambos sexos,Venezuela,2015,4292,EM
Total,Ambos sexos,Venezuela,2014,5285,EM
Total,Ambos sexos,Venezuela,2013,8353,EM
Total,Ambos sexos,Venezuela,2012,6788,EM
Total,Ambos sexos,Venezuela,2011,6089,EM
Total,Ambos sexos,Venezuela,2010,5825,EM
Total,Ambos sexos,Venezuela,2009,5827,EM
Total,Ambos sexos,Venezuela,2008,4844,EM
Total,Ambos sexos,Otro país de Sudamérica,2020,1,EM
Total,Ambos sexos,Otro país de Sudamérica,2019,2,EM
Total,Ambos sexos,Otro país de Sudamérica,2018,1,EM
Total,Ambos sexos,Otro país de Sudamérica,2017,0,EM
Total,Ambos sexos,Otro país de Sudamérica,2016,14,EM
Total,Ambos sexos,Otro país de Sudamérica,2015,2,EM
Total,Ambos sexos,Otro país de Sudamérica,2014,2,EM
Total,Ambos sexos,Otro país de Sudamérica,2013,73,EM
Total,Ambos sexos,Otro país de Sudamérica,2012,NA,EM
Total,Ambos sexos,Otro país de Sudamérica,2011,1,EM
Total,Ambos sexos,Otro país de Sudamérica,2010,9,EM
Total,Ambos sexos,Otro país de Sudamérica,2009,1,EM
Total,Ambos sexos,Otro país de Sudamérica,2008,NA,EM
Total,Ambos sexos,Asia,2020,13490,EM
Total,Ambos sexos,Asia,2019,19360,EM
Total,Ambos sexos,Asia,2018,16105,EM
Total,Ambos sexos,Asia,2017,19303,EM
Total,Ambos sexos,Asia,2016,18635,EM
Total,Ambos sexos,Asia,2015,20270,EM
Total,Ambos sexos,Asia,2014,25409,EM
Total,Ambos sexos,Asia,2013,36118,EM
Total,Ambos sexos,Asia,2012,31293,EM
Total,Ambos sexos,Asia,2011,32120,EM
Total,Ambos sexos,Asia,2010,24183,EM
Total,Ambos sexos,Asia,2009,20322,EM
Total,Ambos sexos,Asia,2008,15492,EM
Total,Ambos sexos,Bangladesh,2020,143,EM
Total,Ambos sexos,Bangladesh,2019,729,EM
Total,Ambos sexos,Bangladesh,2018,170,EM
Total,Ambos sexos,Bangladesh,2017,487,EM
Total,Ambos sexos,Bangladesh,2016,429,EM
Total,Ambos sexos,Bangladesh,2015,475,EM
Total,Ambos sexos,Bangladesh,2014,1047,EM
Total,Ambos sexos,Bangladesh,2013,1739,EM
Total,Ambos sexos,Bangladesh,2012,482,EM
Total,Ambos sexos,Bangladesh,2011,1332,EM
Total,Ambos sexos,Bangladesh,2010,702,EM
Total,Ambos sexos,Bangladesh,2009,702,EM
Total,Ambos sexos,Bangladesh,2008,382,EM
Total,Ambos sexos,China,2020,5753,EM
Total,Ambos sexos,China,2019,7558,EM
Total,Ambos sexos,China,2018,6820,EM
Total,Ambos sexos,China,2017,7494,EM
Total,Ambos sexos,China,2016,7314,EM
Total,Ambos sexos,China,2015,7620,EM
Total,Ambos sexos,China,2014,9906,EM
Total,Ambos sexos,China,2013,14675,EM
Total,Ambos sexos,China,2012,13193,EM
Total,Ambos sexos,China,2011,12958,EM
Total,Ambos sexos,China,2010,10456,EM
Total,Ambos sexos,China,2009,8835,EM
Total,Ambos sexos,China,2008,6742,EM
Total,Ambos sexos,Filipinas,2020,604,EM
Total,Ambos sexos,Filipinas,2019,879,EM
Total,Ambos sexos,Filipinas,2018,786,EM
Total,Ambos sexos,Filipinas,2017,988,EM
Total,Ambos sexos,Filipinas,2016,794,EM
Total,Ambos sexos,Filipinas,2015,942,EM
Total,Ambos sexos,Filipinas,2014,1052,EM
Total,Ambos sexos,Filipinas,2013,1837,EM
Total,Ambos sexos,Filipinas,2012,1341,EM
Total,Ambos sexos,Filipinas,2011,1386,EM
Total,Ambos sexos,Filipinas,2010,1062,EM
Total,Ambos sexos,Filipinas,2009,782,EM
Total,Ambos sexos,Filipinas,2008,684,EM
Total,Ambos sexos,India,2020,1309,EM
Total,Ambos sexos,India,2019,1825,EM
Total,Ambos sexos,India,2018,1536,EM
Total,Ambos sexos,India,2017,1737,EM
Total,Ambos sexos,India,2016,1510,EM
Total,Ambos sexos,India,2015,1473,EM
Total,Ambos sexos,India,2014,1866,EM
Total,Ambos sexos,India,2013,3295,EM
Total,Ambos sexos,India,2012,3100,EM
Total,Ambos sexos,India,2011,3048,EM
Total,Ambos sexos,India,2010,2603,EM
Total,Ambos sexos,India,2009,1971,EM
Total,Ambos sexos,India,2008,1491,EM
Total,Ambos sexos,Pakistán,2020,1957,EM
Total,Ambos sexos,Pakistán,2019,3685,EM
Total,Ambos sexos,Pakistán,2018,3189,EM
Total,Ambos sexos,Pakistán,2017,4223,EM
Total,Ambos sexos,Pakistán,2016,3671,EM
Total,Ambos sexos,Pakistán,2015,4148,EM
Total,Ambos sexos,Pakistán,2014,6374,EM
Total,Ambos sexos,Pakistán,2013,9182,EM
Total,Ambos sexos,Pakistán,2012,9737,EM
Total,Ambos sexos,Pakistán,2011,9303,EM
Total,Ambos sexos,Pakistán,2010,6288,EM
Total,Ambos sexos,Pakistán,2009,5057,EM
Total,Ambos sexos,Pakistán,2008,3698,EM
Total,Ambos sexos,Otro país de Asia,2020,3724,EM
Total,Ambos sexos,Otro país de Asia,2019,4684,EM
Total,Ambos sexos,Otro país de Asia,2018,3604,EM
Total,Ambos sexos,Otro país de Asia,2017,4374,EM
Total,Ambos sexos,Otro país de Asia,2016,4917,EM
Total,Ambos sexos,Otro país de Asia,2015,5613,EM
Total,Ambos sexos,Otro país de Asia,2014,5164,EM
Total,Ambos sexos,Otro país de Asia,2013,5390,EM
Total,Ambos sexos,Otro país de Asia,2012,3438,EM
Total,Ambos sexos,Otro país de Asia,2011,4093,EM
Total,Ambos sexos,Otro país de Asia,2010,3072,EM
Total,Ambos sexos,Otro país de Asia,2009,2974,EM
Total,Ambos sexos,Otro país de Asia,2008,2495,EM
Total,Ambos sexos,Oceanía,2020,928,EM
Total,Ambos sexos,Oceanía,2019,1272,EM
Total,Ambos sexos,Oceanía,2018,1013,EM
Total,Ambos sexos,Oceanía,2017,1121,EM
Total,Ambos sexos,Oceanía,2016,1573,EM
Total,Ambos sexos,Oceanía,2015,1172,EM
Total,Ambos sexos,Oceanía,2014,1141,EM
Total,Ambos sexos,Oceanía,2013,1210,EM
Total,Ambos sexos,Oceanía,2012,931,EM
Total,Ambos sexos,Oceanía,2011,829,EM
Total,Ambos sexos,Oceanía,2010,852,EM
Total,Ambos sexos,Oceanía,2009,724,EM
Total,Ambos sexos,Oceanía,2008,699,EM
Española,Ambos sexos,Total,2020,65429,EM
Española,Ambos sexos,Total,2019,76092,EM
Española,Ambos sexos,Total,2018,79260,EM
Española,Ambos sexos,Total,2017,86827,EM
Española,Ambos sexos,Total,2016,89825,EM
Española,Ambos sexos,Total,2015,94645,EM
Española,Ambos sexos,Total,2014,80441,EM
Española,Ambos sexos,Total,2013,73329,EM
Española,Ambos sexos,Total,2012,57267,EM
Española,Ambos sexos,Total,2011,55472,EM
Española,Ambos sexos,Total,2010,40157,EM
Española,Ambos sexos,Total,2009,35990,EM
Española,Ambos sexos,Total,2008,33505,EM
Española,Ambos sexos,UE27_2020 sin España,2020,22022,EM
Española,Ambos sexos,UE27_2020 sin España,2019,NA,EM
Española,Ambos sexos,UE27_2020 sin España,2018,NA,EM
Española,Ambos sexos,UE27_2020 sin España,2017,NA,EM
Española,Ambos sexos,UE27_2020 sin España,2016,NA,EM
Española,Ambos sexos,UE27_2020 sin España,2015,NA,EM
Española,Ambos sexos,UE27_2020 sin España,2014,NA,EM
Española,Ambos sexos,UE27_2020 sin España,2013,NA,EM
Española,Ambos sexos,UE27_2020 sin España,2012,NA,EM
Española,Ambos sexos,UE27_2020 sin España,2011,NA,EM
Española,Ambos sexos,UE27_2020 sin España,2010,NA,EM
Española,Ambos sexos,UE27_2020 sin España,2009,NA,EM
Española,Ambos sexos,UE27_2020 sin España,2008,NA,EM
Española,Ambos sexos,UE28 sin España,2020,NA,EM
Española,Ambos sexos,UE28 sin España,2019,42214,EM
Española,Ambos sexos,UE28 sin España,2018,41023,EM
Española,Ambos sexos,UE28 sin España,2017,43973,EM
Española,Ambos sexos,UE28 sin España,2016,41138,EM
Española,Ambos sexos,UE28 sin España,2015,40316,EM
Española,Ambos sexos,UE28 sin España,2014,34612,EM
Española,Ambos sexos,UE28 sin España,2013,29291,EM
Española,Ambos sexos,UE28 sin España,2012,23491,EM
Española,Ambos sexos,UE28 sin España,2011,23827,EM
Española,Ambos sexos,UE28 sin España,2010,16969,EM
Española,Ambos sexos,UE28 sin España,2009,14902,EM
Española,Ambos sexos,UE28 sin España,2008,14929,EM
Española,Ambos sexos,Bélgica,2020,1931,EM
Española,Ambos sexos,Bélgica,2019,1850,EM
Española,Ambos sexos,Bélgica,2018,1975,EM
Española,Ambos sexos,Bélgica,2017,1988,EM
Española,Ambos sexos,Bélgica,2016,2199,EM
Española,Ambos sexos,Bélgica,2015,2820,EM
Española,Ambos sexos,Bélgica,2014,2588,EM
Española,Ambos sexos,Bélgica,2013,2501,EM
Española,Ambos sexos,Bélgica,2012,2417,EM
Española,Ambos sexos,Bélgica,2011,2273,EM
Española,Ambos sexos,Bélgica,2010,1656,EM
Española,Ambos sexos,Bélgica,2009,1472,EM
Española,Ambos sexos,Bélgica,2008,1131,EM
Española,Ambos sexos,Bulgaria,2020,54,EM
Española,Ambos sexos,Bulgaria,2019,46,EM
Española,Ambos sexos,Bulgaria,2018,40,EM
Española,Ambos sexos,Bulgaria,2017,22,EM
Española,Ambos sexos,Bulgaria,2016,40,EM
Española,Ambos sexos,Bulgaria,2015,50,EM
Española,Ambos sexos,Bulgaria,2014,27,EM
Española,Ambos sexos,Bulgaria,2013,27,EM
Española,Ambos sexos,Bulgaria,2012,34,EM
Española,Ambos sexos,Bulgaria,2011,49,EM
Española,Ambos sexos,Bulgaria,2010,38,EM
Española,Ambos sexos,Bulgaria,2009,83,EM
Española,Ambos sexos,Bulgaria,2008,54,EM
Española,Ambos sexos,Dinamarca,2020,332,EM
Española,Ambos sexos,Dinamarca,2019,497,EM
Española,Ambos sexos,Dinamarca,2018,322,EM
Española,Ambos sexos,Dinamarca,2017,333,EM
Española,Ambos sexos,Dinamarca,2016,386,EM
Española,Ambos sexos,Dinamarca,2015,538,EM
Española,Ambos sexos,Dinamarca,2014,251,EM
Española,Ambos sexos,Dinamarca,2013,220,EM
Española,Ambos sexos,Dinamarca,2012,168,EM
Española,Ambos sexos,Dinamarca,2011,151,EM
Española,Ambos sexos,Dinamarca,2010,174,EM
Española,Ambos sexos,Dinamarca,2009,158,EM
Española,Ambos sexos,Dinamarca,2008,141,EM
Española,Ambos sexos,Finlandia,2020,126,EM
Española,Ambos sexos,Finlandia,2019,163,EM
Española,Ambos sexos,Finlandia,2018,129,EM
Española,Ambos sexos,Finlandia,2017,130,EM
Española,Ambos sexos,Finlandia,2016,138,EM
Española,Ambos sexos,Finlandia,2015,242,EM
Española,Ambos sexos,Finlandia,2014,201,EM
Española,Ambos sexos,Finlandia,2013,221,EM
Española,Ambos sexos,Finlandia,2012,101,EM
Española,Ambos sexos,Finlandia,2011,140,EM
Española,Ambos sexos,Finlandia,2010,80,EM
Española,Ambos sexos,Finlandia,2009,81,EM
Española,Ambos sexos,Finlandia,2008,86,EM
Española,Ambos sexos,Francia,2020,8815,EM
Española,Ambos sexos,Francia,2019,9210,EM
Española,Ambos sexos,Francia,2018,9515,EM
Española,Ambos sexos,Francia,2017,10308,EM
Española,Ambos sexos,Francia,2016,9711,EM
Española,Ambos sexos,Francia,2015,9543,EM
Española,Ambos sexos,Francia,2014,8334,EM
Española,Ambos sexos,Francia,2013,7217,EM
Española,Ambos sexos,Francia,2012,5521,EM
Española,Ambos sexos,Francia,2011,5063,EM
Española,Ambos sexos,Francia,2010,3903,EM
Española,Ambos sexos,Francia,2009,3094,EM
Española,Ambos sexos,Francia,2008,3281,EM
Española,Ambos sexos,Irlanda,2020,887,EM
Española,Ambos sexos,Irlanda,2019,999,EM
Española,Ambos sexos,Irlanda,2018,805,EM
Española,Ambos sexos,Irlanda,2017,765,EM
Española,Ambos sexos,Irlanda,2016,822,EM
Española,Ambos sexos,Irlanda,2015,951,EM
Española,Ambos sexos,Irlanda,2014,733,EM
Española,Ambos sexos,Irlanda,2013,600,EM
Española,Ambos sexos,Irlanda,2012,450,EM
Española,Ambos sexos,Irlanda,2011,552,EM
Española,Ambos sexos,Irlanda,2010,451,EM
Española,Ambos sexos,Irlanda,2009,445,EM
Española,Ambos sexos,Irlanda,2008,504,EM
Española,Ambos sexos,Italia,2020,901,EM
Española,Ambos sexos,Italia,2019,872,EM
Española,Ambos sexos,Italia,2018,890,EM
Española,Ambos sexos,Italia,2017,885,EM
Española,Ambos sexos,Italia,2016,1129,EM
Española,Ambos sexos,Italia,2015,990,EM
Española,Ambos sexos,Italia,2014,936,EM
Española,Ambos sexos,Italia,2013,966,EM
Española,Ambos sexos,Italia,2012,853,EM
Española,Ambos sexos,Italia,2011,1007,EM
Española,Ambos sexos,Italia,2010,860,EM
Española,Ambos sexos,Italia,2009,1150,EM
Española,Ambos sexos,Italia,2008,943,EM
Española,Ambos sexos,Países Bajos,2020,1233,EM
Española,Ambos sexos,Países Bajos,2019,1496,EM
Española,Ambos sexos,Países Bajos,2018,1298,EM
Española,Ambos sexos,Países Bajos,2017,1211,EM
Española,Ambos sexos,Países Bajos,2016,1425,EM
Española,Ambos sexos,Países Bajos,2015,1425,EM
Española,Ambos sexos,Países Bajos,2014,1355,EM
Española,Ambos sexos,Países Bajos,2013,1079,EM
Española,Ambos sexos,Países Bajos,2012,881,EM
Española,Ambos sexos,Países Bajos,2011,1018,EM
Española,Ambos sexos,Países Bajos,2010,665,EM
Española,Ambos sexos,Países Bajos,2009,618,EM
Española,Ambos sexos,Países Bajos,2008,831,EM
Española,Ambos sexos,Polonia,2020,203,EM
Española,Ambos sexos,Polonia,2019,229,EM
Española,Ambos sexos,Polonia,2018,205,EM
Española,Ambos sexos,Polonia,2017,211,EM
Española,Ambos sexos,Polonia,2016,242,EM
Española,Ambos sexos,Polonia,2015,199,EM
Española,Ambos sexos,Polonia,2014,158,EM
Española,Ambos sexos,Polonia,2013,167,EM
Española,Ambos sexos,Polonia,2012,126,EM
Española,Ambos sexos,Polonia,2011,115,EM
Española,Ambos sexos,Polonia,2010,84,EM
Española,Ambos sexos,Polonia,2009,81,EM
Española,Ambos sexos,Polonia,2008,78,EM
Española,Ambos sexos,Portugal,2020,635,EM
Española,Ambos sexos,Portugal,2019,668,EM
Española,Ambos sexos,Portugal,2018,603,EM
Española,Ambos sexos,Portugal,2017,553,EM
Española,Ambos sexos,Portugal,2016,605,EM
Española,Ambos sexos,Portugal,2015,540,EM
Española,Ambos sexos,Portugal,2014,535,EM
Española,Ambos sexos,Portugal,2013,466,EM
Española,Ambos sexos,Portugal,2012,544,EM
Española,Ambos sexos,Portugal,2011,648,EM
Española,Ambos sexos,Portugal,2010,540,EM
Española,Ambos sexos,Portugal,2009,465,EM
Española,Ambos sexos,Portugal,2008,504,EM
Española,Ambos sexos,Alemania,2020,5215,EM
Española,Ambos sexos,Alemania,2019,6191,EM
Española,Ambos sexos,Alemania,2018,6199,EM
Española,Ambos sexos,Alemania,2017,6835,EM
Española,Ambos sexos,Alemania,2016,8981,EM
Española,Ambos sexos,Alemania,2015,9135,EM
Española,Ambos sexos,Alemania,2014,7863,EM
Española,Ambos sexos,Alemania,2013,6533,EM
Española,Ambos sexos,Alemania,2012,4539,EM
Española,Ambos sexos,Alemania,2011,4260,EM
Española,Ambos sexos,Alemania,2010,2726,EM
Española,Ambos sexos,Alemania,2009,2279,EM
Española,Ambos sexos,Alemania,2008,2383,EM
Española,Ambos sexos,Rumanía,2020,80,EM
Española,Ambos sexos,Rumanía,2019,89,EM
Española,Ambos sexos,Rumanía,2018,76,EM
Española,Ambos sexos,Rumanía,2017,60,EM
Española,Ambos sexos,Rumanía,2016,45,EM
Española,Ambos sexos,Rumanía,2015,77,EM
Española,Ambos sexos,Rumanía,2014,73,EM
Española,Ambos sexos,Rumanía,2013,78,EM
Española,Ambos sexos,Rumanía,2012,63,EM
Española,Ambos sexos,Rumanía,2011,63,EM
Española,Ambos sexos,Rumanía,2010,70,EM
Española,Ambos sexos,Rumanía,2009,103,EM
Española,Ambos sexos,Rumanía,2008,116,EM
Española,Ambos sexos,Suecia,2020,473,EM
Española,Ambos sexos,Suecia,2019,668,EM
Española,Ambos sexos,Suecia,2018,530,EM
Española,Ambos sexos,Suecia,2017,564,EM
Española,Ambos sexos,Suecia,2016,711,EM
Española,Ambos sexos,Suecia,2015,673,EM
Española,Ambos sexos,Suecia,2014,577,EM
Española,Ambos sexos,Suecia,2013,541,EM
Española,Ambos sexos,Suecia,2012,339,EM
Española,Ambos sexos,Suecia,2011,419,EM
Española,Ambos sexos,Suecia,2010,314,EM
Española,Ambos sexos,Suecia,2009,217,EM
Española,Ambos sexos,Suecia,2008,240,EM
Española,Ambos sexos,Lituania,2020,18,EM
Española,Ambos sexos,Lituania,2019,16,EM
Española,Ambos sexos,Lituania,2018,15,EM
Española,Ambos sexos,Lituania,2017,13,EM
Española,Ambos sexos,Lituania,2016,21,EM
Española,Ambos sexos,Lituania,2015,27,EM
Española,Ambos sexos,Lituania,2014,31,EM
Española,Ambos sexos,Lituania,2013,26,EM
Española,Ambos sexos,Lituania,2012,25,EM
Española,Ambos sexos,Lituania,2011,7,EM
Española,Ambos sexos,Lituania,2010,28,EM
Española,Ambos sexos,Lituania,2009,12,EM
Española,Ambos sexos,Lituania,2008,21,EM
Española,Ambos sexos,Otro país de la Unión Europea sin España,2020,1119,EM
Española,Ambos sexos,Otro país de la Unión Europea sin España,2019,1301,EM
Española,Ambos sexos,Otro país de la Unión Europea sin España,2018,966,EM
Española,Ambos sexos,Otro país de la Unión Europea sin España,2017,1161,EM
Española,Ambos sexos,Otro país de la Unión Europea sin España,2016,1317,EM
Española,Ambos sexos,Otro país de la Unión Europea sin España,2015,1281,EM
Española,Ambos sexos,Otro país de la Unión Europea sin España,2014,1144,EM
Española,Ambos sexos,Otro país de la Unión Europea sin España,2013,1028,EM
Española,Ambos sexos,Otro país de la Unión Europea sin España,2012,857,EM
Española,Ambos sexos,Otro país de la Unión Europea sin España,2011,913,EM
Española,Ambos sexos,Otro país de la Unión Europea sin España,2010,491,EM
Española,Ambos sexos,Otro país de la Unión Europea sin España,2009,496,EM
Española,Ambos sexos,Otro país de la Unión Europea sin España,2008,581,EM
Española,Ambos sexos,Europa menos UE27_2020,2020,19098,EM
Española,Ambos sexos,Europa menos UE27_2020,2019,NA,EM
Española,Ambos sexos,Europa menos UE27_2020,2018,NA,EM
Española,Ambos sexos,Europa menos UE27_2020,2017,NA,EM
Española,Ambos sexos,Europa menos UE27_2020,2016,NA,EM
Española,Ambos sexos,Europa menos UE27_2020,2015,NA,EM
Española,Ambos sexos,Europa menos UE27_2020,2014,NA,EM
Española,Ambos sexos,Europa menos UE27_2020,2013,NA,EM
Española,Ambos sexos,Europa menos UE27_2020,2012,NA,EM
Española,Ambos sexos,Europa menos UE27_2020,2011,NA,EM
Española,Ambos sexos,Europa menos UE27_2020,2010,NA,EM
Española,Ambos sexos,Europa menos UE27_2020,2009,NA,EM
Española,Ambos sexos,Europa menos UE27_2020,2008,NA,EM
Española,Ambos sexos,Reino Unido,2020,14695,EM
Española,Ambos sexos,Reino Unido,2019,17919,EM
Española,Ambos sexos,Reino Unido,2018,17455,EM
Española,Ambos sexos,Reino Unido,2017,18934,EM
Española,Ambos sexos,Reino Unido,2016,13364,EM
Española,Ambos sexos,Reino Unido,2015,11824,EM
Española,Ambos sexos,Reino Unido,2014,9806,EM
Española,Ambos sexos,Reino Unido,2013,7620,EM
Española,Ambos sexos,Reino Unido,2012,6574,EM
Española,Ambos sexos,Reino Unido,2011,7148,EM
Española,Ambos sexos,Reino Unido,2010,4890,EM
Española,Ambos sexos,Reino Unido,2009,4148,EM
Española,Ambos sexos,Reino Unido,2008,4033,EM
Española,Ambos sexos,País de Europa menos UE28,2020,NA,EM
Española,Ambos sexos,País de Europa menos UE28,2019,4413,EM
Española,Ambos sexos,País de Europa menos UE28,2018,4656,EM
Española,Ambos sexos,País de Europa menos UE28,2017,5142,EM
Española,Ambos sexos,País de Europa menos UE28,2016,6021,EM
Española,Ambos sexos,País de Europa menos UE28,2015,6415,EM
Española,Ambos sexos,País de Europa menos UE28,2014,4933,EM
Española,Ambos sexos,País de Europa menos UE28,2013,5012,EM
Española,Ambos sexos,País de Europa menos UE28,2012,4194,EM
Española,Ambos sexos,País de Europa menos UE28,2011,4239,EM
Española,Ambos sexos,País de Europa menos UE28,2010,3153,EM
Española,Ambos sexos,País de Europa menos UE28,2009,2263,EM
Española,Ambos sexos,País de Europa menos UE28,2008,2377,EM
Española,Ambos sexos,Noruega,2020,433,EM
Española,Ambos sexos,Noruega,2019,441,EM
Española,Ambos sexos,Noruega,2018,412,EM
Española,Ambos sexos,Noruega,2017,477,EM
Española,Ambos sexos,Noruega,2016,615,EM
Española,Ambos sexos,Noruega,2015,570,EM
Española,Ambos sexos,Noruega,2014,500,EM
Española,Ambos sexos,Noruega,2013,402,EM
Española,Ambos sexos,Noruega,2012,297,EM
Española,Ambos sexos,Noruega,2011,293,EM
Española,Ambos sexos,Noruega,2010,163,EM
Española,Ambos sexos,Noruega,2009,154,EM
Española,Ambos sexos,Noruega,2008,153,EM
Española,Ambos sexos,Suiza,2020,3034,EM
Española,Ambos sexos,Suiza,2019,2913,EM
Española,Ambos sexos,Suiza,2018,3153,EM
Española,Ambos sexos,Suiza,2017,3664,EM
Española,Ambos sexos,Suiza,2016,4187,EM
Española,Ambos sexos,Suiza,2015,4608,EM
Española,Ambos sexos,Suiza,2014,3402,EM
Española,Ambos sexos,Suiza,2013,3476,EM
Española,Ambos sexos,Suiza,2012,3040,EM
Española,Ambos sexos,Suiza,2011,2889,EM
Española,Ambos sexos,Suiza,2010,2068,EM
Española,Ambos sexos,Suiza,2009,1333,EM
Española,Ambos sexos,Suiza,2008,1370,EM
Española,Ambos sexos,Ucrania,2020,23,EM
Española,Ambos sexos,Ucrania,2019,9,EM
Española,Ambos sexos,Ucrania,2018,15,EM
Española,Ambos sexos,Ucrania,2017,20,EM
Española,Ambos sexos,Ucrania,2016,15,EM
Española,Ambos sexos,Ucrania,2015,23,EM
Española,Ambos sexos,Ucrania,2014,8,EM
Española,Ambos sexos,Ucrania,2013,24,EM
Española,Ambos sexos,Ucrania,2012,13,EM
Española,Ambos sexos,Ucrania,2011,43,EM
Española,Ambos sexos,Ucrania,2010,21,EM
Española,Ambos sexos,Ucrania,2009,27,EM
Española,Ambos sexos,Ucrania,2008,21,EM
Española,Ambos sexos,Moldavia,2020,1,EM
Española,Ambos sexos,Moldavia,2019,0,EM
Española,Ambos sexos,Moldavia,2018,1,EM
Española,Ambos sexos,Moldavia,2017,0,EM
Española,Ambos sexos,Moldavia,2016,0,EM
Española,Ambos sexos,Moldavia,2015,2,EM
Española,Ambos sexos,Moldavia,2014,1,EM
Española,Ambos sexos,Moldavia,2013,5,EM
Española,Ambos sexos,Moldavia,2012,3,EM
Española,Ambos sexos,Moldavia,2011,2,EM
Española,Ambos sexos,Moldavia,2010,1,EM
Española,Ambos sexos,Moldavia,2009,NA,EM
Española,Ambos sexos,Moldavia,2008,1,EM
Española,Ambos sexos,Rusia,2020,91,EM
Española,Ambos sexos,Rusia,2019,108,EM
Española,Ambos sexos,Rusia,2018,97,EM
Española,Ambos sexos,Rusia,2017,129,EM
Española,Ambos sexos,Rusia,2016,132,EM
Española,Ambos sexos,Rusia,2015,185,EM
Española,Ambos sexos,Rusia,2014,146,EM
Española,Ambos sexos,Rusia,2013,127,EM
Española,Ambos sexos,Rusia,2012,94,EM
Española,Ambos sexos,Rusia,2011,50,EM
Española,Ambos sexos,Rusia,2010,69,EM
Española,Ambos sexos,Rusia,2009,61,EM
Española,Ambos sexos,Rusia,2008,119,EM
Española,Ambos sexos,Otro país del resto de Europa,2020,821,EM
Española,Ambos sexos,Otro país del resto de Europa,2019,942,EM
Española,Ambos sexos,Otro país del resto de Europa,2018,978,EM
Española,Ambos sexos,Otro país del resto de Europa,2017,852,EM
Española,Ambos sexos,Otro país del resto de Europa,2016,1071,EM
Española,Ambos sexos,Otro país del resto de Europa,2015,1027,EM
Española,Ambos sexos,Otro país del resto de Europa,2014,876,EM
Española,Ambos sexos,Otro país del resto de Europa,2013,979,EM
Española,Ambos sexos,Otro país del resto de Europa,2012,747,EM
Española,Ambos sexos,Otro país del resto de Europa,2011,961,EM
Española,Ambos sexos,Otro país del resto de Europa,2010,831,EM
Española,Ambos sexos,Otro país del resto de Europa,2009,688,EM
Española,Ambos sexos,Otro país del resto de Europa,2008,713,EM
Española,Ambos sexos,África,2020,1397,EM
Española,Ambos sexos,África,2019,1626,EM
Española,Ambos sexos,África,2018,1925,EM
Española,Ambos sexos,África,2017,1849,EM
Española,Ambos sexos,África,2016,1889,EM
Española,Ambos sexos,África,2015,1978,EM
Española,Ambos sexos,África,2014,1729,EM
Española,Ambos sexos,África,2013,1814,EM
Española,Ambos sexos,África,2012,1670,EM
Española,Ambos sexos,África,2011,2137,EM
Española,Ambos sexos,África,2010,1743,EM
Española,Ambos sexos,África,2009,1826,EM
Española,Ambos sexos,África,2008,1570,EM
Española,Ambos sexos,Argelia,2020,45,EM
Española,Ambos sexos,Argelia,2019,71,EM
Española,Ambos sexos,Argelia,2018,95,EM
Española,Ambos sexos,Argelia,2017,113,EM
Española,Ambos sexos,Argelia,2016,165,EM
Española,Ambos sexos,Argelia,2015,149,EM
Española,Ambos sexos,Argelia,2014,80,EM
Española,Ambos sexos,Argelia,2013,88,EM
Española,Ambos sexos,Argelia,2012,85,EM
Española,Ambos sexos,Argelia,2011,134,EM
Española,Ambos sexos,Argelia,2010,64,EM
Española,Ambos sexos,Argelia,2009,109,EM
Española,Ambos sexos,Argelia,2008,69,EM
Española,Ambos sexos,Gambia,2020,8,EM
Española,Ambos sexos,Gambia,2019,25,EM
Española,Ambos sexos,Gambia,2018,11,EM
Española,Ambos sexos,Gambia,2017,4,EM
Española,Ambos sexos,Gambia,2016,20,EM
Española,Ambos sexos,Gambia,2015,14,EM
Española,Ambos sexos,Gambia,2014,7,EM
Española,Ambos sexos,Gambia,2013,38,EM
Española,Ambos sexos,Gambia,2012,26,EM
Española,Ambos sexos,Gambia,2011,26,EM
Española,Ambos sexos,Gambia,2010,21,EM
Española,Ambos sexos,Gambia,2009,10,EM
Española,Ambos sexos,Gambia,2008,6,EM
Española,Ambos sexos,Ghana,2020,28,EM
Española,Ambos sexos,Ghana,2019,13,EM
Española,Ambos sexos,Ghana,2018,22,EM
Española,Ambos sexos,Ghana,2017,9,EM
Española,Ambos sexos,Ghana,2016,24,EM
Española,Ambos sexos,Ghana,2015,36,EM
Española,Ambos sexos,Ghana,2014,8,EM
Española,Ambos sexos,Ghana,2013,23,EM
Española,Ambos sexos,Ghana,2012,13,EM
Española,Ambos sexos,Ghana,2011,39,EM
Española,Ambos sexos,Ghana,2010,9,EM
Española,Ambos sexos,Ghana,2009,12,EM
Española,Ambos sexos,Ghana,2008,14,EM
Española,Ambos sexos,Guinea,2020,1,EM
Española,Ambos sexos,Guinea,2019,5,EM
Española,Ambos sexos,Guinea,2018,10,EM
Española,Ambos sexos,Guinea,2017,2,EM
Española,Ambos sexos,Guinea,2016,0,EM
Española,Ambos sexos,Guinea,2015,5,EM
Española,Ambos sexos,Guinea,2014,4,EM
Española,Ambos sexos,Guinea,2013,1,EM
Española,Ambos sexos,Guinea,2012,NA,EM
Española,Ambos sexos,Guinea,2011,9,EM
Española,Ambos sexos,Guinea,2010,6,EM
Española,Ambos sexos,Guinea,2009,5,EM
Española,Ambos sexos,Guinea,2008,12,EM
Española,Ambos sexos,Guinea Ecuatorial,2020,244,EM
Española,Ambos sexos,Guinea Ecuatorial,2019,272,EM
Española,Ambos sexos,Guinea Ecuatorial,2018,378,EM
Española,Ambos sexos,Guinea Ecuatorial,2017,369,EM
Española,Ambos sexos,Guinea Ecuatorial,2016,288,EM
Española,Ambos sexos,Guinea Ecuatorial,2015,197,EM
Española,Ambos sexos,Guinea Ecuatorial,2014,241,EM
Española,Ambos sexos,Guinea Ecuatorial,2013,352,EM
Española,Ambos sexos,Guinea Ecuatorial,2012,232,EM
Española,Ambos sexos,Guinea Ecuatorial,2011,293,EM
Española,Ambos sexos,Guinea Ecuatorial,2010,241,EM
Española,Ambos sexos,Guinea Ecuatorial,2009,249,EM
Española,Ambos sexos,Guinea Ecuatorial,2008,185,EM
Española,Ambos sexos,Mali,2020,15,EM
Española,Ambos sexos,Mali,2019,14,EM
Española,Ambos sexos,Mali,2018,20,EM
Española,Ambos sexos,Mali,2017,9,EM
Española,Ambos sexos,Mali,2016,31,EM
Española,Ambos sexos,Mali,2015,17,EM
Española,Ambos sexos,Mali,2014,16,EM
Española,Ambos sexos,Mali,2013,NA,EM
Española,Ambos sexos,Mali,2012,5,EM
Española,Ambos sexos,Mali,2011,15,EM
Española,Ambos sexos,Mali,2010,11,EM
Española,Ambos sexos,Mali,2009,2,EM
Española,Ambos sexos,Mali,2008,NA,EM
Española,Ambos sexos,Marruecos,2020,622,EM
Española,Ambos sexos,Marruecos,2019,633,EM
Española,Ambos sexos,Marruecos,2018,882,EM
Española,Ambos sexos,Marruecos,2017,828,EM
Española,Ambos sexos,Marruecos,2016,791,EM
Española,Ambos sexos,Marruecos,2015,806,EM
Española,Ambos sexos,Marruecos,2014,778,EM
Española,Ambos sexos,Marruecos,2013,730,EM
Española,Ambos sexos,Marruecos,2012,728,EM
Española,Ambos sexos,Marruecos,2011,887,EM
Española,Ambos sexos,Marruecos,2010,708,EM
Española,Ambos sexos,Marruecos,2009,799,EM
Española,Ambos sexos,Marruecos,2008,628,EM
Española,Ambos sexos,Mauritania,2020,23,EM
Española,Ambos sexos,Mauritania,2019,28,EM
Española,Ambos sexos,Mauritania,2018,12,EM
Española,Ambos sexos,Mauritania,2017,28,EM
Española,Ambos sexos,Mauritania,2016,30,EM
Española,Ambos sexos,Mauritania,2015,35,EM
Española,Ambos sexos,Mauritania,2014,19,EM
Española,Ambos sexos,Mauritania,2013,25,EM
Española,Ambos sexos,Mauritania,2012,34,EM
Española,Ambos sexos,Mauritania,2011,27,EM
Española,Ambos sexos,Mauritania,2010,17,EM
Española,Ambos sexos,Mauritania,2009,30,EM
Española,Ambos sexos,Mauritania,2008,27,EM
Española,Ambos sexos,Nigeria,2020,9,EM
Española,Ambos sexos,Nigeria,2019,28,EM
Española,Ambos sexos,Nigeria,2018,24,EM
Española,Ambos sexos,Nigeria,2017,25,EM
Española,Ambos sexos,Nigeria,2016,20,EM
Española,Ambos sexos,Nigeria,2015,33,EM
Española,Ambos sexos,Nigeria,2014,18,EM
Española,Ambos sexos,Nigeria,2013,30,EM
Española,Ambos sexos,Nigeria,2012,34,EM
Española,Ambos sexos,Nigeria,2011,22,EM
Española,Ambos sexos,Nigeria,2010,27,EM
Española,Ambos sexos,Nigeria,2009,40,EM
Española,Ambos sexos,Nigeria,2008,12,EM
Española,Ambos sexos,Senegal,2020,68,EM
Española,Ambos sexos,Senegal,2019,101,EM
Española,Ambos sexos,Senegal,2018,50,EM
Española,Ambos sexos,Senegal,2017,65,EM
Española,Ambos sexos,Senegal,2016,62,EM
Española,Ambos sexos,Senegal,2015,56,EM
Española,Ambos sexos,Senegal,2014,48,EM
Española,Ambos sexos,Senegal,2013,70,EM
Española,Ambos sexos,Senegal,2012,36,EM
Española,Ambos sexos,Senegal,2011,65,EM
Española,Ambos sexos,Senegal,2010,75,EM
Española,Ambos sexos,Senegal,2009,61,EM
Española,Ambos sexos,Senegal,2008,81,EM
Española,Ambos sexos,Otro país de África,2020,334,EM
Española,Ambos sexos,Otro país de África,2019,436,EM
Española,Ambos sexos,Otro país de África,2018,421,EM
Española,Ambos sexos,Otro país de África,2017,397,EM
Española,Ambos sexos,Otro país de África,2016,458,EM
Española,Ambos sexos,Otro país de África,2015,630,EM
Española,Ambos sexos,Otro país de África,2014,510,EM
Española,Ambos sexos,Otro país de África,2013,458,EM
Española,Ambos sexos,Otro país de África,2012,478,EM
Española,Ambos sexos,Otro país de África,2011,620,EM
Española,Ambos sexos,Otro país de África,2010,564,EM
Española,Ambos sexos,Otro país de África,2009,507,EM
Española,Ambos sexos,Otro país de África,2008,538,EM
Española,Ambos sexos,América del Norte,2020,7100,EM
Española,Ambos sexos,América del Norte,2019,8212,EM
Española,Ambos sexos,América del Norte,2018,9292,EM
Española,Ambos sexos,América del Norte,2017,10398,EM
Española,Ambos sexos,América del Norte,2016,12271,EM
Española,Ambos sexos,América del Norte,2015,12305,EM
Española,Ambos sexos,América del Norte,2014,7879,EM
Española,Ambos sexos,América del Norte,2013,6504,EM
Española,Ambos sexos,América del Norte,2012,5439,EM
Española,Ambos sexos,América del Norte,2011,6112,EM
Española,Ambos sexos,América del Norte,2010,4506,EM
Española,Ambos sexos,América del Norte,2009,4718,EM
Española,Ambos sexos,América del Norte,2008,4652,EM
Española,Ambos sexos,Estados Unidos de América,2020,5550,EM
Española,Ambos sexos,Estados Unidos de América,2019,6161,EM
Española,Ambos sexos,Estados Unidos de América,2018,7004,EM
Española,Ambos sexos,Estados Unidos de América,2017,7811,EM
Española,Ambos sexos,Estados Unidos de América,2016,8714,EM
Española,Ambos sexos,Estados Unidos de América,2015,8837,EM
Española,Ambos sexos,Estados Unidos de América,2014,6496,EM
Española,Ambos sexos,Estados Unidos de América,2013,5343,EM
Española,Ambos sexos,Estados Unidos de América,2012,4068,EM
Española,Ambos sexos,Estados Unidos de América,2011,4652,EM
Española,Ambos sexos,Estados Unidos de América,2010,3556,EM
Española,Ambos sexos,Estados Unidos de América,2009,3560,EM
Española,Ambos sexos,Estados Unidos de América,2008,3680,EM
Española,Ambos sexos,México,2020,1186,EM
Española,Ambos sexos,México,2019,1534,EM
Española,Ambos sexos,México,2018,1783,EM
Española,Ambos sexos,México,2017,2072,EM
Española,Ambos sexos,México,2016,2956,EM
Española,Ambos sexos,México,2015,2864,EM
Española,Ambos sexos,México,2014,854,EM
Española,Ambos sexos,México,2013,566,EM
Española,Ambos sexos,México,2012,800,EM
Española,Ambos sexos,México,2011,888,EM
Española,Ambos sexos,México,2010,640,EM
Española,Ambos sexos,México,2009,796,EM
Española,Ambos sexos,México,2008,778,EM
Española,Ambos sexos,Canadá,2020,364,EM
Española,Ambos sexos,Canadá,2019,517,EM
Española,Ambos sexos,Canadá,2018,505,EM
Española,Ambos sexos,Canadá,2017,515,EM
Española,Ambos sexos,Canadá,2016,600,EM
Española,Ambos sexos,Canadá,2015,604,EM
Española,Ambos sexos,Canadá,2014,529,EM
Española,Ambos sexos,Canadá,2013,595,EM
Española,Ambos sexos,Canadá,2012,571,EM
Española,Ambos sexos,Canadá,2011,572,EM
Española,Ambos sexos,Canadá,2010,310,EM
Española,Ambos sexos,Canadá,2009,362,EM
Española,Ambos sexos,Canadá,2008,194,EM
Española,Ambos sexos,Centro América y Caribe,2020,2494,EM
Española,Ambos sexos,Centro América y Caribe,2019,2871,EM
Española,Ambos sexos,Centro América y Caribe,2018,3199,EM
Española,Ambos sexos,Centro América y Caribe,2017,3190,EM
Española,Ambos sexos,Centro América y Caribe,2016,3421,EM
Española,Ambos sexos,Centro América y Caribe,2015,3310,EM
Española,Ambos sexos,Centro América y Caribe,2014,2388,EM
Española,Ambos sexos,Centro América y Caribe,2013,2268,EM
Española,Ambos sexos,Centro América y Caribe,2012,1719,EM
Española,Ambos sexos,Centro América y Caribe,2011,1878,EM
Española,Ambos sexos,Centro América y Caribe,2010,1525,EM
Española,Ambos sexos,Centro América y Caribe,2009,1403,EM
Española,Ambos sexos,Centro América y Caribe,2008,1424,EM
Española,Ambos sexos,Cuba,2020,583,EM
Española,Ambos sexos,Cuba,2019,765,EM
Española,Ambos sexos,Cuba,2018,812,EM
Española,Ambos sexos,Cuba,2017,681,EM
Española,Ambos sexos,Cuba,2016,692,EM
Española,Ambos sexos,Cuba,2015,714,EM
Española,Ambos sexos,Cuba,2014,685,EM
Española,Ambos sexos,Cuba,2013,548,EM
Española,Ambos sexos,Cuba,2012,364,EM
Española,Ambos sexos,Cuba,2011,438,EM
Española,Ambos sexos,Cuba,2010,455,EM
Española,Ambos sexos,Cuba,2009,338,EM
Española,Ambos sexos,Cuba,2008,398,EM
Española,Ambos sexos,Honduras,2020,56,EM
Española,Ambos sexos,Honduras,2019,67,EM
Española,Ambos sexos,Honduras,2018,76,EM
Española,Ambos sexos,Honduras,2017,55,EM
Española,Ambos sexos,Honduras,2016,62,EM
Española,Ambos sexos,Honduras,2015,91,EM
Española,Ambos sexos,Honduras,2014,71,EM
Española,Ambos sexos,Honduras,2013,67,EM
Española,Ambos sexos,Honduras,2012,47,EM
Española,Ambos sexos,Honduras,2011,76,EM
Española,Ambos sexos,Honduras,2010,18,EM
Española,Ambos sexos,Honduras,2009,22,EM
Española,Ambos sexos,Honduras,2008,51,EM
Española,Ambos sexos,Nicaragua,2020,57,EM
Española,Ambos sexos,Nicaragua,2019,84,EM
Española,Ambos sexos,Nicaragua,2018,73,EM
Española,Ambos sexos,Nicaragua,2017,80,EM
Española,Ambos sexos,Nicaragua,2016,90,EM
Española,Ambos sexos,Nicaragua,2015,95,EM
Española,Ambos sexos,Nicaragua,2014,76,EM
Española,Ambos sexos,Nicaragua,2013,80,EM
Española,Ambos sexos,Nicaragua,2012,63,EM
Española,Ambos sexos,Nicaragua,2011,98,EM
Española,Ambos sexos,Nicaragua,2010,88,EM
Española,Ambos sexos,Nicaragua,2009,79,EM
Española,Ambos sexos,Nicaragua,2008,44,EM
Española,Ambos sexos,República Dominicana,2020,1286,EM
Española,Ambos sexos,República Dominicana,2019,1216,EM
Española,Ambos sexos,República Dominicana,2018,1553,EM
Española,Ambos sexos,República Dominicana,2017,1746,EM
Española,Ambos sexos,República Dominicana,2016,1801,EM
Española,Ambos sexos,República Dominicana,2015,1577,EM
Española,Ambos sexos,República Dominicana,2014,730,EM
Española,Ambos sexos,República Dominicana,2013,768,EM
Española,Ambos sexos,República Dominicana,2012,763,EM
Española,Ambos sexos,República Dominicana,2011,677,EM
Española,Ambos sexos,República Dominicana,2010,543,EM
Española,Ambos sexos,República Dominicana,2009,530,EM
Española,Ambos sexos,República Dominicana,2008,404,EM
Española,Ambos sexos,Otros países de Centro América y Caribe,2020,512,EM
Española,Ambos sexos,Otros países de Centro América y Caribe,2019,739,EM
Española,Ambos sexos,Otros países de Centro América y Caribe,2018,685,EM
Española,Ambos sexos,Otros países de Centro América y Caribe,2017,628,EM
Española,Ambos sexos,Otros países de Centro América y Caribe,2016,776,EM
Española,Ambos sexos,Otros países de Centro América y Caribe,2015,832,EM
Española,Ambos sexos,Otros países de Centro América y Caribe,2014,826,EM
Española,Ambos sexos,Otros países de Centro América y Caribe,2013,805,EM
Española,Ambos sexos,Otros países de Centro América y Caribe,2012,482,EM
Española,Ambos sexos,Otros países de Centro América y Caribe,2011,589,EM
Española,Ambos sexos,Otros países de Centro América y Caribe,2010,421,EM
Española,Ambos sexos,Otros países de Centro América y Caribe,2009,435,EM
Española,Ambos sexos,Otros países de Centro América y Caribe,2008,528,EM
Española,Ambos sexos,Sudamérica,2020,9743,EM
Española,Ambos sexos,Sudamérica,2019,12735,EM
Española,Ambos sexos,Sudamérica,2018,15375,EM
Española,Ambos sexos,Sudamérica,2017,17941,EM
Española,Ambos sexos,Sudamérica,2016,20232,EM
Española,Ambos sexos,Sudamérica,2015,24675,EM
Española,Ambos sexos,Sudamérica,2014,24591,EM
Española,Ambos sexos,Sudamérica,2013,24397,EM
Española,Ambos sexos,Sudamérica,2012,17380,EM
Española,Ambos sexos,Sudamérica,2011,13479,EM
Española,Ambos sexos,Sudamérica,2010,9654,EM
Española,Ambos sexos,Sudamérica,2009,8577,EM
Española,Ambos sexos,Sudamérica,2008,6292,EM
Española,Ambos sexos,Argentina,2020,1307,EM
Española,Ambos sexos,Argentina,2019,1854,EM
Española,Ambos sexos,Argentina,2018,1976,EM
Española,Ambos sexos,Argentina,2017,2042,EM
Española,Ambos sexos,Argentina,2016,2100,EM
Española,Ambos sexos,Argentina,2015,2271,EM
Española,Ambos sexos,Argentina,2014,2111,EM
Española,Ambos sexos,Argentina,2013,2476,EM
Española,Ambos sexos,Argentina,2012,2182,EM
Española,Ambos sexos,Argentina,2011,2529,EM
Española,Ambos sexos,Argentina,2010,2155,EM
Española,Ambos sexos,Argentina,2009,2382,EM
Española,Ambos sexos,Argentina,2008,1806,EM
Española,Ambos sexos,Bolivia,2020,722,EM
Española,Ambos sexos,Bolivia,2019,843,EM
Española,Ambos sexos,Bolivia,2018,936,EM
Española,Ambos sexos,Bolivia,2017,1377,EM
Española,Ambos sexos,Bolivia,2016,1590,EM
Española,Ambos sexos,Bolivia,2015,1662,EM
Española,Ambos sexos,Bolivia,2014,1558,EM
Española,Ambos sexos,Bolivia,2013,952,EM
Española,Ambos sexos,Bolivia,2012,697,EM
Española,Ambos sexos,Bolivia,2011,676,EM
Española,Ambos sexos,Bolivia,2010,462,EM
Española,Ambos sexos,Bolivia,2009,498,EM
Española,Ambos sexos,Bolivia,2008,217,EM
Española,Ambos sexos,Brasil,2020,499,EM
Española,Ambos sexos,Brasil,2019,675,EM
Española,Ambos sexos,Brasil,2018,839,EM
Española,Ambos sexos,Brasil,2017,1041,EM
Española,Ambos sexos,Brasil,2016,1155,EM
Española,Ambos sexos,Brasil,2015,1693,EM
Española,Ambos sexos,Brasil,2014,1605,EM
Española,Ambos sexos,Brasil,2013,1554,EM
Española,Ambos sexos,Brasil,2012,1220,EM
Española,Ambos sexos,Brasil,2011,1277,EM
Española,Ambos sexos,Brasil,2010,944,EM
Española,Ambos sexos,Brasil,2009,790,EM
Española,Ambos sexos,Brasil,2008,512,EM
Española,Ambos sexos,Colombia,2020,1643,EM
Española,Ambos sexos,Colombia,2019,2214,EM
Española,Ambos sexos,Colombia,2018,2608,EM
Española,Ambos sexos,Colombia,2017,3000,EM
Española,Ambos sexos,Colombia,2016,3328,EM
Española,Ambos sexos,Colombia,2015,3506,EM
Española,Ambos sexos,Colombia,2014,3856,EM
Española,Ambos sexos,Colombia,2013,2946,EM
Española,Ambos sexos,Colombia,2012,1544,EM
Española,Ambos sexos,Colombia,2011,608,EM
Española,Ambos sexos,Colombia,2010,517,EM
Española,Ambos sexos,Colombia,2009,458,EM
Española,Ambos sexos,Colombia,2008,591,EM
Española,Ambos sexos,Chile,2020,497,EM
Española,Ambos sexos,Chile,2019,769,EM
Española,Ambos sexos,Chile,2018,1012,EM
Española,Ambos sexos,Chile,2017,1165,EM
Española,Ambos sexos,Chile,2016,1592,EM
Española,Ambos sexos,Chile,2015,2301,EM
Española,Ambos sexos,Chile,2014,1941,EM
Española,Ambos sexos,Chile,2013,1721,EM
Española,Ambos sexos,Chile,2012,1045,EM
Española,Ambos sexos,Chile,2011,991,EM
Española,Ambos sexos,Chile,2010,605,EM
Española,Ambos sexos,Chile,2009,473,EM
Española,Ambos sexos,Chile,2008,540,EM
Española,Ambos sexos,Ecuador,2020,2394,EM
Española,Ambos sexos,Ecuador,2019,3210,EM
Española,Ambos sexos,Ecuador,2018,4399,EM
Española,Ambos sexos,Ecuador,2017,5423,EM
Española,Ambos sexos,Ecuador,2016,5945,EM
Española,Ambos sexos,Ecuador,2015,7416,EM
Española,Ambos sexos,Ecuador,2014,7914,EM
Española,Ambos sexos,Ecuador,2013,9323,EM
Española,Ambos sexos,Ecuador,2012,6519,EM
Española,Ambos sexos,Ecuador,2011,3718,EM
Española,Ambos sexos,Ecuador,2010,2064,EM
Española,Ambos sexos,Ecuador,2009,1338,EM
Española,Ambos sexos,Ecuador,2008,581,EM
Española,Ambos sexos,Paraguay,2020,277,EM
Española,Ambos sexos,Paraguay,2019,353,EM
Española,Ambos sexos,Paraguay,2018,271,EM
Española,Ambos sexos,Paraguay,2017,283,EM
Española,Ambos sexos,Paraguay,2016,407,EM
Española,Ambos sexos,Paraguay,2015,480,EM
Española,Ambos sexos,Paraguay,2014,331,EM
Española,Ambos sexos,Paraguay,2013,276,EM
Española,Ambos sexos,Paraguay,2012,167,EM
Española,Ambos sexos,Paraguay,2011,167,EM
Española,Ambos sexos,Paraguay,2010,93,EM
Española,Ambos sexos,Paraguay,2009,92,EM
Española,Ambos sexos,Paraguay,2008,77,EM
Española,Ambos sexos,Perú,2020,772,EM
Española,Ambos sexos,Perú,2019,1152,EM
Española,Ambos sexos,Perú,2018,1241,EM
Española,Ambos sexos,Perú,2017,1514,EM
Española,Ambos sexos,Perú,2016,1634,EM
Española,Ambos sexos,Perú,2015,2236,EM
Española,Ambos sexos,Perú,2014,1785,EM
Española,Ambos sexos,Perú,2013,1456,EM
Española,Ambos sexos,Perú,2012,1168,EM
Española,Ambos sexos,Perú,2011,910,EM
Española,Ambos sexos,Perú,2010,555,EM
Española,Ambos sexos,Perú,2009,518,EM
Española,Ambos sexos,Perú,2008,428,EM
Española,Ambos sexos,Uruguay,2020,412,EM
Española,Ambos sexos,Uruguay,2019,450,EM
Española,Ambos sexos,Uruguay,2018,513,EM
Española,Ambos sexos,Uruguay,2017,554,EM
Española,Ambos sexos,Uruguay,2016,689,EM
Española,Ambos sexos,Uruguay,2015,868,EM
Española,Ambos sexos,Uruguay,2014,855,EM
Española,Ambos sexos,Uruguay,2013,739,EM
Española,Ambos sexos,Uruguay,2012,531,EM
Española,Ambos sexos,Uruguay,2011,464,EM
Española,Ambos sexos,Uruguay,2010,490,EM
Española,Ambos sexos,Uruguay,2009,603,EM
Española,Ambos sexos,Uruguay,2008,310,EM
Española,Ambos sexos,Venezuela,2020,1220,EM
Española,Ambos sexos,Venezuela,2019,1213,EM
Española,Ambos sexos,Venezuela,2018,1579,EM
Española,Ambos sexos,Venezuela,2017,1542,EM
Española,Ambos sexos,Venezuela,2016,1793,EM
Española,Ambos sexos,Venezuela,2015,2242,EM
Española,Ambos sexos,Venezuela,2014,2634,EM
Española,Ambos sexos,Venezuela,2013,2952,EM
Española,Ambos sexos,Venezuela,2012,2308,EM
Española,Ambos sexos,Venezuela,2011,2137,EM
Española,Ambos sexos,Venezuela,2010,1770,EM
Española,Ambos sexos,Venezuela,2009,1424,EM
Española,Ambos sexos,Venezuela,2008,1229,EM
Española,Ambos sexos,Otro país de Sudamérica,2020,0,EM
Española,Ambos sexos,Otro país de Sudamérica,2019,2,EM
Española,Ambos sexos,Otro país de Sudamérica,2018,1,EM
Española,Ambos sexos,Otro país de Sudamérica,2017,0,EM
Española,Ambos sexos,Otro país de Sudamérica,2016,0,EM
Española,Ambos sexos,Otro país de Sudamérica,2015,NA,EM
Española,Ambos sexos,Otro país de Sudamérica,2014,1,EM
Española,Ambos sexos,Otro país de Sudamérica,2013,1,EM
Española,Ambos sexos,Otro país de Sudamérica,2012,NA,EM
Española,Ambos sexos,Otro país de Sudamérica,2011,1,EM
Española,Ambos sexos,Otro país de Sudamérica,2010,NA,EM
Española,Ambos sexos,Otro país de Sudamérica,2009,NA,EM
Española,Ambos sexos,Otro país de Sudamérica,2008,NA,EM
Española,Ambos sexos,Asia,2020,2781,EM
Española,Ambos sexos,Asia,2019,3051,EM
Española,Ambos sexos,Asia,2018,2930,EM
Española,Ambos sexos,Asia,2017,3519,EM
Española,Ambos sexos,Asia,2016,3934,EM
Española,Ambos sexos,Asia,2015,4699,EM
Española,Ambos sexos,Asia,2014,3594,EM
Española,Ambos sexos,Asia,2013,3380,EM
Española,Ambos sexos,Asia,2012,2771,EM
Española,Ambos sexos,Asia,2011,3279,EM
Española,Ambos sexos,Asia,2010,2116,EM
Española,Ambos sexos,Asia,2009,1958,EM
Española,Ambos sexos,Asia,2008,1888,EM
Española,Ambos sexos,Bangladesh,2020,5,EM
Española,Ambos sexos,Bangladesh,2019,5,EM
Española,Ambos sexos,Bangladesh,2018,9,EM
Española,Ambos sexos,Bangladesh,2017,12,EM
Española,Ambos sexos,Bangladesh,2016,4,EM
Española,Ambos sexos,Bangladesh,2015,9,EM
Española,Ambos sexos,Bangladesh,2014,11,EM
Española,Ambos sexos,Bangladesh,2013,4,EM
Española,Ambos sexos,Bangladesh,2012,8,EM
Española,Ambos sexos,Bangladesh,2011,14,EM
Española,Ambos sexos,Bangladesh,2010,7,EM
Española,Ambos sexos,Bangladesh,2009,NA,EM
Española,Ambos sexos,Bangladesh,2008,NA,EM
Española,Ambos sexos,China,2020,496,EM
Española,Ambos sexos,China,2019,527,EM
Española,Ambos sexos,China,2018,497,EM
Española,Ambos sexos,China,2017,588,EM
Española,Ambos sexos,China,2016,707,EM
Española,Ambos sexos,China,2015,772,EM
Española,Ambos sexos,China,2014,735,EM
Española,Ambos sexos,China,2013,759,EM
Española,Ambos sexos,China,2012,711,EM
Española,Ambos sexos,China,2011,946,EM
Española,Ambos sexos,China,2010,592,EM
Española,Ambos sexos,China,2009,476,EM
Española,Ambos sexos,China,2008,482,EM
Española,Ambos sexos,Filipinas,2020,122,EM
Española,Ambos sexos,Filipinas,2019,179,EM
Española,Ambos sexos,Filipinas,2018,97,EM
Española,Ambos sexos,Filipinas,2017,166,EM
Española,Ambos sexos,Filipinas,2016,152,EM
Española,Ambos sexos,Filipinas,2015,174,EM
Española,Ambos sexos,Filipinas,2014,149,EM
Española,Ambos sexos,Filipinas,2013,136,EM
Española,Ambos sexos,Filipinas,2012,140,EM
Española,Ambos sexos,Filipinas,2011,139,EM
Española,Ambos sexos,Filipinas,2010,153,EM
Española,Ambos sexos,Filipinas,2009,111,EM
Española,Ambos sexos,Filipinas,2008,129,EM
Española,Ambos sexos,India,2020,74,EM
Española,Ambos sexos,India,2019,85,EM
Española,Ambos sexos,India,2018,61,EM
Española,Ambos sexos,India,2017,64,EM
Española,Ambos sexos,India,2016,122,EM
Española,Ambos sexos,India,2015,167,EM
Española,Ambos sexos,India,2014,75,EM
Española,Ambos sexos,India,2013,89,EM
Española,Ambos sexos,India,2012,100,EM
Española,Ambos sexos,India,2011,153,EM
Española,Ambos sexos,India,2010,80,EM
Española,Ambos sexos,India,2009,64,EM
Española,Ambos sexos,India,2008,49,EM
Española,Ambos sexos,Pakistán,2020,81,EM
Española,Ambos sexos,Pakistán,2019,56,EM
Española,Ambos sexos,Pakistán,2018,75,EM
Española,Ambos sexos,Pakistán,2017,71,EM
Española,Ambos sexos,Pakistán,2016,51,EM
Española,Ambos sexos,Pakistán,2015,54,EM
Española,Ambos sexos,Pakistán,2014,30,EM
Española,Ambos sexos,Pakistán,2013,34,EM
Española,Ambos sexos,Pakistán,2012,35,EM
Española,Ambos sexos,Pakistán,2011,40,EM
Española,Ambos sexos,Pakistán,2010,23,EM
Española,Ambos sexos,Pakistán,2009,51,EM
Española,Ambos sexos,Pakistán,2008,35,EM
Española,Ambos sexos,Otro país de Asia,2020,2003,EM
Española,Ambos sexos,Otro país de Asia,2019,2199,EM
Española,Ambos sexos,Otro país de Asia,2018,2191,EM
Española,Ambos sexos,Otro país de Asia,2017,2618,EM
Española,Ambos sexos,Otro país de Asia,2016,2898,EM
Española,Ambos sexos,Otro país de Asia,2015,3524,EM
Española,Ambos sexos,Otro país de Asia,2014,2592,EM
Española,Ambos sexos,Otro país de Asia,2013,2358,EM
Española,Ambos sexos,Otro país de Asia,2012,1777,EM
Española,Ambos sexos,Otro país de Asia,2011,1987,EM
Española,Ambos sexos,Otro país de Asia,2010,1261,EM
Española,Ambos sexos,Otro país de Asia,2009,1256,EM
Española,Ambos sexos,Otro país de Asia,2008,1193,EM
Española,Ambos sexos,Oceanía,2020,794,EM
Española,Ambos sexos,Oceanía,2019,970,EM
Española,Ambos sexos,Oceanía,2018,860,EM
Española,Ambos sexos,Oceanía,2017,815,EM
Española,Ambos sexos,Oceanía,2016,918,EM
Española,Ambos sexos,Oceanía,2015,946,EM
Española,Ambos sexos,Oceanía,2014,714,EM
Española,Ambos sexos,Oceanía,2013,663,EM
Española,Ambos sexos,Oceanía,2012,602,EM
Española,Ambos sexos,Oceanía,2011,522,EM
Española,Ambos sexos,Oceanía,2010,492,EM
Española,Ambos sexos,Oceanía,2009,344,EM
Española,Ambos sexos,Oceanía,2008,374,EM
Extranjero,Ambos sexos,Total,2020,183132,EM
Extranjero,Ambos sexos,Total,2019,220156,EM
Extranjero,Ambos sexos,Total,2018,230266,EM
Extranjero,Ambos sexos,Total,2017,282033,EM
Extranjero,Ambos sexos,Total,2016,237500,EM
Extranjero,Ambos sexos,Total,2015,249230,EM
Extranjero,Ambos sexos,Total,2014,319989,EM
Extranjero,Ambos sexos,Total,2013,458974,EM
Extranjero,Ambos sexos,Total,2012,389339,EM
Extranjero,Ambos sexos,Total,2011,353562,EM
Extranjero,Ambos sexos,Total,2010,363221,EM
Extranjero,Ambos sexos,Total,2009,344128,EM
Extranjero,Ambos sexos,Total,2008,254927,EM
Extranjero,Ambos sexos,UE27_2020 sin España,2020,80696,EM
Extranjero,Ambos sexos,UE27_2020 sin España,2019,NA,EM
Extranjero,Ambos sexos,UE27_2020 sin España,2018,NA,EM
Extranjero,Ambos sexos,UE27_2020 sin España,2017,NA,EM
Extranjero,Ambos sexos,UE27_2020 sin España,2016,NA,EM
Extranjero,Ambos sexos,UE27_2020 sin España,2015,NA,EM
Extranjero,Ambos sexos,UE27_2020 sin España,2014,NA,EM
Extranjero,Ambos sexos,UE27_2020 sin España,2013,NA,EM
Extranjero,Ambos sexos,UE27_2020 sin España,2012,NA,EM
Extranjero,Ambos sexos,UE27_2020 sin España,2011,NA,EM
Extranjero,Ambos sexos,UE27_2020 sin España,2010,NA,EM
Extranjero,Ambos sexos,UE27_2020 sin España,2009,NA,EM
Extranjero,Ambos sexos,UE27_2020 sin España,2008,NA,EM
Extranjero,Ambos sexos,UE28 sin España,2020,NA,EM
Extranjero,Ambos sexos,UE28 sin España,2019,113459,EM
Extranjero,Ambos sexos,UE28 sin España,2018,126508,EM
Extranjero,Ambos sexos,UE28 sin España,2017,160615,EM
Extranjero,Ambos sexos,UE28 sin España,2016,134789,EM
Extranjero,Ambos sexos,UE28 sin España,2015,139210,EM
Extranjero,Ambos sexos,UE28 sin España,2014,158333,EM
Extranjero,Ambos sexos,UE28 sin España,2013,186071,EM
Extranjero,Ambos sexos,UE28 sin España,2012,151739,EM
Extranjero,Ambos sexos,UE28 sin España,2011,123906,EM
Extranjero,Ambos sexos,UE28 sin España,2010,146436,EM
Extranjero,Ambos sexos,UE28 sin España,2009,141516,EM
Extranjero,Ambos sexos,UE28 sin España,2008,97519,EM
Extranjero,Ambos sexos,Bélgica,2020,1880,EM
Extranjero,Ambos sexos,Bélgica,2019,2160,EM
Extranjero,Ambos sexos,Bélgica,2018,1922,EM
Extranjero,Ambos sexos,Bélgica,2017,2563,EM
Extranjero,Ambos sexos,Bélgica,2016,3559,EM
Extranjero,Ambos sexos,Bélgica,2015,3618,EM
Extranjero,Ambos sexos,Bélgica,2014,4264,EM
Extranjero,Ambos sexos,Bélgica,2013,4803,EM
Extranjero,Ambos sexos,Bélgica,2012,3941,EM
Extranjero,Ambos sexos,Bélgica,2011,5915,EM
Extranjero,Ambos sexos,Bélgica,2010,4177,EM
Extranjero,Ambos sexos,Bélgica,2009,4083,EM
Extranjero,Ambos sexos,Bélgica,2008,2552,EM
Extranjero,Ambos sexos,Bulgaria,2020,4870,EM
Extranjero,Ambos sexos,Bulgaria,2019,6866,EM
Extranjero,Ambos sexos,Bulgaria,2018,7487,EM
Extranjero,Ambos sexos,Bulgaria,2017,8322,EM
Extranjero,Ambos sexos,Bulgaria,2016,7907,EM
Extranjero,Ambos sexos,Bulgaria,2015,8666,EM
Extranjero,Ambos sexos,Bulgaria,2014,10082,EM
Extranjero,Ambos sexos,Bulgaria,2013,12691,EM
Extranjero,Ambos sexos,Bulgaria,2012,10708,EM
Extranjero,Ambos sexos,Bulgaria,2011,8113,EM
Extranjero,Ambos sexos,Bulgaria,2010,11039,EM
Extranjero,Ambos sexos,Bulgaria,2009,11091,EM
Extranjero,Ambos sexos,Bulgaria,2008,6903,EM
Extranjero,Ambos sexos,Dinamarca,2020,599,EM
Extranjero,Ambos sexos,Dinamarca,2019,652,EM
Extranjero,Ambos sexos,Dinamarca,2018,781,EM
Extranjero,Ambos sexos,Dinamarca,2017,977,EM
Extranjero,Ambos sexos,Dinamarca,2016,877,EM
Extranjero,Ambos sexos,Dinamarca,2015,769,EM
Extranjero,Ambos sexos,Dinamarca,2014,734,EM
Extranjero,Ambos sexos,Dinamarca,2013,632,EM
Extranjero,Ambos sexos,Dinamarca,2012,589,EM
Extranjero,Ambos sexos,Dinamarca,2011,565,EM
Extranjero,Ambos sexos,Dinamarca,2010,678,EM
Extranjero,Ambos sexos,Dinamarca,2009,568,EM
Extranjero,Ambos sexos,Dinamarca,2008,476,EM
Extranjero,Ambos sexos,Finlandia,2020,719,EM
Extranjero,Ambos sexos,Finlandia,2019,779,EM
Extranjero,Ambos sexos,Finlandia,2018,787,EM
Extranjero,Ambos sexos,Finlandia,2017,901,EM
Extranjero,Ambos sexos,Finlandia,2016,965,EM
Extranjero,Ambos sexos,Finlandia,2015,570,EM
Extranjero,Ambos sexos,Finlandia,2014,541,EM
Extranjero,Ambos sexos,Finlandia,2013,527,EM
Extranjero,Ambos sexos,Finlandia,2012,331,EM
Extranjero,Ambos sexos,Finlandia,2011,304,EM
Extranjero,Ambos sexos,Finlandia,2010,217,EM
Extranjero,Ambos sexos,Finlandia,2009,336,EM
Extranjero,Ambos sexos,Finlandia,2008,185,EM
Extranjero,Ambos sexos,Francia,2020,9600,EM
Extranjero,Ambos sexos,Francia,2019,10797,EM
Extranjero,Ambos sexos,Francia,2018,11276,EM
Extranjero,Ambos sexos,Francia,2017,13156,EM
Extranjero,Ambos sexos,Francia,2016,13887,EM
Extranjero,Ambos sexos,Francia,2015,14460,EM
Extranjero,Ambos sexos,Francia,2014,16173,EM
Extranjero,Ambos sexos,Francia,2013,20350,EM
Extranjero,Ambos sexos,Francia,2012,16635,EM
Extranjero,Ambos sexos,Francia,2011,14856,EM
Extranjero,Ambos sexos,Francia,2010,17252,EM
Extranjero,Ambos sexos,Francia,2009,14162,EM
Extranjero,Ambos sexos,Francia,2008,9621,EM
Extranjero,Ambos sexos,Irlanda,2020,629,EM
Extranjero,Ambos sexos,Irlanda,2019,752,EM
Extranjero,Ambos sexos,Irlanda,2018,1214,EM
Extranjero,Ambos sexos,Irlanda,2017,1260,EM
Extranjero,Ambos sexos,Irlanda,2016,1211,EM
Extranjero,Ambos sexos,Irlanda,2015,892,EM
Extranjero,Ambos sexos,Irlanda,2014,1027,EM
Extranjero,Ambos sexos,Irlanda,2013,849,EM
Extranjero,Ambos sexos,Irlanda,2012,465,EM
Extranjero,Ambos sexos,Irlanda,2011,496,EM
Extranjero,Ambos sexos,Irlanda,2010,581,EM
Extranjero,Ambos sexos,Irlanda,2009,639,EM
Extranjero,Ambos sexos,Irlanda,2008,307,EM
Extranjero,Ambos sexos,Italia,2020,7272,EM
Extranjero,Ambos sexos,Italia,2019,7043,EM
Extranjero,Ambos sexos,Italia,2018,6805,EM
Extranjero,Ambos sexos,Italia,2017,8376,EM
Extranjero,Ambos sexos,Italia,2016,6794,EM
Extranjero,Ambos sexos,Italia,2015,6776,EM
Extranjero,Ambos sexos,Italia,2014,8541,EM
Extranjero,Ambos sexos,Italia,2013,9450,EM
Extranjero,Ambos sexos,Italia,2012,6347,EM
Extranjero,Ambos sexos,Italia,2011,6687,EM
Extranjero,Ambos sexos,Italia,2010,8693,EM
Extranjero,Ambos sexos,Italia,2009,7490,EM
Extranjero,Ambos sexos,Italia,2008,6110,EM
Extranjero,Ambos sexos,Países Bajos,2020,2325,EM
Extranjero,Ambos sexos,Países Bajos,2019,3293,EM
Extranjero,Ambos sexos,Países Bajos,2018,2570,EM
Extranjero,Ambos sexos,Países Bajos,2017,3624,EM
Extranjero,Ambos sexos,Países Bajos,2016,3416,EM
Extranjero,Ambos sexos,Países Bajos,2015,3360,EM
Extranjero,Ambos sexos,Países Bajos,2014,4508,EM
Extranjero,Ambos sexos,Países Bajos,2013,4559,EM
Extranjero,Ambos sexos,Países Bajos,2012,3351,EM
Extranjero,Ambos sexos,Países Bajos,2011,3736,EM
Extranjero,Ambos sexos,Países Bajos,2010,4227,EM
Extranjero,Ambos sexos,Países Bajos,2009,4185,EM
Extranjero,Ambos sexos,Países Bajos,2008,2886,EM
Extranjero,Ambos sexos,Polonia,2020,1798,EM
Extranjero,Ambos sexos,Polonia,2019,2941,EM
Extranjero,Ambos sexos,Polonia,2018,2590,EM
Extranjero,Ambos sexos,Polonia,2017,4268,EM
Extranjero,Ambos sexos,Polonia,2016,2954,EM
Extranjero,Ambos sexos,Polonia,2015,3187,EM
Extranjero,Ambos sexos,Polonia,2014,4212,EM
Extranjero,Ambos sexos,Polonia,2013,5012,EM
Extranjero,Ambos sexos,Polonia,2012,5343,EM
Extranjero,Ambos sexos,Polonia,2011,4801,EM
Extranjero,Ambos sexos,Polonia,2010,6605,EM
Extranjero,Ambos sexos,Polonia,2009,6982,EM
Extranjero,Ambos sexos,Polonia,2008,5248,EM
Extranjero,Ambos sexos,Portugal,2020,5772,EM
Extranjero,Ambos sexos,Portugal,2019,6010,EM
Extranjero,Ambos sexos,Portugal,2018,6877,EM
Extranjero,Ambos sexos,Portugal,2017,8904,EM
Extranjero,Ambos sexos,Portugal,2016,6771,EM
Extranjero,Ambos sexos,Portugal,2015,6772,EM
Extranjero,Ambos sexos,Portugal,2014,8922,EM
Extranjero,Ambos sexos,Portugal,2013,10271,EM
Extranjero,Ambos sexos,Portugal,2012,9856,EM
Extranjero,Ambos sexos,Portugal,2011,10391,EM
Extranjero,Ambos sexos,Portugal,2010,13443,EM
Extranjero,Ambos sexos,Portugal,2009,13704,EM
Extranjero,Ambos sexos,Portugal,2008,9178,EM
Extranjero,Ambos sexos,Alemania,2020,9051,EM
Extranjero,Ambos sexos,Alemania,2019,10792,EM
Extranjero,Ambos sexos,Alemania,2018,11330,EM
Extranjero,Ambos sexos,Alemania,2017,13928,EM
Extranjero,Ambos sexos,Alemania,2016,13435,EM
Extranjero,Ambos sexos,Alemania,2015,15025,EM
Extranjero,Ambos sexos,Alemania,2014,16038,EM
Extranjero,Ambos sexos,Alemania,2013,18863,EM
Extranjero,Ambos sexos,Alemania,2012,12152,EM
Extranjero,Ambos sexos,Alemania,2011,10535,EM
Extranjero,Ambos sexos,Alemania,2010,11411,EM
Extranjero,Ambos sexos,Alemania,2009,9785,EM
Extranjero,Ambos sexos,Alemania,2008,7345,EM
Extranjero,Ambos sexos,Rumanía,2020,32591,EM
Extranjero,Ambos sexos,Rumanía,2019,42168,EM
Extranjero,Ambos sexos,Rumanía,2018,45683,EM
Extranjero,Ambos sexos,Rumanía,2017,58117,EM
Extranjero,Ambos sexos,Rumanía,2016,43465,EM
Extranjero,Ambos sexos,Rumanía,2015,46002,EM
Extranjero,Ambos sexos,Rumanía,2014,53170,EM
Extranjero,Ambos sexos,Rumanía,2013,69976,EM
Extranjero,Ambos sexos,Rumanía,2012,63817,EM
Extranjero,Ambos sexos,Rumanía,2011,42442,EM
Extranjero,Ambos sexos,Rumanía,2010,49353,EM
Extranjero,Ambos sexos,Rumanía,2009,51446,EM
Extranjero,Ambos sexos,Rumanía,2008,33641,EM
Extranjero,Ambos sexos,Suecia,2020,1146,EM
Extranjero,Ambos sexos,Suecia,2019,1286,EM
Extranjero,Ambos sexos,Suecia,2018,1385,EM
Extranjero,Ambos sexos,Suecia,2017,1824,EM
Extranjero,Ambos sexos,Suecia,2016,1848,EM
Extranjero,Ambos sexos,Suecia,2015,1459,EM
Extranjero,Ambos sexos,Suecia,2014,1629,EM
Extranjero,Ambos sexos,Suecia,2013,1580,EM
Extranjero,Ambos sexos,Suecia,2012,1037,EM
Extranjero,Ambos sexos,Suecia,2011,1024,EM
Extranjero,Ambos sexos,Suecia,2010,1188,EM
Extranjero,Ambos sexos,Suecia,2009,1194,EM
Extranjero,Ambos sexos,Suecia,2008,697,EM
Extranjero,Ambos sexos,Lituania,2020,466,EM
Extranjero,Ambos sexos,Lituania,2019,563,EM
Extranjero,Ambos sexos,Lituania,2018,762,EM
Extranjero,Ambos sexos,Lituania,2017,1198,EM
Extranjero,Ambos sexos,Lituania,2016,844,EM
Extranjero,Ambos sexos,Lituania,2015,1010,EM
Extranjero,Ambos sexos,Lituania,2014,1181,EM
Extranjero,Ambos sexos,Lituania,2013,1339,EM
Extranjero,Ambos sexos,Lituania,2012,1243,EM
Extranjero,Ambos sexos,Lituania,2011,1000,EM
Extranjero,Ambos sexos,Lituania,2010,1265,EM
Extranjero,Ambos sexos,Lituania,2009,1523,EM
Extranjero,Ambos sexos,Lituania,2008,1231,EM
Extranjero,Ambos sexos,Otro país de la Unión Europea sin España,2020,1978,EM
Extranjero,Ambos sexos,Otro país de la Unión Europea sin España,2019,2081,EM
Extranjero,Ambos sexos,Otro país de la Unión Europea sin España,2018,1897,EM
Extranjero,Ambos sexos,Otro país de la Unión Europea sin España,2017,2648,EM
Extranjero,Ambos sexos,Otro país de la Unión Europea sin España,2016,3089,EM
Extranjero,Ambos sexos,Otro país de la Unión Europea sin España,2015,3535,EM
Extranjero,Ambos sexos,Otro país de la Unión Europea sin España,2014,3268,EM
Extranjero,Ambos sexos,Otro país de la Unión Europea sin España,2013,3305,EM
Extranjero,Ambos sexos,Otro país de la Unión Europea sin España,2012,3060,EM
Extranjero,Ambos sexos,Otro país de la Unión Europea sin España,2011,2601,EM
Extranjero,Ambos sexos,Otro país de la Unión Europea sin España,2010,2862,EM
Extranjero,Ambos sexos,Otro país de la Unión Europea sin España,2009,3386,EM
Extranjero,Ambos sexos,Otro país de la Unión Europea sin España,2008,2154,EM
Extranjero,Ambos sexos,Europa menos UE27_2020,2020,25192,EM
Extranjero,Ambos sexos,Europa menos UE27_2020,2019,NA,EM
Extranjero,Ambos sexos,Europa menos UE27_2020,2018,NA,EM
Extranjero,Ambos sexos,Europa menos UE27_2020,2017,NA,EM
Extranjero,Ambos sexos,Europa menos UE27_2020,2016,NA,EM
Extranjero,Ambos sexos,Europa menos UE27_2020,2015,NA,EM
Extranjero,Ambos sexos,Europa menos UE27_2020,2014,NA,EM
Extranjero,Ambos sexos,Europa menos UE27_2020,2013,NA,EM
Extranjero,Ambos sexos,Europa menos UE27_2020,2012,NA,EM
Extranjero,Ambos sexos,Europa menos UE27_2020,2011,NA,EM
Extranjero,Ambos sexos,Europa menos UE27_2020,2010,NA,EM
Extranjero,Ambos sexos,Europa menos UE27_2020,2009,NA,EM
Extranjero,Ambos sexos,Europa menos UE27_2020,2008,NA,EM
Extranjero,Ambos sexos,Reino Unido,2020,15789,EM
Extranjero,Ambos sexos,Reino Unido,2019,15276,EM
Extranjero,Ambos sexos,Reino Unido,2018,23142,EM
Extranjero,Ambos sexos,Reino Unido,2017,30549,EM
Extranjero,Ambos sexos,Reino Unido,2016,23766,EM
Extranjero,Ambos sexos,Reino Unido,2015,23111,EM
Extranjero,Ambos sexos,Reino Unido,2014,24044,EM
Extranjero,Ambos sexos,Reino Unido,2013,21864,EM
Extranjero,Ambos sexos,Reino Unido,2012,12865,EM
Extranjero,Ambos sexos,Reino Unido,2011,10441,EM
Extranjero,Ambos sexos,Reino Unido,2010,13445,EM
Extranjero,Ambos sexos,Reino Unido,2009,10943,EM
Extranjero,Ambos sexos,Reino Unido,2008,8984,EM
Extranjero,Ambos sexos,País de Europa menos UE28,2020,NA,EM
Extranjero,Ambos sexos,País de Europa menos UE28,2019,11322,EM
Extranjero,Ambos sexos,País de Europa menos UE28,2018,11250,EM
Extranjero,Ambos sexos,País de Europa menos UE28,2017,13379,EM
Extranjero,Ambos sexos,País de Europa menos UE28,2016,11381,EM
Extranjero,Ambos sexos,País de Europa menos UE28,2015,9379,EM
Extranjero,Ambos sexos,País de Europa menos UE28,2014,12529,EM
Extranjero,Ambos sexos,País de Europa menos UE28,2013,17834,EM
Extranjero,Ambos sexos,País de Europa menos UE28,2012,13615,EM
Extranjero,Ambos sexos,País de Europa menos UE28,2011,12402,EM
Extranjero,Ambos sexos,País de Europa menos UE28,2010,12674,EM
Extranjero,Ambos sexos,País de Europa menos UE28,2009,12776,EM
Extranjero,Ambos sexos,País de Europa menos UE28,2008,11515,EM
Extranjero,Ambos sexos,Noruega,2020,1195,EM
Extranjero,Ambos sexos,Noruega,2019,1763,EM
Extranjero,Ambos sexos,Noruega,2018,1397,EM
Extranjero,Ambos sexos,Noruega,2017,2177,EM
Extranjero,Ambos sexos,Noruega,2016,1793,EM
Extranjero,Ambos sexos,Noruega,2015,1130,EM
Extranjero,Ambos sexos,Noruega,2014,1722,EM
Extranjero,Ambos sexos,Noruega,2013,1234,EM
Extranjero,Ambos sexos,Noruega,2012,896,EM
Extranjero,Ambos sexos,Noruega,2011,568,EM
Extranjero,Ambos sexos,Noruega,2010,673,EM
Extranjero,Ambos sexos,Noruega,2009,515,EM
Extranjero,Ambos sexos,Noruega,2008,587,EM
Extranjero,Ambos sexos,Suiza,2020,934,EM
Extranjero,Ambos sexos,Suiza,2019,1024,EM
Extranjero,Ambos sexos,Suiza,2018,1130,EM
Extranjero,Ambos sexos,Suiza,2017,1253,EM
Extranjero,Ambos sexos,Suiza,2016,2214,EM
Extranjero,Ambos sexos,Suiza,2015,1966,EM
Extranjero,Ambos sexos,Suiza,2014,2739,EM
Extranjero,Ambos sexos,Suiza,2013,3285,EM
Extranjero,Ambos sexos,Suiza,2012,2176,EM
Extranjero,Ambos sexos,Suiza,2011,2284,EM
Extranjero,Ambos sexos,Suiza,2010,2211,EM
Extranjero,Ambos sexos,Suiza,2009,2007,EM
Extranjero,Ambos sexos,Suiza,2008,1587,EM
Extranjero,Ambos sexos,Ucrania,2020,2383,EM
Extranjero,Ambos sexos,Ucrania,2019,2981,EM
Extranjero,Ambos sexos,Ucrania,2018,2953,EM
Extranjero,Ambos sexos,Ucrania,2017,3294,EM
Extranjero,Ambos sexos,Ucrania,2016,2332,EM
Extranjero,Ambos sexos,Ucrania,2015,1854,EM
Extranjero,Ambos sexos,Ucrania,2014,2673,EM
Extranjero,Ambos sexos,Ucrania,2013,5117,EM
Extranjero,Ambos sexos,Ucrania,2012,4206,EM
Extranjero,Ambos sexos,Ucrania,2011,3856,EM
Extranjero,Ambos sexos,Ucrania,2010,3974,EM
Extranjero,Ambos sexos,Ucrania,2009,4354,EM
Extranjero,Ambos sexos,Ucrania,2008,3949,EM
Extranjero,Ambos sexos,Moldavia,2020,272,EM
Extranjero,Ambos sexos,Moldavia,2019,337,EM
Extranjero,Ambos sexos,Moldavia,2018,679,EM
Extranjero,Ambos sexos,Moldavia,2017,409,EM
Extranjero,Ambos sexos,Moldavia,2016,534,EM
Extranjero,Ambos sexos,Moldavia,2015,292,EM
Extranjero,Ambos sexos,Moldavia,2014,436,EM
Extranjero,Ambos sexos,Moldavia,2013,818,EM
Extranjero,Ambos sexos,Moldavia,2012,853,EM
Extranjero,Ambos sexos,Moldavia,2011,692,EM
Extranjero,Ambos sexos,Moldavia,2010,783,EM
Extranjero,Ambos sexos,Moldavia,2009,865,EM
Extranjero,Ambos sexos,Moldavia,2008,691,EM
Extranjero,Ambos sexos,Rusia,2020,3420,EM
Extranjero,Ambos sexos,Rusia,2019,3968,EM
Extranjero,Ambos sexos,Rusia,2018,4004,EM
Extranjero,Ambos sexos,Rusia,2017,4989,EM
Extranjero,Ambos sexos,Rusia,2016,3374,EM
Extranjero,Ambos sexos,Rusia,2015,2929,EM
Extranjero,Ambos sexos,Rusia,2014,3345,EM
Extranjero,Ambos sexos,Rusia,2013,4836,EM
Extranjero,Ambos sexos,Rusia,2012,3334,EM
Extranjero,Ambos sexos,Rusia,2011,2804,EM
Extranjero,Ambos sexos,Rusia,2010,2924,EM
Extranjero,Ambos sexos,Rusia,2009,2923,EM
Extranjero,Ambos sexos,Rusia,2008,2866,EM
Extranjero,Ambos sexos,Otro país del resto de Europa,2020,1199,EM
Extranjero,Ambos sexos,Otro país del resto de Europa,2019,1249,EM
Extranjero,Ambos sexos,Otro país del resto de Europa,2018,1087,EM
Extranjero,Ambos sexos,Otro país del resto de Europa,2017,1257,EM
Extranjero,Ambos sexos,Otro país del resto de Europa,2016,1135,EM
Extranjero,Ambos sexos,Otro país del resto de Europa,2015,1209,EM
Extranjero,Ambos sexos,Otro país del resto de Europa,2014,1614,EM
Extranjero,Ambos sexos,Otro país del resto de Europa,2013,2543,EM
Extranjero,Ambos sexos,Otro país del resto de Europa,2012,2150,EM
Extranjero,Ambos sexos,Otro país del resto de Europa,2011,2199,EM
Extranjero,Ambos sexos,Otro país del resto de Europa,2010,2108,EM
Extranjero,Ambos sexos,Otro país del resto de Europa,2009,2113,EM
Extranjero,Ambos sexos,Otro país del resto de Europa,2008,1835,EM
Extranjero,Ambos sexos,África,2020,22486,EM
Extranjero,Ambos sexos,África,2019,23718,EM
Extranjero,Ambos sexos,África,2018,27415,EM
Extranjero,Ambos sexos,África,2017,31727,EM
Extranjero,Ambos sexos,África,2016,26618,EM
Extranjero,Ambos sexos,África,2015,27292,EM
Extranjero,Ambos sexos,África,2014,37118,EM
Extranjero,Ambos sexos,África,2013,59641,EM
Extranjero,Ambos sexos,África,2012,56137,EM
Extranjero,Ambos sexos,África,2011,55009,EM
Extranjero,Ambos sexos,África,2010,49396,EM
Extranjero,Ambos sexos,África,2009,42773,EM
Extranjero,Ambos sexos,África,2008,34851,EM
Extranjero,Ambos sexos,Argelia,2020,3131,EM
Extranjero,Ambos sexos,Argelia,2019,2759,EM
Extranjero,Ambos sexos,Argelia,2018,3066,EM
Extranjero,Ambos sexos,Argelia,2017,3931,EM
Extranjero,Ambos sexos,Argelia,2016,3388,EM
Extranjero,Ambos sexos,Argelia,2015,3103,EM
Extranjero,Ambos sexos,Argelia,2014,4476,EM
Extranjero,Ambos sexos,Argelia,2013,5159,EM
Extranjero,Ambos sexos,Argelia,2012,4835,EM
Extranjero,Ambos sexos,Argelia,2011,4974,EM
Extranjero,Ambos sexos,Argelia,2010,4143,EM
Extranjero,Ambos sexos,Argelia,2009,3567,EM
Extranjero,Ambos sexos,Argelia,2008,2789,EM
Extranjero,Ambos sexos,Gambia,2020,280,EM
Extranjero,Ambos sexos,Gambia,2019,270,EM
Extranjero,Ambos sexos,Gambia,2018,563,EM
Extranjero,Ambos sexos,Gambia,2017,747,EM
Extranjero,Ambos sexos,Gambia,2016,311,EM
Extranjero,Ambos sexos,Gambia,2015,374,EM
Extranjero,Ambos sexos,Gambia,2014,648,EM
Extranjero,Ambos sexos,Gambia,2013,1092,EM
Extranjero,Ambos sexos,Gambia,2012,1125,EM
Extranjero,Ambos sexos,Gambia,2011,1211,EM
Extranjero,Ambos sexos,Gambia,2010,975,EM
Extranjero,Ambos sexos,Gambia,2009,693,EM
Extranjero,Ambos sexos,Gambia,2008,549,EM
Extranjero,Ambos sexos,Ghana,2020,122,EM
Extranjero,Ambos sexos,Ghana,2019,115,EM
Extranjero,Ambos sexos,Ghana,2018,208,EM
Extranjero,Ambos sexos,Ghana,2017,338,EM
Extranjero,Ambos sexos,Ghana,2016,264,EM
Extranjero,Ambos sexos,Ghana,2015,300,EM
Extranjero,Ambos sexos,Ghana,2014,412,EM
Extranjero,Ambos sexos,Ghana,2013,1021,EM
Extranjero,Ambos sexos,Ghana,2012,1161,EM
Extranjero,Ambos sexos,Ghana,2011,725,EM
Extranjero,Ambos sexos,Ghana,2010,806,EM
Extranjero,Ambos sexos,Ghana,2009,727,EM
Extranjero,Ambos sexos,Ghana,2008,424,EM
Extranjero,Ambos sexos,Guinea,2020,63,EM
Extranjero,Ambos sexos,Guinea,2019,169,EM
Extranjero,Ambos sexos,Guinea,2018,172,EM
Extranjero,Ambos sexos,Guinea,2017,166,EM
Extranjero,Ambos sexos,Guinea,2016,189,EM
Extranjero,Ambos sexos,Guinea,2015,246,EM
Extranjero,Ambos sexos,Guinea,2014,189,EM
Extranjero,Ambos sexos,Guinea,2013,711,EM
Extranjero,Ambos sexos,Guinea,2012,373,EM
Extranjero,Ambos sexos,Guinea,2011,375,EM
Extranjero,Ambos sexos,Guinea,2010,402,EM
Extranjero,Ambos sexos,Guinea,2009,410,EM
Extranjero,Ambos sexos,Guinea,2008,334,EM
Extranjero,Ambos sexos,Guinea Ecuatorial,2020,527,EM
Extranjero,Ambos sexos,Guinea Ecuatorial,2019,650,EM
Extranjero,Ambos sexos,Guinea Ecuatorial,2018,1034,EM
Extranjero,Ambos sexos,Guinea Ecuatorial,2017,967,EM
Extranjero,Ambos sexos,Guinea Ecuatorial,2016,701,EM
Extranjero,Ambos sexos,Guinea Ecuatorial,2015,512,EM
Extranjero,Ambos sexos,Guinea Ecuatorial,2014,953,EM
Extranjero,Ambos sexos,Guinea Ecuatorial,2013,1656,EM
Extranjero,Ambos sexos,Guinea Ecuatorial,2012,1497,EM
Extranjero,Ambos sexos,Guinea Ecuatorial,2011,1587,EM
Extranjero,Ambos sexos,Guinea Ecuatorial,2010,1616,EM
Extranjero,Ambos sexos,Guinea Ecuatorial,2009,1685,EM
Extranjero,Ambos sexos,Guinea Ecuatorial,2008,1282,EM
Extranjero,Ambos sexos,Mali,2020,408,EM
Extranjero,Ambos sexos,Mali,2019,454,EM
Extranjero,Ambos sexos,Mali,2018,525,EM
Extranjero,Ambos sexos,Mali,2017,720,EM
Extranjero,Ambos sexos,Mali,2016,575,EM
Extranjero,Ambos sexos,Mali,2015,552,EM
Extranjero,Ambos sexos,Mali,2014,1103,EM
Extranjero,Ambos sexos,Mali,2013,1899,EM
Extranjero,Ambos sexos,Mali,2012,1642,EM
Extranjero,Ambos sexos,Mali,2011,2093,EM
Extranjero,Ambos sexos,Mali,2010,1453,EM
Extranjero,Ambos sexos,Mali,2009,929,EM
Extranjero,Ambos sexos,Mali,2008,909,EM
Extranjero,Ambos sexos,Marruecos,2020,15311,EM
Extranjero,Ambos sexos,Marruecos,2019,16576,EM
Extranjero,Ambos sexos,Marruecos,2018,18259,EM
Extranjero,Ambos sexos,Marruecos,2017,21180,EM
Extranjero,Ambos sexos,Marruecos,2016,17550,EM
Extranjero,Ambos sexos,Marruecos,2015,17471,EM
Extranjero,Ambos sexos,Marruecos,2014,23581,EM
Extranjero,Ambos sexos,Marruecos,2013,39134,EM
Extranjero,Ambos sexos,Marruecos,2012,36857,EM
Extranjero,Ambos sexos,Marruecos,2011,36110,EM
Extranjero,Ambos sexos,Marruecos,2010,32640,EM
Extranjero,Ambos sexos,Marruecos,2009,28681,EM
Extranjero,Ambos sexos,Marruecos,2008,23954,EM
Extranjero,Ambos sexos,Mauritania,2020,178,EM
Extranjero,Ambos sexos,Mauritania,2019,129,EM
Extranjero,Ambos sexos,Mauritania,2018,207,EM
Extranjero,Ambos sexos,Mauritania,2017,372,EM
Extranjero,Ambos sexos,Mauritania,2016,209,EM
Extranjero,Ambos sexos,Mauritania,2015,329,EM
Extranjero,Ambos sexos,Mauritania,2014,324,EM
Extranjero,Ambos sexos,Mauritania,2013,487,EM
Extranjero,Ambos sexos,Mauritania,2012,557,EM
Extranjero,Ambos sexos,Mauritania,2011,519,EM
Extranjero,Ambos sexos,Mauritania,2010,486,EM
Extranjero,Ambos sexos,Mauritania,2009,302,EM
Extranjero,Ambos sexos,Mauritania,2008,250,EM
Extranjero,Ambos sexos,Nigeria,2020,392,EM
Extranjero,Ambos sexos,Nigeria,2019,580,EM
Extranjero,Ambos sexos,Nigeria,2018,803,EM
Extranjero,Ambos sexos,Nigeria,2017,1066,EM
Extranjero,Ambos sexos,Nigeria,2016,776,EM
Extranjero,Ambos sexos,Nigeria,2015,1378,EM
Extranjero,Ambos sexos,Nigeria,2014,1650,EM
Extranjero,Ambos sexos,Nigeria,2013,2680,EM
Extranjero,Ambos sexos,Nigeria,2012,2446,EM
Extranjero,Ambos sexos,Nigeria,2011,2604,EM
Extranjero,Ambos sexos,Nigeria,2010,2675,EM
Extranjero,Ambos sexos,Nigeria,2009,2583,EM
Extranjero,Ambos sexos,Nigeria,2008,2048,EM
Extranjero,Ambos sexos,Senegal,2020,1499,EM
Extranjero,Ambos sexos,Senegal,2019,1506,EM
Extranjero,Ambos sexos,Senegal,2018,1807,EM
Extranjero,Ambos sexos,Senegal,2017,1637,EM
Extranjero,Ambos sexos,Senegal,2016,1816,EM
Extranjero,Ambos sexos,Senegal,2015,2192,EM
Extranjero,Ambos sexos,Senegal,2014,2985,EM
Extranjero,Ambos sexos,Senegal,2013,4759,EM
Extranjero,Ambos sexos,Senegal,2012,4025,EM
Extranjero,Ambos sexos,Senegal,2011,3555,EM
Extranjero,Ambos sexos,Senegal,2010,3245,EM
Extranjero,Ambos sexos,Senegal,2009,2237,EM
Extranjero,Ambos sexos,Senegal,2008,1520,EM
Extranjero,Ambos sexos,Otro país de África,2020,575,EM
Extranjero,Ambos sexos,Otro país de África,2019,510,EM
Extranjero,Ambos sexos,Otro país de África,2018,771,EM
Extranjero,Ambos sexos,Otro país de África,2017,603,EM
Extranjero,Ambos sexos,Otro país de África,2016,839,EM
Extranjero,Ambos sexos,Otro país de África,2015,836,EM
Extranjero,Ambos sexos,Otro país de África,2014,797,EM
Extranjero,Ambos sexos,Otro país de África,2013,1041,EM
Extranjero,Ambos sexos,Otro país de África,2012,1619,EM
Extranjero,Ambos sexos,Otro país de África,2011,1256,EM
Extranjero,Ambos sexos,Otro país de África,2010,952,EM
Extranjero,Ambos sexos,Otro país de África,2009,957,EM
Extranjero,Ambos sexos,Otro país de África,2008,793,EM
Extranjero,Ambos sexos,América del Norte,2020,6343,EM
Extranjero,Ambos sexos,América del Norte,2019,7240,EM
Extranjero,Ambos sexos,América del Norte,2018,6946,EM
Extranjero,Ambos sexos,América del Norte,2017,8506,EM
Extranjero,Ambos sexos,América del Norte,2016,8483,EM
Extranjero,Ambos sexos,América del Norte,2015,7059,EM
Extranjero,Ambos sexos,América del Norte,2014,8536,EM
Extranjero,Ambos sexos,América del Norte,2013,12075,EM
Extranjero,Ambos sexos,América del Norte,2012,7532,EM
Extranjero,Ambos sexos,América del Norte,2011,7172,EM
Extranjero,Ambos sexos,América del Norte,2010,6702,EM
Extranjero,Ambos sexos,América del Norte,2009,6743,EM
Extranjero,Ambos sexos,América del Norte,2008,6543,EM
Extranjero,Ambos sexos,Estados Unidos de América,2020,4481,EM
Extranjero,Ambos sexos,Estados Unidos de América,2019,4566,EM
Extranjero,Ambos sexos,Estados Unidos de América,2018,4438,EM
Extranjero,Ambos sexos,Estados Unidos de América,2017,5616,EM
Extranjero,Ambos sexos,Estados Unidos de América,2016,5940,EM
Extranjero,Ambos sexos,Estados Unidos de América,2015,4780,EM
Extranjero,Ambos sexos,Estados Unidos de América,2014,5610,EM
Extranjero,Ambos sexos,Estados Unidos de América,2013,6699,EM
Extranjero,Ambos sexos,Estados Unidos de América,2012,3811,EM
Extranjero,Ambos sexos,Estados Unidos de América,2011,4144,EM
Extranjero,Ambos sexos,Estados Unidos de América,2010,3592,EM
Extranjero,Ambos sexos,Estados Unidos de América,2009,3570,EM
Extranjero,Ambos sexos,Estados Unidos de América,2008,3879,EM
Extranjero,Ambos sexos,México,2020,1567,EM
Extranjero,Ambos sexos,México,2019,2274,EM
Extranjero,Ambos sexos,México,2018,2175,EM
Extranjero,Ambos sexos,México,2017,2519,EM
Extranjero,Ambos sexos,México,2016,1751,EM
Extranjero,Ambos sexos,México,2015,1883,EM
Extranjero,Ambos sexos,México,2014,2460,EM
Extranjero,Ambos sexos,México,2013,4502,EM
Extranjero,Ambos sexos,México,2012,2946,EM
Extranjero,Ambos sexos,México,2011,2726,EM
Extranjero,Ambos sexos,México,2010,2793,EM
Extranjero,Ambos sexos,México,2009,2625,EM
Extranjero,Ambos sexos,México,2008,2393,EM
Extranjero,Ambos sexos,Canadá,2020,295,EM
Extranjero,Ambos sexos,Canadá,2019,400,EM
Extranjero,Ambos sexos,Canadá,2018,333,EM
Extranjero,Ambos sexos,Canadá,2017,371,EM
Extranjero,Ambos sexos,Canadá,2016,791,EM
Extranjero,Ambos sexos,Canadá,2015,396,EM
Extranjero,Ambos sexos,Canadá,2014,465,EM
Extranjero,Ambos sexos,Canadá,2013,875,EM
Extranjero,Ambos sexos,Canadá,2012,775,EM
Extranjero,Ambos sexos,Canadá,2011,302,EM
Extranjero,Ambos sexos,Canadá,2010,317,EM
Extranjero,Ambos sexos,Canadá,2009,548,EM
Extranjero,Ambos sexos,Canadá,2008,270,EM
Extranjero,Ambos sexos,Centro América y Caribe,2020,6845,EM
Extranjero,Ambos sexos,Centro América y Caribe,2019,8293,EM
Extranjero,Ambos sexos,Centro América y Caribe,2018,6912,EM
Extranjero,Ambos sexos,Centro América y Caribe,2017,7568,EM
Extranjero,Ambos sexos,Centro América y Caribe,2016,6636,EM
Extranjero,Ambos sexos,Centro América y Caribe,2015,7098,EM
Extranjero,Ambos sexos,Centro América y Caribe,2014,9682,EM
Extranjero,Ambos sexos,Centro América y Caribe,2013,15636,EM
Extranjero,Ambos sexos,Centro América y Caribe,2012,11448,EM
Extranjero,Ambos sexos,Centro América y Caribe,2011,9671,EM
Extranjero,Ambos sexos,Centro América y Caribe,2010,8764,EM
Extranjero,Ambos sexos,Centro América y Caribe,2009,8063,EM
Extranjero,Ambos sexos,Centro América y Caribe,2008,5979,EM
Extranjero,Ambos sexos,Cuba,2020,969,EM
Extranjero,Ambos sexos,Cuba,2019,1394,EM
Extranjero,Ambos sexos,Cuba,2018,1373,EM
Extranjero,Ambos sexos,Cuba,2017,1291,EM
Extranjero,Ambos sexos,Cuba,2016,864,EM
Extranjero,Ambos sexos,Cuba,2015,903,EM
Extranjero,Ambos sexos,Cuba,2014,1195,EM
Extranjero,Ambos sexos,Cuba,2013,1723,EM
Extranjero,Ambos sexos,Cuba,2012,1670,EM
Extranjero,Ambos sexos,Cuba,2011,1537,EM
Extranjero,Ambos sexos,Cuba,2010,1900,EM
Extranjero,Ambos sexos,Cuba,2009,1802,EM
Extranjero,Ambos sexos,Cuba,2008,1063,EM
Extranjero,Ambos sexos,Honduras,2020,2349,EM
Extranjero,Ambos sexos,Honduras,2019,2580,EM
Extranjero,Ambos sexos,Honduras,2018,1684,EM
Extranjero,Ambos sexos,Honduras,2017,1483,EM
Extranjero,Ambos sexos,Honduras,2016,1554,EM
Extranjero,Ambos sexos,Honduras,2015,1427,EM
Extranjero,Ambos sexos,Honduras,2014,2144,EM
Extranjero,Ambos sexos,Honduras,2013,3570,EM
Extranjero,Ambos sexos,Honduras,2012,2345,EM
Extranjero,Ambos sexos,Honduras,2011,1777,EM
Extranjero,Ambos sexos,Honduras,2010,1639,EM
Extranjero,Ambos sexos,Honduras,2009,1503,EM
Extranjero,Ambos sexos,Honduras,2008,1275,EM
Extranjero,Ambos sexos,Nicaragua,2020,1075,EM
Extranjero,Ambos sexos,Nicaragua,2019,923,EM
Extranjero,Ambos sexos,Nicaragua,2018,672,EM
Extranjero,Ambos sexos,Nicaragua,2017,1194,EM
Extranjero,Ambos sexos,Nicaragua,2016,953,EM
Extranjero,Ambos sexos,Nicaragua,2015,967,EM
Extranjero,Ambos sexos,Nicaragua,2014,1234,EM
Extranjero,Ambos sexos,Nicaragua,2013,2108,EM
Extranjero,Ambos sexos,Nicaragua,2012,1269,EM
Extranjero,Ambos sexos,Nicaragua,2011,868,EM
Extranjero,Ambos sexos,Nicaragua,2010,644,EM
Extranjero,Ambos sexos,Nicaragua,2009,610,EM
Extranjero,Ambos sexos,Nicaragua,2008,473,EM
Extranjero,Ambos sexos,República Dominicana,2020,1618,EM
Extranjero,Ambos sexos,República Dominicana,2019,2324,EM
Extranjero,Ambos sexos,República Dominicana,2018,2329,EM
Extranjero,Ambos sexos,República Dominicana,2017,2712,EM
Extranjero,Ambos sexos,República Dominicana,2016,2709,EM
Extranjero,Ambos sexos,República Dominicana,2015,2998,EM
Extranjero,Ambos sexos,República Dominicana,2014,3980,EM
Extranjero,Ambos sexos,República Dominicana,2013,6231,EM
Extranjero,Ambos sexos,República Dominicana,2012,4725,EM
Extranjero,Ambos sexos,República Dominicana,2011,4276,EM
Extranjero,Ambos sexos,República Dominicana,2010,3533,EM
Extranjero,Ambos sexos,República Dominicana,2009,3190,EM
Extranjero,Ambos sexos,República Dominicana,2008,2313,EM
Extranjero,Ambos sexos,Otros países de Centro América y Caribe,2020,834,EM
Extranjero,Ambos sexos,Otros países de Centro América y Caribe,2019,1072,EM
Extranjero,Ambos sexos,Otros países de Centro América y Caribe,2018,854,EM
Extranjero,Ambos sexos,Otros países de Centro América y Caribe,2017,888,EM
Extranjero,Ambos sexos,Otros países de Centro América y Caribe,2016,555,EM
Extranjero,Ambos sexos,Otros países de Centro América y Caribe,2015,803,EM
Extranjero,Ambos sexos,Otros países de Centro América y Caribe,2014,1130,EM
Extranjero,Ambos sexos,Otros países de Centro América y Caribe,2013,2004,EM
Extranjero,Ambos sexos,Otros países de Centro América y Caribe,2012,1440,EM
Extranjero,Ambos sexos,Otros países de Centro América y Caribe,2011,1214,EM
Extranjero,Ambos sexos,Otros países de Centro América y Caribe,2010,1049,EM
Extranjero,Ambos sexos,Otros países de Centro América y Caribe,2009,958,EM
Extranjero,Ambos sexos,Otros países de Centro América y Caribe,2008,855,EM
Extranjero,Ambos sexos,Sudamérica,2020,30727,EM
Extranjero,Ambos sexos,Sudamérica,2019,39513,EM
Extranjero,Ambos sexos,Sudamérica,2018,37907,EM
Extranjero,Ambos sexos,Sudamérica,2017,44148,EM
Extranjero,Ambos sexos,Sudamérica,2016,34238,EM
Extranjero,Ambos sexos,Sudamérica,2015,43396,EM
Extranjero,Ambos sexos,Sudamérica,2014,71549,EM
Extranjero,Ambos sexos,Sudamérica,2013,134432,EM
Extranjero,Ambos sexos,Sudamérica,2012,120016,EM
Extranjero,Ambos sexos,Sudamérica,2011,116252,EM
Extranjero,Ambos sexos,Sudamérica,2010,116823,EM
Extranjero,Ambos sexos,Sudamérica,2009,113512,EM
Extranjero,Ambos sexos,Sudamérica,2008,84591,EM
Extranjero,Ambos sexos,Argentina,2020,3600,EM
Extranjero,Ambos sexos,Argentina,2019,4989,EM
Extranjero,Ambos sexos,Argentina,2018,4292,EM
Extranjero,Ambos sexos,Argentina,2017,5988,EM
Extranjero,Ambos sexos,Argentina,2016,4279,EM
Extranjero,Ambos sexos,Argentina,2015,5096,EM
Extranjero,Ambos sexos,Argentina,2014,7371,EM
Extranjero,Ambos sexos,Argentina,2013,12093,EM
Extranjero,Ambos sexos,Argentina,2012,10945,EM
Extranjero,Ambos sexos,Argentina,2011,12159,EM
Extranjero,Ambos sexos,Argentina,2010,13487,EM
Extranjero,Ambos sexos,Argentina,2009,14430,EM
Extranjero,Ambos sexos,Argentina,2008,11549,EM
Extranjero,Ambos sexos,Bolivia,2020,1723,EM
Extranjero,Ambos sexos,Bolivia,2019,2693,EM
Extranjero,Ambos sexos,Bolivia,2018,3427,EM
Extranjero,Ambos sexos,Bolivia,2017,4412,EM
Extranjero,Ambos sexos,Bolivia,2016,4347,EM
Extranjero,Ambos sexos,Bolivia,2015,6324,EM
Extranjero,Ambos sexos,Bolivia,2014,11112,EM
Extranjero,Ambos sexos,Bolivia,2013,22383,EM
Extranjero,Ambos sexos,Bolivia,2012,19764,EM
Extranjero,Ambos sexos,Bolivia,2011,18939,EM
Extranjero,Ambos sexos,Bolivia,2010,20539,EM
Extranjero,Ambos sexos,Bolivia,2009,22098,EM
Extranjero,Ambos sexos,Bolivia,2008,20292,EM
Extranjero,Ambos sexos,Brasil,2020,3915,EM
Extranjero,Ambos sexos,Brasil,2019,5172,EM
Extranjero,Ambos sexos,Brasil,2018,5175,EM
Extranjero,Ambos sexos,Brasil,2017,5444,EM
Extranjero,Ambos sexos,Brasil,2016,3833,EM
Extranjero,Ambos sexos,Brasil,2015,4781,EM
Extranjero,Ambos sexos,Brasil,2014,7494,EM
Extranjero,Ambos sexos,Brasil,2013,15427,EM
Extranjero,Ambos sexos,Brasil,2012,14237,EM
Extranjero,Ambos sexos,Brasil,2011,15176,EM
Extranjero,Ambos sexos,Brasil,2010,16376,EM
Extranjero,Ambos sexos,Brasil,2009,17519,EM
Extranjero,Ambos sexos,Brasil,2008,13289,EM
Extranjero,Ambos sexos,Colombia,2020,7939,EM
Extranjero,Ambos sexos,Colombia,2019,8870,EM
Extranjero,Ambos sexos,Colombia,2018,7746,EM
Extranjero,Ambos sexos,Colombia,2017,7984,EM
Extranjero,Ambos sexos,Colombia,2016,5907,EM
Extranjero,Ambos sexos,Colombia,2015,6926,EM
Extranjero,Ambos sexos,Colombia,2014,11030,EM
Extranjero,Ambos sexos,Colombia,2013,19049,EM
Extranjero,Ambos sexos,Colombia,2012,17019,EM
Extranjero,Ambos sexos,Colombia,2011,15964,EM
Extranjero,Ambos sexos,Colombia,2010,14946,EM
Extranjero,Ambos sexos,Colombia,2009,13888,EM
Extranjero,Ambos sexos,Colombia,2008,9332,EM
Extranjero,Ambos sexos,Chile,2020,1082,EM
Extranjero,Ambos sexos,Chile,2019,1855,EM
Extranjero,Ambos sexos,Chile,2018,1620,EM
Extranjero,Ambos sexos,Chile,2017,1922,EM
Extranjero,Ambos sexos,Chile,2016,1431,EM
Extranjero,Ambos sexos,Chile,2015,1738,EM
Extranjero,Ambos sexos,Chile,2014,3070,EM
Extranjero,Ambos sexos,Chile,2013,5889,EM
Extranjero,Ambos sexos,Chile,2012,4921,EM
Extranjero,Ambos sexos,Chile,2011,4639,EM
Extranjero,Ambos sexos,Chile,2010,4791,EM
Extranjero,Ambos sexos,Chile,2009,4307,EM
Extranjero,Ambos sexos,Chile,2008,3086,EM
Extranjero,Ambos sexos,Ecuador,2020,3529,EM
Extranjero,Ambos sexos,Ecuador,2019,5113,EM
Extranjero,Ambos sexos,Ecuador,2018,6401,EM
Extranjero,Ambos sexos,Ecuador,2017,7905,EM
Extranjero,Ambos sexos,Ecuador,2016,5615,EM
Extranjero,Ambos sexos,Ecuador,2015,7868,EM
Extranjero,Ambos sexos,Ecuador,2014,13633,EM
Extranjero,Ambos sexos,Ecuador,2013,24779,EM
Extranjero,Ambos sexos,Ecuador,2012,22987,EM
Extranjero,Ambos sexos,Ecuador,2011,22672,EM
Extranjero,Ambos sexos,Ecuador,2010,22210,EM
Extranjero,Ambos sexos,Ecuador,2009,18811,EM
Extranjero,Ambos sexos,Ecuador,2008,11769,EM
Extranjero,Ambos sexos,Paraguay,2020,2217,EM
Extranjero,Ambos sexos,Paraguay,2019,2941,EM
Extranjero,Ambos sexos,Paraguay,2018,2954,EM
Extranjero,Ambos sexos,Paraguay,2017,3193,EM
Extranjero,Ambos sexos,Paraguay,2016,3217,EM
Extranjero,Ambos sexos,Paraguay,2015,4065,EM
Extranjero,Ambos sexos,Paraguay,2014,6999,EM
Extranjero,Ambos sexos,Paraguay,2013,14415,EM
Extranjero,Ambos sexos,Paraguay,2012,12323,EM
Extranjero,Ambos sexos,Paraguay,2011,10171,EM
Extranjero,Ambos sexos,Paraguay,2010,8201,EM
Extranjero,Ambos sexos,Paraguay,2009,7133,EM
Extranjero,Ambos sexos,Paraguay,2008,4771,EM
Extranjero,Ambos sexos,Perú,2020,3173,EM
Extranjero,Ambos sexos,Perú,2019,4055,EM
Extranjero,Ambos sexos,Perú,2018,3263,EM
Extranjero,Ambos sexos,Perú,2017,3447,EM
Extranjero,Ambos sexos,Perú,2016,2636,EM
Extranjero,Ambos sexos,Perú,2015,3234,EM
Extranjero,Ambos sexos,Perú,2014,6128,EM
Extranjero,Ambos sexos,Perú,2013,11424,EM
Extranjero,Ambos sexos,Perú,2012,10161,EM
Extranjero,Ambos sexos,Perú,2011,9190,EM
Extranjero,Ambos sexos,Perú,2010,8220,EM
Extranjero,Ambos sexos,Perú,2009,6525,EM
Extranjero,Ambos sexos,Perú,2008,3934,EM
Extranjero,Ambos sexos,Uruguay,2020,699,EM
Extranjero,Ambos sexos,Uruguay,2019,877,EM
Extranjero,Ambos sexos,Uruguay,2018,813,EM
Extranjero,Ambos sexos,Uruguay,2017,987,EM
Extranjero,Ambos sexos,Uruguay,2016,957,EM
Extranjero,Ambos sexos,Uruguay,2015,1312,EM
Extranjero,Ambos sexos,Uruguay,2014,2060,EM
Extranjero,Ambos sexos,Uruguay,2013,3500,EM
Extranjero,Ambos sexos,Uruguay,2012,3178,EM
Extranjero,Ambos sexos,Uruguay,2011,3391,EM
Extranjero,Ambos sexos,Uruguay,2010,3988,EM
Extranjero,Ambos sexos,Uruguay,2009,4395,EM
Extranjero,Ambos sexos,Uruguay,2008,2952,EM
Extranjero,Ambos sexos,Venezuela,2020,2849,EM
Extranjero,Ambos sexos,Venezuela,2019,2948,EM
Extranjero,Ambos sexos,Venezuela,2018,2216,EM
Extranjero,Ambos sexos,Venezuela,2017,2866,EM
Extranjero,Ambos sexos,Venezuela,2016,2002,EM
Extranjero,Ambos sexos,Venezuela,2015,2050,EM
Extranjero,Ambos sexos,Venezuela,2014,2651,EM
Extranjero,Ambos sexos,Venezuela,2013,5401,EM
Extranjero,Ambos sexos,Venezuela,2012,4480,EM
Extranjero,Ambos sexos,Venezuela,2011,3952,EM
Extranjero,Ambos sexos,Venezuela,2010,4055,EM
Extranjero,Ambos sexos,Venezuela,2009,4403,EM
Extranjero,Ambos sexos,Venezuela,2008,3615,EM
Extranjero,Ambos sexos,Otro país de Sudamérica,2020,1,EM
Extranjero,Ambos sexos,Otro país de Sudamérica,2019,0,EM
Extranjero,Ambos sexos,Otro país de Sudamérica,2018,0,EM
Extranjero,Ambos sexos,Otro país de Sudamérica,2017,0,EM
Extranjero,Ambos sexos,Otro país de Sudamérica,2016,14,EM
Extranjero,Ambos sexos,Otro país de Sudamérica,2015,2,EM
Extranjero,Ambos sexos,Otro país de Sudamérica,2014,1,EM
Extranjero,Ambos sexos,Otro país de Sudamérica,2013,72,EM
Extranjero,Ambos sexos,Otro país de Sudamérica,2012,NA,EM
Extranjero,Ambos sexos,Otro país de Sudamérica,2011,NA,EM
Extranjero,Ambos sexos,Otro país de Sudamérica,2010,9,EM
Extranjero,Ambos sexos,Otro país de Sudamérica,2009,1,EM
Extranjero,Ambos sexos,Otro país de Sudamérica,2008,NA,EM
Extranjero,Ambos sexos,Asia,2020,10709,EM
Extranjero,Ambos sexos,Asia,2019,16309,EM
Extranjero,Ambos sexos,Asia,2018,13175,EM
Extranjero,Ambos sexos,Asia,2017,15784,EM
Extranjero,Ambos sexos,Asia,2016,14700,EM
Extranjero,Ambos sexos,Asia,2015,15571,EM
Extranjero,Ambos sexos,Asia,2014,21816,EM
Extranjero,Ambos sexos,Asia,2013,32738,EM
Extranjero,Ambos sexos,Asia,2012,28522,EM
Extranjero,Ambos sexos,Asia,2011,28842,EM
Extranjero,Ambos sexos,Asia,2010,22067,EM
Extranjero,Ambos sexos,Asia,2009,18364,EM
Extranjero,Ambos sexos,Asia,2008,13604,EM
Extranjero,Ambos sexos,Bangladesh,2020,138,EM
Extranjero,Ambos sexos,Bangladesh,2019,724,EM
Extranjero,Ambos sexos,Bangladesh,2018,161,EM
Extranjero,Ambos sexos,Bangladesh,2017,475,EM
Extranjero,Ambos sexos,Bangladesh,2016,425,EM
Extranjero,Ambos sexos,Bangladesh,2015,466,EM
Extranjero,Ambos sexos,Bangladesh,2014,1036,EM
Extranjero,Ambos sexos,Bangladesh,2013,1734,EM
Extranjero,Ambos sexos,Bangladesh,2012,474,EM
Extranjero,Ambos sexos,Bangladesh,2011,1318,EM
Extranjero,Ambos sexos,Bangladesh,2010,695,EM
Extranjero,Ambos sexos,Bangladesh,2009,702,EM
Extranjero,Ambos sexos,Bangladesh,2008,382,EM
Extranjero,Ambos sexos,China,2020,5257,EM
Extranjero,Ambos sexos,China,2019,7031,EM
Extranjero,Ambos sexos,China,2018,6323,EM
Extranjero,Ambos sexos,China,2017,6906,EM
Extranjero,Ambos sexos,China,2016,6607,EM
Extranjero,Ambos sexos,China,2015,6848,EM
Extranjero,Ambos sexos,China,2014,9170,EM
Extranjero,Ambos sexos,China,2013,13916,EM
Extranjero,Ambos sexos,China,2012,12483,EM
Extranjero,Ambos sexos,China,2011,12012,EM
Extranjero,Ambos sexos,China,2010,9864,EM
Extranjero,Ambos sexos,China,2009,8359,EM
Extranjero,Ambos sexos,China,2008,6260,EM
Extranjero,Ambos sexos,Filipinas,2020,482,EM
Extranjero,Ambos sexos,Filipinas,2019,700,EM
Extranjero,Ambos sexos,Filipinas,2018,689,EM
Extranjero,Ambos sexos,Filipinas,2017,822,EM
Extranjero,Ambos sexos,Filipinas,2016,642,EM
Extranjero,Ambos sexos,Filipinas,2015,768,EM
Extranjero,Ambos sexos,Filipinas,2014,903,EM
Extranjero,Ambos sexos,Filipinas,2013,1701,EM
Extranjero,Ambos sexos,Filipinas,2012,1201,EM
Extranjero,Ambos sexos,Filipinas,2011,1246,EM
Extranjero,Ambos sexos,Filipinas,2010,909,EM
Extranjero,Ambos sexos,Filipinas,2009,671,EM
Extranjero,Ambos sexos,Filipinas,2008,555,EM
Extranjero,Ambos sexos,India,2020,1235,EM
Extranjero,Ambos sexos,India,2019,1740,EM
Extranjero,Ambos sexos,India,2018,1475,EM
Extranjero,Ambos sexos,India,2017,1673,EM
Extranjero,Ambos sexos,India,2016,1388,EM
Extranjero,Ambos sexos,India,2015,1307,EM
Extranjero,Ambos sexos,India,2014,1791,EM
Extranjero,Ambos sexos,India,2013,3206,EM
Extranjero,Ambos sexos,India,2012,3000,EM
Extranjero,Ambos sexos,India,2011,2896,EM
Extranjero,Ambos sexos,India,2010,2523,EM
Extranjero,Ambos sexos,India,2009,1908,EM
Extranjero,Ambos sexos,India,2008,1442,EM
Extranjero,Ambos sexos,Pakistán,2020,1876,EM
Extranjero,Ambos sexos,Pakistán,2019,3629,EM
Extranjero,Ambos sexos,Pakistán,2018,3114,EM
Extranjero,Ambos sexos,Pakistán,2017,4152,EM
Extranjero,Ambos sexos,Pakistán,2016,3619,EM
Extranjero,Ambos sexos,Pakistán,2015,4094,EM
Extranjero,Ambos sexos,Pakistán,2014,6344,EM
Extranjero,Ambos sexos,Pakistán,2013,9148,EM
Extranjero,Ambos sexos,Pakistán,2012,9703,EM
Extranjero,Ambos sexos,Pakistán,2011,9263,EM
Extranjero,Ambos sexos,Pakistán,2010,6265,EM
Extranjero,Ambos sexos,Pakistán,2009,5006,EM
Extranjero,Ambos sexos,Pakistán,2008,3663,EM
Extranjero,Ambos sexos,Otro país de Asia,2020,1721,EM
Extranjero,Ambos sexos,Otro país de Asia,2019,2485,EM
Extranjero,Ambos sexos,Otro país de Asia,2018,1413,EM
Extranjero,Ambos sexos,Otro país de Asia,2017,1756,EM
Extranjero,Ambos sexos,Otro país de Asia,2016,2019,EM
Extranjero,Ambos sexos,Otro país de Asia,2015,2088,EM
Extranjero,Ambos sexos,Otro país de Asia,2014,2572,EM
Extranjero,Ambos sexos,Otro país de Asia,2013,3032,EM
Extranjero,Ambos sexos,Otro país de Asia,2012,1661,EM
Extranjero,Ambos sexos,Otro país de Asia,2011,2106,EM
Extranjero,Ambos sexos,Otro país de Asia,2010,1812,EM
Extranjero,Ambos sexos,Otro país de Asia,2009,1718,EM
Extranjero,Ambos sexos,Otro país de Asia,2008,1302,EM
Extranjero,Ambos sexos,Oceanía,2020,134,EM
Extranjero,Ambos sexos,Oceanía,2019,302,EM
Extranjero,Ambos sexos,Oceanía,2018,153,EM
Extranjero,Ambos sexos,Oceanía,2017,306,EM
Extranjero,Ambos sexos,Oceanía,2016,655,EM
Extranjero,Ambos sexos,Oceanía,2015,226,EM
Extranjero,Ambos sexos,Oceanía,2014,427,EM
Extranjero,Ambos sexos,Oceanía,2013,547,EM
Extranjero,Ambos sexos,Oceanía,2012,330,EM
Extranjero,Ambos sexos,Oceanía,2011,308,EM
Extranjero,Ambos sexos,Oceanía,2010,360,EM
Extranjero,Ambos sexos,Oceanía,2009,380,EM
Extranjero,Ambos sexos,Oceanía,2008,325,EM
Total,Hombres,Total,2020,133623,EM
Total,Hombres,Total,2019,159076,EM
Total,Hombres,Total,2018,167137,EM
Total,Hombres,Total,2017,201005,EM
Total,Hombres,Total,2016,179820,EM
Total,Hombres,Total,2015,190408,EM
Total,Hombres,Total,2014,222784,EM
Total,Hombres,Total,2013,299592,EM
Total,Hombres,Total,2012,260039,EM
Total,Hombres,Total,2011,240971,EM
Total,Hombres,Total,2010,238195,EM
Total,Hombres,Total,2009,226133,EM
Total,Hombres,Total,2008,169456,EM
Total,Hombres,UE27_2020 sin España,2020,55269,EM
Total,Hombres,UE27_2020 sin España,2019,NA,EM
Total,Hombres,UE27_2020 sin España,2018,NA,EM
Total,Hombres,UE27_2020 sin España,2017,NA,EM
Total,Hombres,UE27_2020 sin España,2016,NA,EM
Total,Hombres,UE27_2020 sin España,2015,NA,EM
Total,Hombres,UE27_2020 sin España,2014,NA,EM
Total,Hombres,UE27_2020 sin España,2013,NA,EM
Total,Hombres,UE27_2020 sin España,2012,NA,EM
Total,Hombres,UE27_2020 sin España,2011,NA,EM
Total,Hombres,UE27_2020 sin España,2010,NA,EM
Total,Hombres,UE27_2020 sin España,2009,NA,EM
Total,Hombres,UE27_2020 sin España,2008,NA,EM
Total,Hombres,UE28 sin España,2020,NA,EM
Total,Hombres,UE28 sin España,2019,83516,EM
Total,Hombres,UE28 sin España,2018,88469,EM
Total,Hombres,UE28 sin España,2017,109930,EM
Total,Hombres,UE28 sin España,2016,94345,EM
Total,Hombres,UE28 sin España,2015,96748,EM
Total,Hombres,UE28 sin España,2014,103735,EM
Total,Hombres,UE28 sin España,2013,119143,EM
Total,Hombres,UE28 sin España,2012,98817,EM
Total,Hombres,UE28 sin España,2011,83353,EM
Total,Hombres,UE28 sin España,2010,93378,EM
Total,Hombres,UE28 sin España,2009,91406,EM
Total,Hombres,UE28 sin España,2008,65540,EM
Total,Hombres,Bélgica,2020,2150,EM
Total,Hombres,Bélgica,2019,2020,EM
Total,Hombres,Bélgica,2018,2050,EM
Total,Hombres,Bélgica,2017,2360,EM
Total,Hombres,Bélgica,2016,3104,EM
Total,Hombres,Bélgica,2015,3362,EM
Total,Hombres,Bélgica,2014,3508,EM
Total,Hombres,Bélgica,2013,4076,EM
Total,Hombres,Bélgica,2012,3233,EM
Total,Hombres,Bélgica,2011,4319,EM
Total,Hombres,Bélgica,2010,3145,EM
Total,Hombres,Bélgica,2009,3014,EM
Total,Hombres,Bélgica,2008,2033,EM
Total,Hombres,Bulgaria,2020,2735,EM
Total,Hombres,Bulgaria,2019,3738,EM
Total,Hombres,Bulgaria,2018,3811,EM
Total,Hombres,Bulgaria,2017,4705,EM
Total,Hombres,Bulgaria,2016,4461,EM
Total,Hombres,Bulgaria,2015,4755,EM
Total,Hombres,Bulgaria,2014,5674,EM
Total,Hombres,Bulgaria,2013,7184,EM
Total,Hombres,Bulgaria,2012,6162,EM
Total,Hombres,Bulgaria,2011,4698,EM
Total,Hombres,Bulgaria,2010,6448,EM
Total,Hombres,Bulgaria,2009,6483,EM
Total,Hombres,Bulgaria,2008,4264,EM
Total,Hombres,Dinamarca,2020,509,EM
Total,Hombres,Dinamarca,2019,611,EM
Total,Hombres,Dinamarca,2018,578,EM
Total,Hombres,Dinamarca,2017,690,EM
Total,Hombres,Dinamarca,2016,664,EM
Total,Hombres,Dinamarca,2015,734,EM
Total,Hombres,Dinamarca,2014,606,EM
Total,Hombres,Dinamarca,2013,411,EM
Total,Hombres,Dinamarca,2012,349,EM
Total,Hombres,Dinamarca,2011,416,EM
Total,Hombres,Dinamarca,2010,368,EM
Total,Hombres,Dinamarca,2009,391,EM
Total,Hombres,Dinamarca,2008,299,EM
Total,Hombres,Finlandia,2020,395,EM
Total,Hombres,Finlandia,2019,470,EM
Total,Hombres,Finlandia,2018,423,EM
Total,Hombres,Finlandia,2017,516,EM
Total,Hombres,Finlandia,2016,631,EM
Total,Hombres,Finlandia,2015,412,EM
Total,Hombres,Finlandia,2014,376,EM
Total,Hombres,Finlandia,2013,341,EM
Total,Hombres,Finlandia,2012,264,EM
Total,Hombres,Finlandia,2011,233,EM
Total,Hombres,Finlandia,2010,127,EM
Total,Hombres,Finlandia,2009,192,EM
Total,Hombres,Finlandia,2008,174,EM
Total,Hombres,Francia,2020,9374,EM
Total,Hombres,Francia,2019,10926,EM
Total,Hombres,Francia,2018,10646,EM
Total,Hombres,Francia,2017,12470,EM
Total,Hombres,Francia,2016,12962,EM
Total,Hombres,Francia,2015,13179,EM
Total,Hombres,Francia,2014,13104,EM
Total,Hombres,Francia,2013,15728,EM
Total,Hombres,Francia,2012,12825,EM
Total,Hombres,Francia,2011,11828,EM
Total,Hombres,Francia,2010,12254,EM
Total,Hombres,Francia,2009,10242,EM
Total,Hombres,Francia,2008,7466,EM
Total,Hombres,Irlanda,2020,755,EM
Total,Hombres,Irlanda,2019,862,EM
Total,Hombres,Irlanda,2018,982,EM
Total,Hombres,Irlanda,2017,1057,EM
Total,Hombres,Irlanda,2016,1006,EM
Total,Hombres,Irlanda,2015,917,EM
Total,Hombres,Irlanda,2014,930,EM
Total,Hombres,Irlanda,2013,720,EM
Total,Hombres,Irlanda,2012,500,EM
Total,Hombres,Irlanda,2011,550,EM
Total,Hombres,Irlanda,2010,490,EM
Total,Hombres,Irlanda,2009,664,EM
Total,Hombres,Irlanda,2008,486,EM
Total,Hombres,Italia,2020,4555,EM
Total,Hombres,Italia,2019,4474,EM
Total,Hombres,Italia,2018,4272,EM
Total,Hombres,Italia,2017,5235,EM
Total,Hombres,Italia,2016,4124,EM
Total,Hombres,Italia,2015,4310,EM
Total,Hombres,Italia,2014,5549,EM
Total,Hombres,Italia,2013,6210,EM
Total,Hombres,Italia,2012,4205,EM
Total,Hombres,Italia,2011,4358,EM
Total,Hombres,Italia,2010,5673,EM
Total,Hombres,Italia,2009,5008,EM
Total,Hombres,Italia,2008,3937,EM
Total,Hombres,Países Bajos,2020,1858,EM
Total,Hombres,Países Bajos,2019,2680,EM
Total,Hombres,Países Bajos,2018,1983,EM
Total,Hombres,Países Bajos,2017,2673,EM
Total,Hombres,Países Bajos,2016,2596,EM
Total,Hombres,Países Bajos,2015,2433,EM
Total,Hombres,Países Bajos,2014,2873,EM
Total,Hombres,Países Bajos,2013,2935,EM
Total,Hombres,Países Bajos,2012,2182,EM
Total,Hombres,Países Bajos,2011,2468,EM
Total,Hombres,Países Bajos,2010,2475,EM
Total,Hombres,Países Bajos,2009,2516,EM
Total,Hombres,Países Bajos,2008,1918,EM
Total,Hombres,Polonia,2020,967,EM
Total,Hombres,Polonia,2019,1768,EM
Total,Hombres,Polonia,2018,1461,EM
Total,Hombres,Polonia,2017,2434,EM
Total,Hombres,Polonia,2016,1767,EM
Total,Hombres,Polonia,2015,1895,EM
Total,Hombres,Polonia,2014,2432,EM
Total,Hombres,Polonia,2013,2893,EM
Total,Hombres,Polonia,2012,3298,EM
Total,Hombres,Polonia,2011,3073,EM
Total,Hombres,Polonia,2010,4033,EM
Total,Hombres,Polonia,2009,4380,EM
Total,Hombres,Polonia,2008,3458,EM
Total,Hombres,Portugal,2020,4145,EM
Total,Hombres,Portugal,2019,4145,EM
Total,Hombres,Portugal,2018,4672,EM
Total,Hombres,Portugal,2017,6206,EM
Total,Hombres,Portugal,2016,4770,EM
Total,Hombres,Portugal,2015,4762,EM
Total,Hombres,Portugal,2014,6136,EM
Total,Hombres,Portugal,2013,7076,EM
Total,Hombres,Portugal,2012,7092,EM
Total,Hombres,Portugal,2011,7493,EM
Total,Hombres,Portugal,2010,9561,EM
Total,Hombres,Portugal,2009,10189,EM
Total,Hombres,Portugal,2008,6945,EM
Total,Hombres,Alemania,2020,7408,EM
Total,Hombres,Alemania,2019,8371,EM
Total,Hombres,Alemania,2018,9000,EM
Total,Hombres,Alemania,2017,10590,EM
Total,Hombres,Alemania,2016,11585,EM
Total,Hombres,Alemania,2015,12893,EM
Total,Hombres,Alemania,2014,12150,EM
Total,Hombres,Alemania,2013,13316,EM
Total,Hombres,Alemania,2012,9013,EM
Total,Hombres,Alemania,2011,7430,EM
Total,Hombres,Alemania,2010,7380,EM
Total,Hombres,Alemania,2009,6413,EM
Total,Hombres,Alemania,2008,5021,EM
Total,Hombres,Rumanía,2020,17763,EM
Total,Hombres,Rumanía,2019,23727,EM
Total,Hombres,Rumanía,2018,24886,EM
Total,Hombres,Rumanía,2017,31779,EM
Total,Hombres,Rumanía,2016,23603,EM
Total,Hombres,Rumanía,2015,25262,EM
Total,Hombres,Rumanía,2014,29083,EM
Total,Hombres,Rumanía,2013,39514,EM
Total,Hombres,Rumanía,2012,36293,EM
Total,Hombres,Rumanía,2011,24377,EM
Total,Hombres,Rumanía,2010,28459,EM
Total,Hombres,Rumanía,2009,30292,EM
Total,Hombres,Rumanía,2008,20118,EM
Total,Hombres,Suecia,2020,836,EM
Total,Hombres,Suecia,2019,952,EM
Total,Hombres,Suecia,2018,1014,EM
Total,Hombres,Suecia,2017,1323,EM
Total,Hombres,Suecia,2016,1412,EM
Total,Hombres,Suecia,2015,1067,EM
Total,Hombres,Suecia,2014,1091,EM
Total,Hombres,Suecia,2013,1034,EM
Total,Hombres,Suecia,2012,705,EM
Total,Hombres,Suecia,2011,732,EM
Total,Hombres,Suecia,2010,718,EM
Total,Hombres,Suecia,2009,652,EM
Total,Hombres,Suecia,2008,463,EM
Total,Hombres,Lituania,2020,254,EM
Total,Hombres,Lituania,2019,294,EM
Total,Hombres,Lituania,2018,463,EM
Total,Hombres,Lituania,2017,668,EM
Total,Hombres,Lituania,2016,483,EM
Total,Hombres,Lituania,2015,646,EM
Total,Hombres,Lituania,2014,762,EM
Total,Hombres,Lituania,2013,842,EM
Total,Hombres,Lituania,2012,764,EM
Total,Hombres,Lituania,2011,682,EM
Total,Hombres,Lituania,2010,803,EM
Total,Hombres,Lituania,2009,1019,EM
Total,Hombres,Lituania,2008,779,EM
Total,Hombres,Otro país de la Unión Europea sin España,2020,1565,EM
Total,Hombres,Otro país de la Unión Europea sin España,2019,1699,EM
Total,Hombres,Otro país de la Unión Europea sin España,2018,1410,EM
Total,Hombres,Otro país de la Unión Europea sin España,2017,1974,EM
Total,Hombres,Otro país de la Unión Europea sin España,2016,2423,EM
Total,Hombres,Otro país de la Unión Europea sin España,2015,2535,EM
Total,Hombres,Otro país de la Unión Europea sin España,2014,2291,EM
Total,Hombres,Otro país de la Unión Europea sin España,2013,2082,EM
Total,Hombres,Otro país de la Unión Europea sin España,2012,2164,EM
Total,Hombres,Otro país de la Unión Europea sin España,2011,2012,EM
Total,Hombres,Otro país de la Unión Europea sin España,2010,2086,EM
Total,Hombres,Otro país de la Unión Europea sin España,2009,2303,EM
Total,Hombres,Otro país de la Unión Europea sin España,2008,1609,EM
Total,Hombres,Europa menos UE27_2020,2020,22306,EM
Total,Hombres,Europa menos UE27_2020,2019,NA,EM
Total,Hombres,Europa menos UE27_2020,2018,NA,EM
Total,Hombres,Europa menos UE27_2020,2017,NA,EM
Total,Hombres,Europa menos UE27_2020,2016,NA,EM
Total,Hombres,Europa menos UE27_2020,2015,NA,EM
Total,Hombres,Europa menos UE27_2020,2014,NA,EM
Total,Hombres,Europa menos UE27_2020,2013,NA,EM
Total,Hombres,Europa menos UE27_2020,2012,NA,EM
Total,Hombres,Europa menos UE27_2020,2011,NA,EM
Total,Hombres,Europa menos UE27_2020,2010,NA,EM
Total,Hombres,Europa menos UE27_2020,2009,NA,EM
Total,Hombres,Europa menos UE27_2020,2008,NA,EM
Total,Hombres,Reino Unido,2020,15445,EM
Total,Hombres,Reino Unido,2019,16779,EM
Total,Hombres,Reino Unido,2018,20818,EM
Total,Hombres,Reino Unido,2017,25250,EM
Total,Hombres,Reino Unido,2016,18755,EM
Total,Hombres,Reino Unido,2015,17585,EM
Total,Hombres,Reino Unido,2014,17169,EM
Total,Hombres,Reino Unido,2013,14781,EM
Total,Hombres,Reino Unido,2012,9766,EM
Total,Hombres,Reino Unido,2011,8682,EM
Total,Hombres,Reino Unido,2010,9358,EM
Total,Hombres,Reino Unido,2009,7649,EM
Total,Hombres,Reino Unido,2008,6571,EM
Total,Hombres,País de Europa menos UE28,2020,NA,EM
Total,Hombres,País de Europa menos UE28,2019,7724,EM
Total,Hombres,País de Europa menos UE28,2018,7686,EM
Total,Hombres,País de Europa menos UE28,2017,9437,EM
Total,Hombres,País de Europa menos UE28,2016,8972,EM
Total,Hombres,País de Europa menos UE28,2015,8084,EM
Total,Hombres,País de Europa menos UE28,2014,9140,EM
Total,Hombres,País de Europa menos UE28,2013,11884,EM
Total,Hombres,País de Europa menos UE28,2012,9389,EM
Total,Hombres,País de Europa menos UE28,2011,9160,EM
Total,Hombres,País de Europa menos UE28,2010,8678,EM
Total,Hombres,País de Europa menos UE28,2009,8531,EM
Total,Hombres,País de Europa menos UE28,2008,7872,EM
Total,Hombres,Noruega,2020,849,EM
Total,Hombres,Noruega,2019,1089,EM
Total,Hombres,Noruega,2018,948,EM
Total,Hombres,Noruega,2017,1368,EM
Total,Hombres,Noruega,2016,1241,EM
Total,Hombres,Noruega,2015,899,EM
Total,Hombres,Noruega,2014,1180,EM
Total,Hombres,Noruega,2013,819,EM
Total,Hombres,Noruega,2012,552,EM
Total,Hombres,Noruega,2011,495,EM
Total,Hombres,Noruega,2010,409,EM
Total,Hombres,Noruega,2009,330,EM
Total,Hombres,Noruega,2008,369,EM
Total,Hombres,Suiza,2020,2077,EM
Total,Hombres,Suiza,2019,2028,EM
Total,Hombres,Suiza,2018,2180,EM
Total,Hombres,Suiza,2017,2554,EM
Total,Hombres,Suiza,2016,3218,EM
Total,Hombres,Suiza,2015,3345,EM
Total,Hombres,Suiza,2014,3361,EM
Total,Hombres,Suiza,2013,3623,EM
Total,Hombres,Suiza,2012,2809,EM
Total,Hombres,Suiza,2011,2735,EM
Total,Hombres,Suiza,2010,2242,EM
Total,Hombres,Suiza,2009,1773,EM
Total,Hombres,Suiza,2008,1550,EM
Total,Hombres,Ucrania,2020,1132,EM
Total,Hombres,Ucrania,2019,1486,EM
Total,Hombres,Ucrania,2018,1501,EM
Total,Hombres,Ucrania,2017,1799,EM
Total,Hombres,Ucrania,2016,1281,EM
Total,Hombres,Ucrania,2015,999,EM
Total,Hombres,Ucrania,2014,1326,EM
Total,Hombres,Ucrania,2013,2802,EM
Total,Hombres,Ucrania,2012,2307,EM
Total,Hombres,Ucrania,2011,2273,EM
Total,Hombres,Ucrania,2010,2408,EM
Total,Hombres,Ucrania,2009,2734,EM
Total,Hombres,Ucrania,2008,2610,EM
Total,Hombres,Moldavia,2020,141,EM
Total,Hombres,Moldavia,2019,151,EM
Total,Hombres,Moldavia,2018,210,EM
Total,Hombres,Moldavia,2017,220,EM
Total,Hombres,Moldavia,2016,280,EM
Total,Hombres,Moldavia,2015,165,EM
Total,Hombres,Moldavia,2014,242,EM
Total,Hombres,Moldavia,2013,476,EM
Total,Hombres,Moldavia,2012,495,EM
Total,Hombres,Moldavia,2011,484,EM
Total,Hombres,Moldavia,2010,521,EM
Total,Hombres,Moldavia,2009,582,EM
Total,Hombres,Moldavia,2008,502,EM
Total,Hombres,Rusia,2020,1538,EM
Total,Hombres,Rusia,2019,1768,EM
Total,Hombres,Rusia,2018,1655,EM
Total,Hombres,Rusia,2017,2238,EM
Total,Hombres,Rusia,2016,1677,EM
Total,Hombres,Rusia,2015,1418,EM
Total,Hombres,Rusia,2014,1589,EM
Total,Hombres,Rusia,2013,2073,EM
Total,Hombres,Rusia,2012,1429,EM
Total,Hombres,Rusia,2011,1157,EM
Total,Hombres,Rusia,2010,1246,EM
Total,Hombres,Rusia,2009,1215,EM
Total,Hombres,Rusia,2008,1272,EM
Total,Hombres,Otro país del resto de Europa,2020,1124,EM
Total,Hombres,Otro país del resto de Europa,2019,1202,EM
Total,Hombres,Otro país del resto de Europa,2018,1192,EM
Total,Hombres,Otro país del resto de Europa,2017,1258,EM
Total,Hombres,Otro país del resto de Europa,2016,1275,EM
Total,Hombres,Otro país del resto de Europa,2015,1259,EM
Total,Hombres,Otro país del resto de Europa,2014,1442,EM
Total,Hombres,Otro país del resto de Europa,2013,2090,EM
Total,Hombres,Otro país del resto de Europa,2012,1798,EM
Total,Hombres,Otro país del resto de Europa,2011,2016,EM
Total,Hombres,Otro país del resto de Europa,2010,1852,EM
Total,Hombres,Otro país del resto de Europa,2009,1898,EM
Total,Hombres,Otro país del resto de Europa,2008,1569,EM
Total,Hombres,África,2020,17949,EM
Total,Hombres,África,2019,18525,EM
Total,Hombres,África,2018,22088,EM
Total,Hombres,África,2017,24712,EM
Total,Hombres,África,2016,21514,EM
Total,Hombres,África,2015,22868,EM
Total,Hombres,África,2014,30203,EM
Total,Hombres,África,2013,47386,EM
Total,Hombres,África,2012,46647,EM
Total,Hombres,África,2011,45942,EM
Total,Hombres,África,2010,40778,EM
Total,Hombres,África,2009,35262,EM
Total,Hombres,África,2008,28464,EM
Total,Hombres,Argelia,2020,2213,EM
Total,Hombres,Argelia,2019,1992,EM
Total,Hombres,Argelia,2018,2137,EM
Total,Hombres,Argelia,2017,2840,EM
Total,Hombres,Argelia,2016,2491,EM
Total,Hombres,Argelia,2015,2302,EM
Total,Hombres,Argelia,2014,3264,EM
Total,Hombres,Argelia,2013,3990,EM
Total,Hombres,Argelia,2012,3889,EM
Total,Hombres,Argelia,2011,4237,EM
Total,Hombres,Argelia,2010,3502,EM
Total,Hombres,Argelia,2009,2917,EM
Total,Hombres,Argelia,2008,2363,EM
Total,Hombres,Gambia,2020,278,EM
Total,Hombres,Gambia,2019,281,EM
Total,Hombres,Gambia,2018,563,EM
Total,Hombres,Gambia,2017,749,EM
Total,Hombres,Gambia,2016,307,EM
Total,Hombres,Gambia,2015,342,EM
Total,Hombres,Gambia,2014,575,EM
Total,Hombres,Gambia,2013,1047,EM
Total,Hombres,Gambia,2012,1062,EM
Total,Hombres,Gambia,2011,1099,EM
Total,Hombres,Gambia,2010,886,EM
Total,Hombres,Gambia,2009,608,EM
Total,Hombres,Gambia,2008,489,EM
Total,Hombres,Ghana,2020,137,EM
Total,Hombres,Ghana,2019,125,EM
Total,Hombres,Ghana,2018,213,EM
Total,Hombres,Ghana,2017,292,EM
Total,Hombres,Ghana,2016,255,EM
Total,Hombres,Ghana,2015,312,EM
Total,Hombres,Ghana,2014,406,EM
Total,Hombres,Ghana,2013,880,EM
Total,Hombres,Ghana,2012,1053,EM
Total,Hombres,Ghana,2011,727,EM
Total,Hombres,Ghana,2010,807,EM
Total,Hombres,Ghana,2009,693,EM
Total,Hombres,Ghana,2008,407,EM
Total,Hombres,Guinea,2020,54,EM
Total,Hombres,Guinea,2019,172,EM
Total,Hombres,Guinea,2018,142,EM
Total,Hombres,Guinea,2017,158,EM
Total,Hombres,Guinea,2016,114,EM
Total,Hombres,Guinea,2015,228,EM
Total,Hombres,Guinea,2014,165,EM
Total,Hombres,Guinea,2013,511,EM
Total,Hombres,Guinea,2012,351,EM
Total,Hombres,Guinea,2011,336,EM
Total,Hombres,Guinea,2010,294,EM
Total,Hombres,Guinea,2009,351,EM
Total,Hombres,Guinea,2008,249,EM
Total,Hombres,Guinea Ecuatorial,2020,367,EM
Total,Hombres,Guinea Ecuatorial,2019,384,EM
Total,Hombres,Guinea Ecuatorial,2018,632,EM
Total,Hombres,Guinea Ecuatorial,2017,608,EM
Total,Hombres,Guinea Ecuatorial,2016,502,EM
Total,Hombres,Guinea Ecuatorial,2015,305,EM
Total,Hombres,Guinea Ecuatorial,2014,567,EM
Total,Hombres,Guinea Ecuatorial,2013,1030,EM
Total,Hombres,Guinea Ecuatorial,2012,918,EM
Total,Hombres,Guinea Ecuatorial,2011,874,EM
Total,Hombres,Guinea Ecuatorial,2010,838,EM
Total,Hombres,Guinea Ecuatorial,2009,799,EM
Total,Hombres,Guinea Ecuatorial,2008,654,EM
Total,Hombres,Mali,2020,414,EM
Total,Hombres,Mali,2019,460,EM
Total,Hombres,Mali,2018,532,EM
Total,Hombres,Mali,2017,701,EM
Total,Hombres,Mali,2016,561,EM
Total,Hombres,Mali,2015,561,EM
Total,Hombres,Mali,2014,1112,EM
Total,Hombres,Mali,2013,1835,EM
Total,Hombres,Mali,2012,1613,EM
Total,Hombres,Mali,2011,2085,EM
Total,Hombres,Mali,2010,1380,EM
Total,Hombres,Mali,2009,929,EM
Total,Hombres,Mali,2008,909,EM
Total,Hombres,Marruecos,2020,12160,EM
Total,Hombres,Marruecos,2019,12486,EM
Total,Hombres,Marruecos,2018,14554,EM
Total,Hombres,Marruecos,2017,16209,EM
Total,Hombres,Marruecos,2016,13930,EM
Total,Hombres,Marruecos,2015,14417,EM
Total,Hombres,Marruecos,2014,18837,EM
Total,Hombres,Marruecos,2013,29959,EM
Total,Hombres,Marruecos,2012,29861,EM
Total,Hombres,Marruecos,2011,29615,EM
Total,Hombres,Marruecos,2010,26719,EM
Total,Hombres,Marruecos,2009,23479,EM
Total,Hombres,Marruecos,2008,19293,EM
Total,Hombres,Mauritania,2020,128,EM
Total,Hombres,Mauritania,2019,87,EM
Total,Hombres,Mauritania,2018,148,EM
Total,Hombres,Mauritania,2017,244,EM
Total,Hombres,Mauritania,2016,182,EM
Total,Hombres,Mauritania,2015,278,EM
Total,Hombres,Mauritania,2014,310,EM
Total,Hombres,Mauritania,2013,430,EM
Total,Hombres,Mauritania,2012,514,EM
Total,Hombres,Mauritania,2011,448,EM
Total,Hombres,Mauritania,2010,437,EM
Total,Hombres,Mauritania,2009,279,EM
Total,Hombres,Mauritania,2008,255,EM
Total,Hombres,Nigeria,2020,279,EM
Total,Hombres,Nigeria,2019,426,EM
Total,Hombres,Nigeria,2018,662,EM
Total,Hombres,Nigeria,2017,726,EM
Total,Hombres,Nigeria,2016,626,EM
Total,Hombres,Nigeria,2015,1020,EM
Total,Hombres,Nigeria,2014,1249,EM
Total,Hombres,Nigeria,2013,2089,EM
Total,Hombres,Nigeria,2012,2024,EM
Total,Hombres,Nigeria,2011,1895,EM
Total,Hombres,Nigeria,2010,1768,EM
Total,Hombres,Nigeria,2009,2013,EM
Total,Hombres,Nigeria,2008,1493,EM
Total,Hombres,Senegal,2020,1316,EM
Total,Hombres,Senegal,2019,1467,EM
Total,Hombres,Senegal,2018,1629,EM
Total,Hombres,Senegal,2017,1481,EM
Total,Hombres,Senegal,2016,1727,EM
Total,Hombres,Senegal,2015,2072,EM
Total,Hombres,Senegal,2014,2816,EM
Total,Hombres,Senegal,2013,4515,EM
Total,Hombres,Senegal,2012,3754,EM
Total,Hombres,Senegal,2011,3362,EM
Total,Hombres,Senegal,2010,3094,EM
Total,Hombres,Senegal,2009,2213,EM
Total,Hombres,Senegal,2008,1436,EM
Total,Hombres,Otro país de África,2020,603,EM
Total,Hombres,Otro país de África,2019,645,EM
Total,Hombres,Otro país de África,2018,876,EM
Total,Hombres,Otro país de África,2017,704,EM
Total,Hombres,Otro país de África,2016,818,EM
Total,Hombres,Otro país de África,2015,1031,EM
Total,Hombres,Otro país de África,2014,902,EM
Total,Hombres,Otro país de África,2013,1100,EM
Total,Hombres,Otro país de África,2012,1608,EM
Total,Hombres,Otro país de África,2011,1263,EM
Total,Hombres,Otro país de África,2010,1052,EM
Total,Hombres,Otro país de África,2009,982,EM
Total,Hombres,Otro país de África,2008,915,EM
Total,Hombres,América del Norte,2020,6358,EM
Total,Hombres,América del Norte,2019,7563,EM
Total,Hombres,América del Norte,2018,7977,EM
Total,Hombres,América del Norte,2017,8998,EM
Total,Hombres,América del Norte,2016,10244,EM
Total,Hombres,América del Norte,2015,9651,EM
Total,Hombres,América del Norte,2014,8038,EM
Total,Hombres,América del Norte,2013,9061,EM
Total,Hombres,América del Norte,2012,6346,EM
Total,Hombres,América del Norte,2011,6761,EM
Total,Hombres,América del Norte,2010,5651,EM
Total,Hombres,América del Norte,2009,5704,EM
Total,Hombres,América del Norte,2008,5659,EM
Total,Hombres,Estados Unidos de América,2020,4713,EM
Total,Hombres,Estados Unidos de América,2019,5216,EM
Total,Hombres,Estados Unidos de América,2018,5558,EM
Total,Hombres,Estados Unidos de América,2017,6120,EM
Total,Hombres,Estados Unidos de América,2016,7039,EM
Total,Hombres,Estados Unidos de América,2015,6606,EM
Total,Hombres,Estados Unidos de América,2014,5891,EM
Total,Hombres,Estados Unidos de América,2013,5753,EM
Total,Hombres,Estados Unidos de América,2012,3700,EM
Total,Hombres,Estados Unidos de América,2011,4349,EM
Total,Hombres,Estados Unidos de América,2010,3662,EM
Total,Hombres,Estados Unidos de América,2009,3557,EM
Total,Hombres,Estados Unidos de América,2008,3790,EM
Total,Hombres,México,2020,1339,EM
Total,Hombres,México,2019,1865,EM
Total,Hombres,México,2018,2015,EM
Total,Hombres,México,2017,2408,EM
Total,Hombres,México,2016,2493,EM
Total,Hombres,México,2015,2492,EM
Total,Hombres,México,2014,1698,EM
Total,Hombres,México,2013,2469,EM
Total,Hombres,México,2012,1828,EM
Total,Hombres,México,2011,1926,EM
Total,Hombres,México,2010,1672,EM
Total,Hombres,México,2009,1702,EM
Total,Hombres,México,2008,1635,EM
Total,Hombres,Canadá,2020,306,EM
Total,Hombres,Canadá,2019,482,EM
Total,Hombres,Canadá,2018,404,EM
Total,Hombres,Canadá,2017,470,EM
Total,Hombres,Canadá,2016,713,EM
Total,Hombres,Canadá,2015,553,EM
Total,Hombres,Canadá,2014,449,EM
Total,Hombres,Canadá,2013,839,EM
Total,Hombres,Canadá,2012,817,EM
Total,Hombres,Canadá,2011,485,EM
Total,Hombres,Canadá,2010,317,EM
Total,Hombres,Canadá,2009,445,EM
Total,Hombres,Canadá,2008,233,EM
Total,Hombres,Centro América y Caribe,2020,3804,EM
Total,Hombres,Centro América y Caribe,2019,4549,EM
Total,Hombres,Centro América y Caribe,2018,4498,EM
Total,Hombres,Centro América y Caribe,2017,4862,EM
Total,Hombres,Centro América y Caribe,2016,4616,EM
Total,Hombres,Centro América y Caribe,2015,4665,EM
Total,Hombres,Centro América y Caribe,2014,5494,EM
Total,Hombres,Centro América y Caribe,2013,7954,EM
Total,Hombres,Centro América y Caribe,2012,6022,EM
Total,Hombres,Centro América y Caribe,2011,5600,EM
Total,Hombres,Centro América y Caribe,2010,5055,EM
Total,Hombres,Centro América y Caribe,2009,4651,EM
Total,Hombres,Centro América y Caribe,2008,3512,EM
Total,Hombres,Cuba,2020,752,EM
Total,Hombres,Cuba,2019,1022,EM
Total,Hombres,Cuba,2018,1030,EM
Total,Hombres,Cuba,2017,1026,EM
Total,Hombres,Cuba,2016,783,EM
Total,Hombres,Cuba,2015,824,EM
Total,Hombres,Cuba,2014,893,EM
Total,Hombres,Cuba,2013,1152,EM
Total,Hombres,Cuba,2012,924,EM
Total,Hombres,Cuba,2011,879,EM
Total,Hombres,Cuba,2010,1156,EM
Total,Hombres,Cuba,2009,1000,EM
Total,Hombres,Cuba,2008,655,EM
Total,Hombres,Honduras,2020,703,EM
Total,Hombres,Honduras,2019,749,EM
Total,Hombres,Honduras,2018,503,EM
Total,Hombres,Honduras,2017,478,EM
Total,Hombres,Honduras,2016,436,EM
Total,Hombres,Honduras,2015,446,EM
Total,Hombres,Honduras,2014,653,EM
Total,Hombres,Honduras,2013,1187,EM
Total,Hombres,Honduras,2012,866,EM
Total,Hombres,Honduras,2011,753,EM
Total,Hombres,Honduras,2010,730,EM
Total,Hombres,Honduras,2009,686,EM
Total,Hombres,Honduras,2008,570,EM
Total,Hombres,Nicaragua,2020,376,EM
Total,Hombres,Nicaragua,2019,253,EM
Total,Hombres,Nicaragua,2018,252,EM
Total,Hombres,Nicaragua,2017,309,EM
Total,Hombres,Nicaragua,2016,263,EM
Total,Hombres,Nicaragua,2015,263,EM
Total,Hombres,Nicaragua,2014,406,EM
Total,Hombres,Nicaragua,2013,570,EM
Total,Hombres,Nicaragua,2012,411,EM
Total,Hombres,Nicaragua,2011,385,EM
Total,Hombres,Nicaragua,2010,271,EM
Total,Hombres,Nicaragua,2009,291,EM
Total,Hombres,Nicaragua,2008,210,EM
Total,Hombres,República Dominicana,2020,1341,EM
Total,Hombres,República Dominicana,2019,1690,EM
Total,Hombres,República Dominicana,2018,1908,EM
Total,Hombres,República Dominicana,2017,2243,EM
Total,Hombres,República Dominicana,2016,2419,EM
Total,Hombres,República Dominicana,2015,2284,EM
Total,Hombres,República Dominicana,2014,2380,EM
Total,Hombres,República Dominicana,2013,3596,EM
Total,Hombres,República Dominicana,2012,2861,EM
Total,Hombres,República Dominicana,2011,2655,EM
Total,Hombres,República Dominicana,2010,2055,EM
Total,Hombres,República Dominicana,2009,1864,EM
Total,Hombres,República Dominicana,2008,1303,EM
Total,Hombres,Otros países de Centro América y Caribe,2020,632,EM
Total,Hombres,Otros países de Centro América y Caribe,2019,835,EM
Total,Hombres,Otros países de Centro América y Caribe,2018,805,EM
Total,Hombres,Otros países de Centro América y Caribe,2017,806,EM
Total,Hombres,Otros países de Centro América y Caribe,2016,716,EM
Total,Hombres,Otros países de Centro América y Caribe,2015,849,EM
Total,Hombres,Otros países de Centro América y Caribe,2014,1162,EM
Total,Hombres,Otros países de Centro América y Caribe,2013,1449,EM
Total,Hombres,Otros países de Centro América y Caribe,2012,961,EM
Total,Hombres,Otros países de Centro América y Caribe,2011,928,EM
Total,Hombres,Otros países de Centro América y Caribe,2010,843,EM
Total,Hombres,Otros países de Centro América y Caribe,2009,810,EM
Total,Hombres,Otros países de Centro América y Caribe,2008,774,EM
Total,Hombres,Sudamérica,2020,19449,EM
Total,Hombres,Sudamérica,2019,25014,EM
Total,Hombres,Sudamérica,2018,26092,EM
Total,Hombres,Sudamérica,2017,30571,EM
Total,Hombres,Sudamérica,2016,27630,EM
Total,Hombres,Sudamérica,2015,34327,EM
Total,Hombres,Sudamérica,2014,48327,EM
Total,Hombres,Sudamérica,2013,78980,EM
Total,Hombres,Sudamérica,2012,70553,EM
Total,Hombres,Sudamérica,2011,67435,EM
Total,Hombres,Sudamérica,2010,67143,EM
Total,Hombres,Sudamérica,2009,65843,EM
Total,Hombres,Sudamérica,2008,47213,EM
Total,Hombres,Argentina,2020,2517,EM
Total,Hombres,Argentina,2019,3443,EM
Total,Hombres,Argentina,2018,3336,EM
Total,Hombres,Argentina,2017,4178,EM
Total,Hombres,Argentina,2016,3296,EM
Total,Hombres,Argentina,2015,3975,EM
Total,Hombres,Argentina,2014,5082,EM
Total,Hombres,Argentina,2013,7388,EM
Total,Hombres,Argentina,2012,6827,EM
Total,Hombres,Argentina,2011,7606,EM
Total,Hombres,Argentina,2010,8150,EM
Total,Hombres,Argentina,2009,9002,EM
Total,Hombres,Argentina,2008,7036,EM
Total,Hombres,Bolivia,2020,1168,EM
Total,Hombres,Bolivia,2019,1686,EM
Total,Hombres,Bolivia,2018,2036,EM
Total,Hombres,Bolivia,2017,2862,EM
Total,Hombres,Bolivia,2016,2979,EM
Total,Hombres,Bolivia,2015,3719,EM
Total,Hombres,Bolivia,2014,6159,EM
Total,Hombres,Bolivia,2013,11347,EM
Total,Hombres,Bolivia,2012,10174,EM
Total,Hombres,Bolivia,2011,10128,EM
Total,Hombres,Bolivia,2010,10799,EM
Total,Hombres,Bolivia,2009,11926,EM
Total,Hombres,Bolivia,2008,10702,EM
Total,Hombres,Brasil,2020,2016,EM
Total,Hombres,Brasil,2019,2550,EM
Total,Hombres,Brasil,2018,2492,EM
Total,Hombres,Brasil,2017,2796,EM
Total,Hombres,Brasil,2016,2470,EM
Total,Hombres,Brasil,2015,2928,EM
Total,Hombres,Brasil,2014,4186,EM
Total,Hombres,Brasil,2013,7778,EM
Total,Hombres,Brasil,2012,7291,EM
Total,Hombres,Brasil,2011,7636,EM
Total,Hombres,Brasil,2010,8371,EM
Total,Hombres,Brasil,2009,9156,EM
Total,Hombres,Brasil,2008,6836,EM
Total,Hombres,Colombia,2020,4599,EM
Total,Hombres,Colombia,2019,5111,EM
Total,Hombres,Colombia,2018,5059,EM
Total,Hombres,Colombia,2017,5540,EM
Total,Hombres,Colombia,2016,4864,EM
Total,Hombres,Colombia,2015,5522,EM
Total,Hombres,Colombia,2014,7778,EM
Total,Hombres,Colombia,2013,11628,EM
Total,Hombres,Colombia,2012,10262,EM
Total,Hombres,Colombia,2011,9350,EM
Total,Hombres,Colombia,2010,8566,EM
Total,Hombres,Colombia,2009,8206,EM
Total,Hombres,Colombia,2008,5300,EM
Total,Hombres,Chile,2020,796,EM
Total,Hombres,Chile,2019,1393,EM
Total,Hombres,Chile,2018,1382,EM
Total,Hombres,Chile,2017,1638,EM
Total,Hombres,Chile,2016,1612,EM
Total,Hombres,Chile,2015,2176,EM
Total,Hombres,Chile,2014,2653,EM
Total,Hombres,Chile,2013,4001,EM
Total,Hombres,Chile,2012,3254,EM
Total,Hombres,Chile,2011,3066,EM
Total,Hombres,Chile,2010,2978,EM
Total,Hombres,Chile,2009,2646,EM
Total,Hombres,Chile,2008,1961,EM
Total,Hombres,Ecuador,2020,3050,EM
Total,Hombres,Ecuador,2019,4374,EM
Total,Hombres,Ecuador,2018,5793,EM
Total,Hombres,Ecuador,2017,6947,EM
Total,Hombres,Ecuador,2016,6104,EM
Total,Hombres,Ecuador,2015,8018,EM
Total,Hombres,Ecuador,2014,11534,EM
Total,Hombres,Ecuador,2013,18232,EM
Total,Hombres,Ecuador,2012,16321,EM
Total,Hombres,Ecuador,2011,14634,EM
Total,Hombres,Ecuador,2010,14133,EM
Total,Hombres,Ecuador,2009,12035,EM
Total,Hombres,Ecuador,2008,7071,EM
Total,Hombres,Paraguay,2020,952,EM
Total,Hombres,Paraguay,2019,1209,EM
Total,Hombres,Paraguay,2018,1219,EM
Total,Hombres,Paraguay,2017,1220,EM
Total,Hombres,Paraguay,2016,1323,EM
Total,Hombres,Paraguay,2015,1663,EM
Total,Hombres,Paraguay,2014,2564,EM
Total,Hombres,Paraguay,2013,5514,EM
Total,Hombres,Paraguay,2012,4608,EM
Total,Hombres,Paraguay,2011,4063,EM
Total,Hombres,Paraguay,2010,3538,EM
Total,Hombres,Paraguay,2009,3229,EM
Total,Hombres,Paraguay,2008,2052,EM
Total,Hombres,Perú,2020,1857,EM
Total,Hombres,Perú,2019,2458,EM
Total,Hombres,Perú,2018,2170,EM
Total,Hombres,Perú,2017,2481,EM
Total,Hombres,Perú,2016,2217,EM
Total,Hombres,Perú,2015,3029,EM
Total,Hombres,Perú,2014,4283,EM
Total,Hombres,Perú,2013,7150,EM
Total,Hombres,Perú,2012,6497,EM
Total,Hombres,Perú,2011,5953,EM
Total,Hombres,Perú,2010,5283,EM
Total,Hombres,Perú,2009,4155,EM
Total,Hombres,Perú,2008,2289,EM
Total,Hombres,Uruguay,2020,608,EM
Total,Hombres,Uruguay,2019,714,EM
Total,Hombres,Uruguay,2018,690,EM
Total,Hombres,Uruguay,2017,759,EM
Total,Hombres,Uruguay,2016,820,EM
Total,Hombres,Uruguay,2015,1117,EM
Total,Hombres,Uruguay,2014,1421,EM
Total,Hombres,Uruguay,2013,2061,EM
Total,Hombres,Uruguay,2012,1995,EM
Total,Hombres,Uruguay,2011,2065,EM
Total,Hombres,Uruguay,2010,2460,EM
Total,Hombres,Uruguay,2009,2590,EM
Total,Hombres,Uruguay,2008,1693,EM
Total,Hombres,Venezuela,2020,1885,EM
Total,Hombres,Venezuela,2019,2075,EM
Total,Hombres,Venezuela,2018,1914,EM
Total,Hombres,Venezuela,2017,2150,EM
Total,Hombres,Venezuela,2016,1931,EM
Total,Hombres,Venezuela,2015,2180,EM
Total,Hombres,Venezuela,2014,2665,EM
Total,Hombres,Venezuela,2013,3838,EM
Total,Hombres,Venezuela,2012,3324,EM
Total,Hombres,Venezuela,2011,2935,EM
Total,Hombres,Venezuela,2010,2865,EM
Total,Hombres,Venezuela,2009,2899,EM
Total,Hombres,Venezuela,2008,2272,EM
Total,Hombres,Otro país de Sudamérica,2020,1,EM
Total,Hombres,Otro país de Sudamérica,2019,1,EM
Total,Hombres,Otro país de Sudamérica,2018,1,EM
Total,Hombres,Otro país de Sudamérica,2017,0,EM
Total,Hombres,Otro país de Sudamérica,2016,14,EM
Total,Hombres,Otro país de Sudamérica,2015,NA,EM
Total,Hombres,Otro país de Sudamérica,2014,1,EM
Total,Hombres,Otro país de Sudamérica,2013,42,EM
Total,Hombres,Otro país de Sudamérica,2012,NA,EM
Total,Hombres,Otro país de Sudamérica,2011,1,EM
Total,Hombres,Otro país de Sudamérica,2010,NA,EM
Total,Hombres,Otro país de Sudamérica,2009,NA,EM
Total,Hombres,Otro país de Sudamérica,2008,NA,EM
Total,Hombres,Asia,2020,8034,EM
Total,Hombres,Asia,2019,11567,EM
Total,Hombres,Asia,2018,9811,EM
Total,Hombres,Asia,2017,11930,EM
Total,Hombres,Asia,2016,11632,EM
Total,Hombres,Asia,2015,13432,EM
Total,Hombres,Asia,2014,17300,EM
Total,Hombres,Asia,2013,24652,EM
Total,Hombres,Asia,2012,21761,EM
Total,Hombres,Asia,2011,22308,EM
Total,Hombres,Asia,2010,17057,EM
Total,Hombres,Asia,2009,14399,EM
Total,Hombres,Asia,2008,10833,EM
Total,Hombres,Bangladesh,2020,139,EM
Total,Hombres,Bangladesh,2019,642,EM
Total,Hombres,Bangladesh,2018,167,EM
Total,Hombres,Bangladesh,2017,424,EM
Total,Hombres,Bangladesh,2016,351,EM
Total,Hombres,Bangladesh,2015,457,EM
Total,Hombres,Bangladesh,2014,992,EM
Total,Hombres,Bangladesh,2013,1592,EM
Total,Hombres,Bangladesh,2012,477,EM
Total,Hombres,Bangladesh,2011,1246,EM
Total,Hombres,Bangladesh,2010,638,EM
Total,Hombres,Bangladesh,2009,623,EM
Total,Hombres,Bangladesh,2008,335,EM
Total,Hombres,China,2020,2729,EM
Total,Hombres,China,2019,3653,EM
Total,Hombres,China,2018,3409,EM
Total,Hombres,China,2017,3826,EM
Total,Hombres,China,2016,3834,EM
Total,Hombres,China,2015,4084,EM
Total,Hombres,China,2014,5459,EM
Total,Hombres,China,2013,8236,EM
Total,Hombres,China,2012,7477,EM
Total,Hombres,China,2011,7470,EM
Total,Hombres,China,2010,5918,EM
Total,Hombres,China,2009,5231,EM
Total,Hombres,China,2008,4181,EM
Total,Hombres,Filipinas,2020,230,EM
Total,Hombres,Filipinas,2019,425,EM
Total,Hombres,Filipinas,2018,307,EM
Total,Hombres,Filipinas,2017,416,EM
Total,Hombres,Filipinas,2016,378,EM
Total,Hombres,Filipinas,2015,433,EM
Total,Hombres,Filipinas,2014,552,EM
Total,Hombres,Filipinas,2013,904,EM
Total,Hombres,Filipinas,2012,593,EM
Total,Hombres,Filipinas,2011,565,EM
Total,Hombres,Filipinas,2010,405,EM
Total,Hombres,Filipinas,2009,447,EM
Total,Hombres,Filipinas,2008,370,EM
Total,Hombres,India,2020,944,EM
Total,Hombres,India,2019,1277,EM
Total,Hombres,India,2018,1199,EM
Total,Hombres,India,2017,1238,EM
Total,Hombres,India,2016,1198,EM
Total,Hombres,India,2015,1114,EM
Total,Hombres,India,2014,1616,EM
Total,Hombres,India,2013,2653,EM
Total,Hombres,India,2012,2408,EM
Total,Hombres,India,2011,2458,EM
Total,Hombres,India,2010,2218,EM
Total,Hombres,India,2009,1631,EM
Total,Hombres,India,2008,1160,EM
Total,Hombres,Pakistán,2020,1793,EM
Total,Hombres,Pakistán,2019,2927,EM
Total,Hombres,Pakistán,2018,2623,EM
Total,Hombres,Pakistán,2017,3560,EM
Total,Hombres,Pakistán,2016,3033,EM
Total,Hombres,Pakistán,2015,3780,EM
Total,Hombres,Pakistán,2014,5475,EM
Total,Hombres,Pakistán,2013,8120,EM
Total,Hombres,Pakistán,2012,8725,EM
Total,Hombres,Pakistán,2011,8174,EM
Total,Hombres,Pakistán,2010,5898,EM
Total,Hombres,Pakistán,2009,4626,EM
Total,Hombres,Pakistán,2008,3362,EM
Total,Hombres,Otro país de Asia,2020,2199,EM
Total,Hombres,Otro país de Asia,2019,2643,EM
Total,Hombres,Otro país de Asia,2018,2106,EM
Total,Hombres,Otro país de Asia,2017,2466,EM
Total,Hombres,Otro país de Asia,2016,2838,EM
Total,Hombres,Otro país de Asia,2015,3563,EM
Total,Hombres,Otro país de Asia,2014,3206,EM
Total,Hombres,Otro país de Asia,2013,3146,EM
Total,Hombres,Otro país de Asia,2012,2082,EM
Total,Hombres,Otro país de Asia,2011,2395,EM
Total,Hombres,Otro país de Asia,2010,1980,EM
Total,Hombres,Otro país de Asia,2009,1841,EM
Total,Hombres,Otro país de Asia,2008,1425,EM
Total,Hombres,Oceanía,2020,454,EM
Total,Hombres,Oceanía,2019,618,EM
Total,Hombres,Oceanía,2018,516,EM
Total,Hombres,Oceanía,2017,565,EM
Total,Hombres,Oceanía,2016,866,EM
Total,Hombres,Oceanía,2015,634,EM
Total,Hombres,Oceanía,2014,546,EM
Total,Hombres,Oceanía,2013,534,EM
Total,Hombres,Oceanía,2012,504,EM
Total,Hombres,Oceanía,2011,412,EM
Total,Hombres,Oceanía,2010,456,EM
Total,Hombres,Oceanía,2009,338,EM
Total,Hombres,Oceanía,2008,364,EM
Española,Hombres,Total,2020,34499,EM
Española,Hombres,Total,2019,40106,EM
Española,Hombres,Total,2018,42129,EM
Española,Hombres,Total,2017,45528,EM
Española,Hombres,Total,2016,46669,EM
Española,Hombres,Total,2015,49282,EM
Española,Hombres,Total,2014,41850,EM
Española,Hombres,Total,2013,38595,EM
Española,Hombres,Total,2012,29907,EM
Española,Hombres,Total,2011,28638,EM
Española,Hombres,Total,2010,20870,EM
Española,Hombres,Total,2009,18401,EM
Española,Hombres,Total,2008,17014,EM
Española,Hombres,UE27_2020 sin España,2020,11885,EM
Española,Hombres,UE27_2020 sin España,2019,NA,EM
Española,Hombres,UE27_2020 sin España,2018,NA,EM
Española,Hombres,UE27_2020 sin España,2017,NA,EM
Española,Hombres,UE27_2020 sin España,2016,NA,EM
Española,Hombres,UE27_2020 sin España,2015,NA,EM
Española,Hombres,UE27_2020 sin España,2014,NA,EM
Española,Hombres,UE27_2020 sin España,2013,NA,EM
Española,Hombres,UE27_2020 sin España,2012,NA,EM
Española,Hombres,UE27_2020 sin España,2011,NA,EM
Española,Hombres,UE27_2020 sin España,2010,NA,EM
Española,Hombres,UE27_2020 sin España,2009,NA,EM
Española,Hombres,UE27_2020 sin España,2008,NA,EM
Española,Hombres,UE28 sin España,2020,NA,EM
Española,Hombres,UE28 sin España,2019,22180,EM
Española,Hombres,UE28 sin España,2018,21976,EM
Española,Hombres,UE28 sin España,2017,23048,EM
Española,Hombres,UE28 sin España,2016,20949,EM
Española,Hombres,UE28 sin España,2015,20508,EM
Española,Hombres,UE28 sin España,2014,17487,EM
Española,Hombres,UE28 sin España,2013,14908,EM
Española,Hombres,UE28 sin España,2012,11891,EM
Española,Hombres,UE28 sin España,2011,11637,EM
Española,Hombres,UE28 sin España,2010,8328,EM
Española,Hombres,UE28 sin España,2009,7092,EM
Española,Hombres,UE28 sin España,2008,7068,EM
Española,Hombres,Bélgica,2020,1027,EM
Española,Hombres,Bélgica,2019,952,EM
Española,Hombres,Bélgica,2018,1021,EM
Española,Hombres,Bélgica,2017,1060,EM
Española,Hombres,Bélgica,2016,1147,EM
Española,Hombres,Bélgica,2015,1459,EM
Española,Hombres,Bélgica,2014,1358,EM
Española,Hombres,Bélgica,2013,1380,EM
Española,Hombres,Bélgica,2012,1299,EM
Española,Hombres,Bélgica,2011,1230,EM
Española,Hombres,Bélgica,2010,880,EM
Española,Hombres,Bélgica,2009,803,EM
Española,Hombres,Bélgica,2008,624,EM
Española,Hombres,Bulgaria,2020,39,EM
Española,Hombres,Bulgaria,2019,29,EM
Española,Hombres,Bulgaria,2018,26,EM
Española,Hombres,Bulgaria,2017,14,EM
Española,Hombres,Bulgaria,2016,22,EM
Española,Hombres,Bulgaria,2015,36,EM
Española,Hombres,Bulgaria,2014,16,EM
Española,Hombres,Bulgaria,2013,19,EM
Española,Hombres,Bulgaria,2012,19,EM
Española,Hombres,Bulgaria,2011,39,EM
Española,Hombres,Bulgaria,2010,31,EM
Española,Hombres,Bulgaria,2009,50,EM
Española,Hombres,Bulgaria,2008,37,EM
Española,Hombres,Dinamarca,2020,176,EM
Española,Hombres,Dinamarca,2019,252,EM
Española,Hombres,Dinamarca,2018,165,EM
Española,Hombres,Dinamarca,2017,177,EM
Española,Hombres,Dinamarca,2016,197,EM
Española,Hombres,Dinamarca,2015,267,EM
Española,Hombres,Dinamarca,2014,128,EM
Española,Hombres,Dinamarca,2013,115,EM
Española,Hombres,Dinamarca,2012,90,EM
Española,Hombres,Dinamarca,2011,72,EM
Española,Hombres,Dinamarca,2010,95,EM
Española,Hombres,Dinamarca,2009,81,EM
Española,Hombres,Dinamarca,2008,75,EM
Española,Hombres,Finlandia,2020,72,EM
Española,Hombres,Finlandia,2019,89,EM
Española,Hombres,Finlandia,2018,70,EM
Española,Hombres,Finlandia,2017,79,EM
Española,Hombres,Finlandia,2016,84,EM
Española,Hombres,Finlandia,2015,141,EM
Española,Hombres,Finlandia,2014,117,EM
Española,Hombres,Finlandia,2013,115,EM
Española,Hombres,Finlandia,2012,66,EM
Española,Hombres,Finlandia,2011,84,EM
Española,Hombres,Finlandia,2010,48,EM
Española,Hombres,Finlandia,2009,53,EM
Española,Hombres,Finlandia,2008,48,EM
Española,Hombres,Francia,2020,5054,EM
Española,Hombres,Francia,2019,5206,EM
Española,Hombres,Francia,2018,5392,EM
Española,Hombres,Francia,2017,5615,EM
Española,Hombres,Francia,2016,5210,EM
Española,Hombres,Francia,2015,4976,EM
Española,Hombres,Francia,2014,4370,EM
Española,Hombres,Francia,2013,3688,EM
Española,Hombres,Francia,2012,2760,EM
Española,Hombres,Francia,2011,2539,EM
Española,Hombres,Francia,2010,1908,EM
Española,Hombres,Francia,2009,1476,EM
Española,Hombres,Francia,2008,1546,EM
Española,Hombres,Irlanda,2020,392,EM
Española,Hombres,Irlanda,2019,422,EM
Española,Hombres,Irlanda,2018,349,EM
Española,Hombres,Irlanda,2017,347,EM
Española,Hombres,Irlanda,2016,374,EM
Española,Hombres,Irlanda,2015,425,EM
Española,Hombres,Irlanda,2014,356,EM
Española,Hombres,Irlanda,2013,286,EM
Española,Hombres,Irlanda,2012,201,EM
Española,Hombres,Irlanda,2011,250,EM
Española,Hombres,Irlanda,2010,210,EM
Española,Hombres,Irlanda,2009,187,EM
Española,Hombres,Irlanda,2008,231,EM
Española,Hombres,Italia,2020,375,EM
Española,Hombres,Italia,2019,330,EM
Española,Hombres,Italia,2018,324,EM
Española,Hombres,Italia,2017,346,EM
Española,Hombres,Italia,2016,406,EM
Española,Hombres,Italia,2015,347,EM
Española,Hombres,Italia,2014,341,EM
Española,Hombres,Italia,2013,386,EM
Española,Hombres,Italia,2012,309,EM
Española,Hombres,Italia,2011,370,EM
Española,Hombres,Italia,2010,330,EM
Española,Hombres,Italia,2009,406,EM
Española,Hombres,Italia,2008,385,EM
Española,Hombres,Países Bajos,2020,645,EM
Española,Hombres,Países Bajos,2019,746,EM
Española,Hombres,Países Bajos,2018,648,EM
Española,Hombres,Países Bajos,2017,618,EM
Española,Hombres,Países Bajos,2016,729,EM
Española,Hombres,Países Bajos,2015,684,EM
Española,Hombres,Países Bajos,2014,643,EM
Española,Hombres,Países Bajos,2013,547,EM
Española,Hombres,Países Bajos,2012,450,EM
Española,Hombres,Países Bajos,2011,469,EM
Española,Hombres,Países Bajos,2010,318,EM
Española,Hombres,Países Bajos,2009,290,EM
Española,Hombres,Países Bajos,2008,382,EM
Española,Hombres,Polonia,2020,142,EM
Española,Hombres,Polonia,2019,170,EM
Española,Hombres,Polonia,2018,153,EM
Española,Hombres,Polonia,2017,159,EM
Española,Hombres,Polonia,2016,183,EM
Española,Hombres,Polonia,2015,161,EM
Española,Hombres,Polonia,2014,122,EM
Española,Hombres,Polonia,2013,112,EM
Española,Hombres,Polonia,2012,98,EM
Española,Hombres,Polonia,2011,82,EM
Española,Hombres,Polonia,2010,58,EM
Española,Hombres,Polonia,2009,54,EM
Española,Hombres,Polonia,2008,51,EM
Española,Hombres,Portugal,2020,320,EM
Española,Hombres,Portugal,2019,325,EM
Española,Hombres,Portugal,2018,314,EM
Española,Hombres,Portugal,2017,295,EM
Española,Hombres,Portugal,2016,307,EM
Española,Hombres,Portugal,2015,271,EM
Española,Hombres,Portugal,2014,269,EM
Española,Hombres,Portugal,2013,245,EM
Española,Hombres,Portugal,2012,255,EM
Española,Hombres,Portugal,2011,284,EM
Española,Hombres,Portugal,2010,271,EM
Española,Hombres,Portugal,2009,228,EM
Española,Hombres,Portugal,2008,257,EM
Española,Hombres,Alemania,2020,2718,EM
Española,Hombres,Alemania,2019,3268,EM
Española,Hombres,Alemania,2018,3410,EM
Española,Hombres,Alemania,2017,3680,EM
Española,Hombres,Alemania,2016,4765,EM
Española,Hombres,Alemania,2015,4790,EM
Española,Hombres,Alemania,2014,4037,EM
Española,Hombres,Alemania,2013,3409,EM
Española,Hombres,Alemania,2012,2424,EM
Española,Hombres,Alemania,2011,2138,EM
Española,Hombres,Alemania,2010,1352,EM
Española,Hombres,Alemania,2009,1101,EM
Española,Hombres,Alemania,2008,1125,EM
Española,Hombres,Rumanía,2020,52,EM
Española,Hombres,Rumanía,2019,58,EM
Española,Hombres,Rumanía,2018,56,EM
Española,Hombres,Rumanía,2017,41,EM
Española,Hombres,Rumanía,2016,27,EM
Española,Hombres,Rumanía,2015,45,EM
Española,Hombres,Rumanía,2014,56,EM
Española,Hombres,Rumanía,2013,54,EM
Española,Hombres,Rumanía,2012,47,EM
Española,Hombres,Rumanía,2011,37,EM
Española,Hombres,Rumanía,2010,46,EM
Española,Hombres,Rumanía,2009,69,EM
Española,Hombres,Rumanía,2008,62,EM
Española,Hombres,Suecia,2020,262,EM
Española,Hombres,Suecia,2019,338,EM
Española,Hombres,Suecia,2018,278,EM
Española,Hombres,Suecia,2017,311,EM
Española,Hombres,Suecia,2016,371,EM
Española,Hombres,Suecia,2015,360,EM
Española,Hombres,Suecia,2014,330,EM
Española,Hombres,Suecia,2013,295,EM
Española,Hombres,Suecia,2012,204,EM
Española,Hombres,Suecia,2011,212,EM
Española,Hombres,Suecia,2010,172,EM
Española,Hombres,Suecia,2009,120,EM
Española,Hombres,Suecia,2008,114,EM
Española,Hombres,Lituania,2020,13,EM
Española,Hombres,Lituania,2019,14,EM
Española,Hombres,Lituania,2018,12,EM
Española,Hombres,Lituania,2017,10,EM
Española,Hombres,Lituania,2016,13,EM
Española,Hombres,Lituania,2015,19,EM
Española,Hombres,Lituania,2014,19,EM
Española,Hombres,Lituania,2013,15,EM
Española,Hombres,Lituania,2012,17,EM
Española,Hombres,Lituania,2011,6,EM
Española,Hombres,Lituania,2010,19,EM
Española,Hombres,Lituania,2009,8,EM
Española,Hombres,Lituania,2008,16,EM
Española,Hombres,Otro país de la Unión Europea sin España,2020,598,EM
Española,Hombres,Otro país de la Unión Europea sin España,2019,735,EM
Española,Hombres,Otro país de la Unión Europea sin España,2018,550,EM
Española,Hombres,Otro país de la Unión Europea sin España,2017,614,EM
Española,Hombres,Otro país de la Unión Europea sin España,2016,727,EM
Española,Hombres,Otro país de la Unión Europea sin España,2015,737,EM
Española,Hombres,Otro país de la Unión Europea sin España,2014,610,EM
Española,Hombres,Otro país de la Unión Europea sin España,2013,567,EM
Española,Hombres,Otro país de la Unión Europea sin España,2012,460,EM
Española,Hombres,Otro país de la Unión Europea sin España,2011,515,EM
Española,Hombres,Otro país de la Unión Europea sin España,2010,284,EM
Española,Hombres,Otro país de la Unión Europea sin España,2009,255,EM
Española,Hombres,Otro país de la Unión Europea sin España,2008,297,EM
Española,Hombres,Europa menos UE27_2020,2020,10056,EM
Española,Hombres,Europa menos UE27_2020,2019,NA,EM
Española,Hombres,Europa menos UE27_2020,2018,NA,EM
Española,Hombres,Europa menos UE27_2020,2017,NA,EM
Española,Hombres,Europa menos UE27_2020,2016,NA,EM
Española,Hombres,Europa menos UE27_2020,2015,NA,EM
Española,Hombres,Europa menos UE27_2020,2014,NA,EM
Española,Hombres,Europa menos UE27_2020,2013,NA,EM
Española,Hombres,Europa menos UE27_2020,2012,NA,EM
Española,Hombres,Europa menos UE27_2020,2011,NA,EM
Española,Hombres,Europa menos UE27_2020,2010,NA,EM
Española,Hombres,Europa menos UE27_2020,2009,NA,EM
Española,Hombres,Europa menos UE27_2020,2008,NA,EM
Española,Hombres,Reino Unido,2020,7673,EM
Española,Hombres,Reino Unido,2019,9246,EM
Española,Hombres,Reino Unido,2018,9208,EM
Española,Hombres,Reino Unido,2017,9682,EM
Española,Hombres,Reino Unido,2016,6387,EM
Española,Hombres,Reino Unido,2015,5789,EM
Española,Hombres,Reino Unido,2014,4715,EM
Española,Hombres,Reino Unido,2013,3675,EM
Española,Hombres,Reino Unido,2012,3193,EM
Española,Hombres,Reino Unido,2011,3311,EM
Española,Hombres,Reino Unido,2010,2304,EM
Española,Hombres,Reino Unido,2009,1913,EM
Española,Hombres,Reino Unido,2008,1817,EM
Española,Hombres,País de Europa menos UE28,2020,NA,EM
Española,Hombres,País de Europa menos UE28,2019,2318,EM
Española,Hombres,País de Europa menos UE28,2018,2514,EM
Española,Hombres,País de Europa menos UE28,2017,2737,EM
Española,Hombres,País de Europa menos UE28,2016,3115,EM
Española,Hombres,País de Europa menos UE28,2015,3416,EM
Española,Hombres,País de Europa menos UE28,2014,2695,EM
Española,Hombres,País de Europa menos UE28,2013,2842,EM
Española,Hombres,País de Europa menos UE28,2012,2337,EM
Española,Hombres,País de Europa menos UE28,2011,2288,EM
Española,Hombres,País de Europa menos UE28,2010,1663,EM
Española,Hombres,País de Europa menos UE28,2009,1233,EM
Española,Hombres,País de Europa menos UE28,2008,1218,EM
Española,Hombres,Noruega,2020,242,EM
Española,Hombres,Noruega,2019,226,EM
Española,Hombres,Noruega,2018,225,EM
Española,Hombres,Noruega,2017,252,EM
Española,Hombres,Noruega,2016,322,EM
Española,Hombres,Noruega,2015,319,EM
Española,Hombres,Noruega,2014,274,EM
Española,Hombres,Noruega,2013,211,EM
Española,Hombres,Noruega,2012,160,EM
Española,Hombres,Noruega,2011,171,EM
Española,Hombres,Noruega,2010,80,EM
Española,Hombres,Noruega,2009,83,EM
Española,Hombres,Noruega,2008,78,EM
Española,Hombres,Suiza,2020,1635,EM
Española,Hombres,Suiza,2019,1502,EM
Española,Hombres,Suiza,2018,1652,EM
Española,Hombres,Suiza,2017,1927,EM
Española,Hombres,Suiza,2016,2139,EM
Española,Hombres,Suiza,2015,2396,EM
Española,Hombres,Suiza,2014,1830,EM
Española,Hombres,Suiza,2013,1973,EM
Española,Hombres,Suiza,2012,1723,EM
Española,Hombres,Suiza,2011,1544,EM
Española,Hombres,Suiza,2010,1103,EM
Española,Hombres,Suiza,2009,727,EM
Española,Hombres,Suiza,2008,685,EM
Española,Hombres,Ucrania,2020,13,EM
Española,Hombres,Ucrania,2019,7,EM
Española,Hombres,Ucrania,2018,9,EM
Española,Hombres,Ucrania,2017,13,EM
Española,Hombres,Ucrania,2016,10,EM
Española,Hombres,Ucrania,2015,12,EM
Española,Hombres,Ucrania,2014,8,EM
Española,Hombres,Ucrania,2013,16,EM
Española,Hombres,Ucrania,2012,7,EM
Española,Hombres,Ucrania,2011,23,EM
Española,Hombres,Ucrania,2010,13,EM
Española,Hombres,Ucrania,2009,21,EM
Española,Hombres,Ucrania,2008,12,EM
Española,Hombres,Moldavia,2020,1,EM
Española,Hombres,Moldavia,2019,0,EM
Española,Hombres,Moldavia,2018,1,EM
Española,Hombres,Moldavia,2017,0,EM
Española,Hombres,Moldavia,2016,0,EM
Española,Hombres,Moldavia,2015,2,EM
Española,Hombres,Moldavia,2014,1,EM
Española,Hombres,Moldavia,2013,3,EM
Española,Hombres,Moldavia,2012,1,EM
Española,Hombres,Moldavia,2011,2,EM
Española,Hombres,Moldavia,2010,1,EM
Española,Hombres,Moldavia,2009,NA,EM
Española,Hombres,Moldavia,2008,1,EM
Española,Hombres,Rusia,2020,54,EM
Española,Hombres,Rusia,2019,69,EM
Española,Hombres,Rusia,2018,66,EM
Española,Hombres,Rusia,2017,86,EM
Española,Hombres,Rusia,2016,83,EM
Española,Hombres,Rusia,2015,135,EM
Española,Hombres,Rusia,2014,103,EM
Española,Hombres,Rusia,2013,90,EM
Española,Hombres,Rusia,2012,48,EM
Española,Hombres,Rusia,2011,27,EM
Española,Hombres,Rusia,2010,45,EM
Española,Hombres,Rusia,2009,39,EM
Española,Hombres,Rusia,2008,75,EM
Española,Hombres,Otro país del resto de Europa,2020,438,EM
Española,Hombres,Otro país del resto de Europa,2019,514,EM
Española,Hombres,Otro país del resto de Europa,2018,561,EM
Española,Hombres,Otro país del resto de Europa,2017,459,EM
Española,Hombres,Otro país del resto de Europa,2016,562,EM
Española,Hombres,Otro país del resto de Europa,2015,551,EM
Española,Hombres,Otro país del resto de Europa,2014,478,EM
Española,Hombres,Otro país del resto de Europa,2013,549,EM
Española,Hombres,Otro país del resto de Europa,2012,398,EM
Española,Hombres,Otro país del resto de Europa,2011,521,EM
Española,Hombres,Otro país del resto de Europa,2010,421,EM
Española,Hombres,Otro país del resto de Europa,2009,364,EM
Española,Hombres,Otro país del resto de Europa,2008,366,EM
Española,Hombres,África,2020,810,EM
Española,Hombres,África,2019,963,EM
Española,Hombres,África,2018,1081,EM
Española,Hombres,África,2017,1089,EM
Española,Hombres,África,2016,1195,EM
Española,Hombres,África,2015,1241,EM
Española,Hombres,África,2014,1029,EM
Española,Hombres,África,2013,1118,EM
Española,Hombres,África,2012,1037,EM
Española,Hombres,África,2011,1290,EM
Española,Hombres,África,2010,1067,EM
Española,Hombres,África,2009,1102,EM
Española,Hombres,África,2008,893,EM
Española,Hombres,Argelia,2020,26,EM
Española,Hombres,Argelia,2019,52,EM
Española,Hombres,Argelia,2018,60,EM
Española,Hombres,Argelia,2017,89,EM
Española,Hombres,Argelia,2016,134,EM
Española,Hombres,Argelia,2015,128,EM
Española,Hombres,Argelia,2014,58,EM
Española,Hombres,Argelia,2013,67,EM
Española,Hombres,Argelia,2012,54,EM
Española,Hombres,Argelia,2011,113,EM
Española,Hombres,Argelia,2010,51,EM
Española,Hombres,Argelia,2009,81,EM
Española,Hombres,Argelia,2008,50,EM
Española,Hombres,Gambia,2020,6,EM
Española,Hombres,Gambia,2019,20,EM
Española,Hombres,Gambia,2018,9,EM
Española,Hombres,Gambia,2017,2,EM
Española,Hombres,Gambia,2016,16,EM
Española,Hombres,Gambia,2015,10,EM
Española,Hombres,Gambia,2014,3,EM
Española,Hombres,Gambia,2013,21,EM
Española,Hombres,Gambia,2012,20,EM
Española,Hombres,Gambia,2011,19,EM
Española,Hombres,Gambia,2010,11,EM
Española,Hombres,Gambia,2009,9,EM
Española,Hombres,Gambia,2008,5,EM
Española,Hombres,Ghana,2020,15,EM
Española,Hombres,Ghana,2019,10,EM
Española,Hombres,Ghana,2018,17,EM
Española,Hombres,Ghana,2017,2,EM
Española,Hombres,Ghana,2016,11,EM
Española,Hombres,Ghana,2015,28,EM
Española,Hombres,Ghana,2014,4,EM
Española,Hombres,Ghana,2013,14,EM
Española,Hombres,Ghana,2012,10,EM
Española,Hombres,Ghana,2011,22,EM
Española,Hombres,Ghana,2010,6,EM
Española,Hombres,Ghana,2009,6,EM
Española,Hombres,Ghana,2008,7,EM
Española,Hombres,Guinea,2020,1,EM
Española,Hombres,Guinea,2019,4,EM
Española,Hombres,Guinea,2018,8,EM
Española,Hombres,Guinea,2017,1,EM
Española,Hombres,Guinea,2016,0,EM
Española,Hombres,Guinea,2015,4,EM
Española,Hombres,Guinea,2014,3,EM
Española,Hombres,Guinea,2013,1,EM
Española,Hombres,Guinea,2012,NA,EM
Española,Hombres,Guinea,2011,7,EM
Española,Hombres,Guinea,2010,4,EM
Española,Hombres,Guinea,2009,5,EM
Española,Hombres,Guinea,2008,9,EM
Española,Hombres,Guinea Ecuatorial,2020,139,EM
Española,Hombres,Guinea Ecuatorial,2019,151,EM
Española,Hombres,Guinea Ecuatorial,2018,196,EM
Española,Hombres,Guinea Ecuatorial,2017,192,EM
Española,Hombres,Guinea Ecuatorial,2016,177,EM
Española,Hombres,Guinea Ecuatorial,2015,121,EM
Española,Hombres,Guinea Ecuatorial,2014,146,EM
Española,Hombres,Guinea Ecuatorial,2013,228,EM
Española,Hombres,Guinea Ecuatorial,2012,163,EM
Española,Hombres,Guinea Ecuatorial,2011,170,EM
Española,Hombres,Guinea Ecuatorial,2010,140,EM
Española,Hombres,Guinea Ecuatorial,2009,142,EM
Española,Hombres,Guinea Ecuatorial,2008,112,EM
Española,Hombres,Mali,2020,10,EM
Española,Hombres,Mali,2019,9,EM
Española,Hombres,Mali,2018,12,EM
Española,Hombres,Mali,2017,6,EM
Española,Hombres,Mali,2016,20,EM
Española,Hombres,Mali,2015,13,EM
Española,Hombres,Mali,2014,13,EM
Española,Hombres,Mali,2013,NA,EM
Española,Hombres,Mali,2012,2,EM
Española,Hombres,Mali,2011,6,EM
Española,Hombres,Mali,2010,7,EM
Española,Hombres,Mali,2009,1,EM
Española,Hombres,Mali,2008,NA,EM
Española,Hombres,Marruecos,2020,360,EM
Española,Hombres,Marruecos,2019,377,EM
Española,Hombres,Marruecos,2018,491,EM
Española,Hombres,Marruecos,2017,485,EM
Española,Hombres,Marruecos,2016,464,EM
Española,Hombres,Marruecos,2015,469,EM
Española,Hombres,Marruecos,2014,429,EM
Española,Hombres,Marruecos,2013,405,EM
Española,Hombres,Marruecos,2012,446,EM
Española,Hombres,Marruecos,2011,529,EM
Española,Hombres,Marruecos,2010,422,EM
Española,Hombres,Marruecos,2009,501,EM
Española,Hombres,Marruecos,2008,362,EM
Española,Hombres,Mauritania,2020,16,EM
Española,Hombres,Mauritania,2019,18,EM
Española,Hombres,Mauritania,2018,10,EM
Española,Hombres,Mauritania,2017,17,EM
Española,Hombres,Mauritania,2016,22,EM
Española,Hombres,Mauritania,2015,17,EM
Española,Hombres,Mauritania,2014,12,EM
Española,Hombres,Mauritania,2013,19,EM
Española,Hombres,Mauritania,2012,18,EM
Española,Hombres,Mauritania,2011,16,EM
Española,Hombres,Mauritania,2010,10,EM
Española,Hombres,Mauritania,2009,18,EM
Española,Hombres,Mauritania,2008,17,EM
Española,Hombres,Nigeria,2020,4,EM
Española,Hombres,Nigeria,2019,21,EM
Española,Hombres,Nigeria,2018,14,EM
Española,Hombres,Nigeria,2017,16,EM
Española,Hombres,Nigeria,2016,13,EM
Española,Hombres,Nigeria,2015,22,EM
Española,Hombres,Nigeria,2014,11,EM
Española,Hombres,Nigeria,2013,25,EM
Española,Hombres,Nigeria,2012,24,EM
Española,Hombres,Nigeria,2011,14,EM
Española,Hombres,Nigeria,2010,19,EM
Española,Hombres,Nigeria,2009,23,EM
Española,Hombres,Nigeria,2008,5,EM
Española,Hombres,Senegal,2020,34,EM
Española,Hombres,Senegal,2019,55,EM
Española,Hombres,Senegal,2018,26,EM
Española,Hombres,Senegal,2017,34,EM
Española,Hombres,Senegal,2016,42,EM
Española,Hombres,Senegal,2015,33,EM
Española,Hombres,Senegal,2014,36,EM
Española,Hombres,Senegal,2013,49,EM
Española,Hombres,Senegal,2012,14,EM
Española,Hombres,Senegal,2011,34,EM
Española,Hombres,Senegal,2010,45,EM
Española,Hombres,Senegal,2009,32,EM
Española,Hombres,Senegal,2008,35,EM
Española,Hombres,Otro país de África,2020,199,EM
Española,Hombres,Otro país de África,2019,246,EM
Española,Hombres,Otro país de África,2018,238,EM
Española,Hombres,Otro país de África,2017,245,EM
Española,Hombres,Otro país de África,2016,296,EM
Española,Hombres,Otro país de África,2015,397,EM
Española,Hombres,Otro país de África,2014,315,EM
Española,Hombres,Otro país de África,2013,289,EM
Española,Hombres,Otro país de África,2012,286,EM
Española,Hombres,Otro país de África,2011,361,EM
Española,Hombres,Otro país de África,2010,353,EM
Española,Hombres,Otro país de África,2009,283,EM
Española,Hombres,Otro país de África,2008,288,EM
Española,Hombres,América del Norte,2020,3596,EM
Española,Hombres,América del Norte,2019,4278,EM
Española,Hombres,América del Norte,2018,4766,EM
Española,Hombres,América del Norte,2017,5275,EM
Española,Hombres,América del Norte,2016,6355,EM
Española,Hombres,América del Norte,2015,6312,EM
Española,Hombres,América del Norte,2014,4087,EM
Española,Hombres,América del Norte,2013,3342,EM
Española,Hombres,América del Norte,2012,2792,EM
Española,Hombres,América del Norte,2011,3166,EM
Española,Hombres,América del Norte,2010,2356,EM
Española,Hombres,América del Norte,2009,2392,EM
Española,Hombres,América del Norte,2008,2425,EM
Española,Hombres,Estados Unidos de América,2020,2739,EM
Española,Hombres,Estados Unidos de América,2019,3112,EM
Española,Hombres,Estados Unidos de América,2018,3508,EM
Española,Hombres,Estados Unidos de América,2017,3790,EM
Española,Hombres,Estados Unidos de América,2016,4341,EM
Española,Hombres,Estados Unidos de América,2015,4390,EM
Española,Hombres,Estados Unidos de América,2014,3269,EM
Española,Hombres,Estados Unidos de América,2013,2680,EM
Española,Hombres,Estados Unidos de América,2012,1995,EM
Española,Hombres,Estados Unidos de América,2011,2344,EM
Española,Hombres,Estados Unidos de América,2010,1835,EM
Española,Hombres,Estados Unidos de América,2009,1785,EM
Española,Hombres,Estados Unidos de América,2008,1867,EM
Española,Hombres,México,2020,676,EM
Española,Hombres,México,2019,904,EM
Española,Hombres,México,2018,1008,EM
Española,Hombres,México,2017,1224,EM
Española,Hombres,México,2016,1705,EM
Española,Hombres,México,2015,1585,EM
Española,Hombres,México,2014,529,EM
Española,Hombres,México,2013,339,EM
Española,Hombres,México,2012,482,EM
Española,Hombres,México,2011,509,EM
Española,Hombres,México,2010,353,EM
Española,Hombres,México,2009,422,EM
Española,Hombres,México,2008,453,EM
Española,Hombres,Canadá,2020,181,EM
Española,Hombres,Canadá,2019,262,EM
Española,Hombres,Canadá,2018,250,EM
Española,Hombres,Canadá,2017,261,EM
Española,Hombres,Canadá,2016,309,EM
Española,Hombres,Canadá,2015,337,EM
Española,Hombres,Canadá,2014,289,EM
Española,Hombres,Canadá,2013,323,EM
Española,Hombres,Canadá,2012,314,EM
Española,Hombres,Canadá,2011,312,EM
Española,Hombres,Canadá,2010,167,EM
Española,Hombres,Canadá,2009,185,EM
Española,Hombres,Canadá,2008,105,EM
Española,Hombres,Centro América y Caribe,2020,1231,EM
Española,Hombres,Centro América y Caribe,2019,1484,EM
Española,Hombres,Centro América y Caribe,2018,1693,EM
Española,Hombres,Centro América y Caribe,2017,1716,EM
Española,Hombres,Centro América y Caribe,2016,1855,EM
Española,Hombres,Centro América y Caribe,2015,1684,EM
Española,Hombres,Centro América y Caribe,2014,1299,EM
Española,Hombres,Centro América y Caribe,2013,1266,EM
Española,Hombres,Centro América y Caribe,2012,920,EM
Española,Hombres,Centro América y Caribe,2011,1018,EM
Española,Hombres,Centro América y Caribe,2010,810,EM
Española,Hombres,Centro América y Caribe,2009,772,EM
Española,Hombres,Centro América y Caribe,2008,760,EM
Española,Hombres,Cuba,2020,286,EM
Española,Hombres,Cuba,2019,379,EM
Española,Hombres,Cuba,2018,438,EM
Española,Hombres,Cuba,2017,374,EM
Española,Hombres,Cuba,2016,379,EM
Española,Hombres,Cuba,2015,376,EM
Española,Hombres,Cuba,2014,363,EM
Española,Hombres,Cuba,2013,297,EM
Española,Hombres,Cuba,2012,197,EM
Española,Hombres,Cuba,2011,242,EM
Española,Hombres,Cuba,2010,225,EM
Española,Hombres,Cuba,2009,193,EM
Española,Hombres,Cuba,2008,192,EM
Española,Hombres,Honduras,2020,33,EM
Española,Hombres,Honduras,2019,29,EM
Española,Hombres,Honduras,2018,38,EM
Española,Hombres,Honduras,2017,28,EM
Española,Hombres,Honduras,2016,27,EM
Española,Hombres,Honduras,2015,44,EM
Española,Hombres,Honduras,2014,32,EM
Española,Hombres,Honduras,2013,40,EM
Española,Hombres,Honduras,2012,28,EM
Española,Hombres,Honduras,2011,38,EM
Española,Hombres,Honduras,2010,13,EM
Española,Hombres,Honduras,2009,13,EM
Española,Hombres,Honduras,2008,21,EM
Española,Hombres,Nicaragua,2020,31,EM
Española,Hombres,Nicaragua,2019,40,EM
Española,Hombres,Nicaragua,2018,43,EM
Española,Hombres,Nicaragua,2017,51,EM
Española,Hombres,Nicaragua,2016,50,EM
Española,Hombres,Nicaragua,2015,49,EM
Española,Hombres,Nicaragua,2014,44,EM
Española,Hombres,Nicaragua,2013,47,EM
Española,Hombres,Nicaragua,2012,33,EM
Española,Hombres,Nicaragua,2011,59,EM
Española,Hombres,Nicaragua,2010,51,EM
Española,Hombres,Nicaragua,2009,38,EM
Española,Hombres,Nicaragua,2008,22,EM
Española,Hombres,República Dominicana,2020,585,EM
Española,Hombres,República Dominicana,2019,577,EM
Española,Hombres,República Dominicana,2018,759,EM
Española,Hombres,República Dominicana,2017,869,EM
Española,Hombres,República Dominicana,2016,916,EM
Española,Hombres,República Dominicana,2015,725,EM
Española,Hombres,República Dominicana,2014,360,EM
Española,Hombres,República Dominicana,2013,395,EM
Española,Hombres,República Dominicana,2012,377,EM
Española,Hombres,República Dominicana,2011,348,EM
Española,Hombres,República Dominicana,2010,280,EM
Española,Hombres,República Dominicana,2009,278,EM
Española,Hombres,República Dominicana,2008,217,EM
Española,Hombres,Otros países de Centro América y Caribe,2020,296,EM
Española,Hombres,Otros países de Centro América y Caribe,2019,459,EM
Española,Hombres,Otros países de Centro América y Caribe,2018,415,EM
Española,Hombres,Otros países de Centro América y Caribe,2017,394,EM
Española,Hombres,Otros países de Centro América y Caribe,2016,483,EM
Española,Hombres,Otros países de Centro América y Caribe,2015,491,EM
Española,Hombres,Otros países de Centro América y Caribe,2014,502,EM
Española,Hombres,Otros países de Centro América y Caribe,2013,487,EM
Española,Hombres,Otros países de Centro América y Caribe,2012,286,EM
Española,Hombres,Otros países de Centro América y Caribe,2011,331,EM
Española,Hombres,Otros países de Centro América y Caribe,2010,242,EM
Española,Hombres,Otros países de Centro América y Caribe,2009,250,EM
Española,Hombres,Otros países de Centro América y Caribe,2008,309,EM
Española,Hombres,Sudamérica,2020,4904,EM
Española,Hombres,Sudamérica,2019,6623,EM
Española,Hombres,Sudamérica,2018,7875,EM
Española,Hombres,Sudamérica,2017,9140,EM
Española,Hombres,Sudamérica,2016,10309,EM
Española,Hombres,Sudamérica,2015,12600,EM
Española,Hombres,Sudamérica,2014,12597,EM
Española,Hombres,Sudamérica,2013,12665,EM
Española,Hombres,Sudamérica,2012,8897,EM
Española,Hombres,Sudamérica,2011,7034,EM
Española,Hombres,Sudamérica,2010,5134,EM
Española,Hombres,Sudamérica,2009,4497,EM
Española,Hombres,Sudamérica,2008,3351,EM
Española,Hombres,Argentina,2020,679,EM
Española,Hombres,Argentina,2019,956,EM
Española,Hombres,Argentina,2018,1038,EM
Española,Hombres,Argentina,2017,1067,EM
Española,Hombres,Argentina,2016,1092,EM
Española,Hombres,Argentina,2015,1181,EM
Española,Hombres,Argentina,2014,1080,EM
Española,Hombres,Argentina,2013,1316,EM
Española,Hombres,Argentina,2012,1135,EM
Española,Hombres,Argentina,2011,1280,EM
Española,Hombres,Argentina,2010,1112,EM
Española,Hombres,Argentina,2009,1229,EM
Española,Hombres,Argentina,2008,909,EM
Española,Hombres,Bolivia,2020,323,EM
Española,Hombres,Bolivia,2019,395,EM
Española,Hombres,Bolivia,2018,420,EM
Española,Hombres,Bolivia,2017,614,EM
Española,Hombres,Bolivia,2016,730,EM
Española,Hombres,Bolivia,2015,722,EM
Española,Hombres,Bolivia,2014,742,EM
Española,Hombres,Bolivia,2013,533,EM
Española,Hombres,Bolivia,2012,370,EM
Española,Hombres,Bolivia,2011,372,EM
Española,Hombres,Bolivia,2010,263,EM
Española,Hombres,Bolivia,2009,280,EM
Española,Hombres,Bolivia,2008,121,EM
Española,Hombres,Brasil,2020,305,EM
Española,Hombres,Brasil,2019,415,EM
Española,Hombres,Brasil,2018,457,EM
Española,Hombres,Brasil,2017,608,EM
Española,Hombres,Brasil,2016,717,EM
Española,Hombres,Brasil,2015,1007,EM
Española,Hombres,Brasil,2014,1026,EM
Española,Hombres,Brasil,2013,950,EM
Española,Hombres,Brasil,2012,745,EM
Española,Hombres,Brasil,2011,723,EM
Española,Hombres,Brasil,2010,541,EM
Española,Hombres,Brasil,2009,477,EM
Española,Hombres,Brasil,2008,300,EM
Española,Hombres,Colombia,2020,774,EM
Española,Hombres,Colombia,2019,1075,EM
Española,Hombres,Colombia,2018,1282,EM
Española,Hombres,Colombia,2017,1472,EM
Española,Hombres,Colombia,2016,1650,EM
Española,Hombres,Colombia,2015,1749,EM
Española,Hombres,Colombia,2014,1876,EM
Española,Hombres,Colombia,2013,1513,EM
Española,Hombres,Colombia,2012,826,EM
Española,Hombres,Colombia,2011,318,EM
Española,Hombres,Colombia,2010,252,EM
Española,Hombres,Colombia,2009,230,EM
Española,Hombres,Colombia,2008,320,EM
Española,Hombres,Chile,2020,275,EM
Española,Hombres,Chile,2019,442,EM
Española,Hombres,Chile,2018,541,EM
Española,Hombres,Chile,2017,651,EM
Española,Hombres,Chile,2016,898,EM
Española,Hombres,Chile,2015,1232,EM
Española,Hombres,Chile,2014,1116,EM
Española,Hombres,Chile,2013,974,EM
Española,Hombres,Chile,2012,597,EM
Española,Hombres,Chile,2011,563,EM
Española,Hombres,Chile,2010,337,EM
Española,Hombres,Chile,2009,274,EM
Española,Hombres,Chile,2008,302,EM
Española,Hombres,Ecuador,2020,1153,EM
Española,Hombres,Ecuador,2019,1600,EM
Española,Hombres,Ecuador,2018,2138,EM
Española,Hombres,Ecuador,2017,2601,EM
Española,Hombres,Ecuador,2016,2828,EM
Española,Hombres,Ecuador,2015,3612,EM
Española,Hombres,Ecuador,2014,3774,EM
Española,Hombres,Ecuador,2013,4503,EM
Española,Hombres,Ecuador,2012,3066,EM
Española,Hombres,Ecuador,2011,1836,EM
Española,Hombres,Ecuador,2010,1042,EM
Española,Hombres,Ecuador,2009,672,EM
Española,Hombres,Ecuador,2008,294,EM
Española,Hombres,Paraguay,2020,139,EM
Española,Hombres,Paraguay,2019,184,EM
Española,Hombres,Paraguay,2018,152,EM
Española,Hombres,Paraguay,2017,157,EM
Española,Hombres,Paraguay,2016,218,EM
Española,Hombres,Paraguay,2015,259,EM
Española,Hombres,Paraguay,2014,186,EM
Española,Hombres,Paraguay,2013,163,EM
Española,Hombres,Paraguay,2012,103,EM
Española,Hombres,Paraguay,2011,102,EM
Española,Hombres,Paraguay,2010,57,EM
Española,Hombres,Paraguay,2009,38,EM
Española,Hombres,Paraguay,2008,54,EM
Española,Hombres,Perú,2020,407,EM
Española,Hombres,Perú,2019,612,EM
Española,Hombres,Perú,2018,667,EM
Española,Hombres,Perú,2017,811,EM
Española,Hombres,Perú,2016,869,EM
Española,Hombres,Perú,2015,1236,EM
Española,Hombres,Perú,2014,988,EM
Española,Hombres,Perú,2013,827,EM
Española,Hombres,Perú,2012,622,EM
Española,Hombres,Perú,2011,503,EM
Española,Hombres,Perú,2010,329,EM
Española,Hombres,Perú,2009,293,EM
Española,Hombres,Perú,2008,228,EM
Española,Hombres,Uruguay,2020,204,EM
Española,Hombres,Uruguay,2019,236,EM
Española,Hombres,Uruguay,2018,277,EM
Española,Hombres,Uruguay,2017,316,EM
Española,Hombres,Uruguay,2016,362,EM
Española,Hombres,Uruguay,2015,436,EM
Española,Hombres,Uruguay,2014,460,EM
Española,Hombres,Uruguay,2013,389,EM
Española,Hombres,Uruguay,2012,267,EM
Española,Hombres,Uruguay,2011,238,EM
Española,Hombres,Uruguay,2010,264,EM
Española,Hombres,Uruguay,2009,270,EM
Española,Hombres,Uruguay,2008,167,EM
Española,Hombres,Venezuela,2020,645,EM
Española,Hombres,Venezuela,2019,707,EM
Española,Hombres,Venezuela,2018,902,EM
Española,Hombres,Venezuela,2017,843,EM
Española,Hombres,Venezuela,2016,946,EM
Española,Hombres,Venezuela,2015,1165,EM
Española,Hombres,Venezuela,2014,1347,EM
Española,Hombres,Venezuela,2013,1496,EM
Española,Hombres,Venezuela,2012,1166,EM
Española,Hombres,Venezuela,2011,1098,EM
Española,Hombres,Venezuela,2010,936,EM
Española,Hombres,Venezuela,2009,734,EM
Española,Hombres,Venezuela,2008,657,EM
Española,Hombres,Otro país de Sudamérica,2020,0,EM
Española,Hombres,Otro país de Sudamérica,2019,1,EM
Española,Hombres,Otro país de Sudamérica,2018,1,EM
Española,Hombres,Otro país de Sudamérica,2017,0,EM
Española,Hombres,Otro país de Sudamérica,2016,0,EM
Española,Hombres,Otro país de Sudamérica,2015,NA,EM
Española,Hombres,Otro país de Sudamérica,2014,1,EM
Española,Hombres,Otro país de Sudamérica,2013,1,EM
Española,Hombres,Otro país de Sudamérica,2012,NA,EM
Española,Hombres,Otro país de Sudamérica,2011,1,EM
Española,Hombres,Otro país de Sudamérica,2010,NA,EM
Española,Hombres,Otro país de Sudamérica,2009,NA,EM
Española,Hombres,Otro país de Sudamérica,2008,NA,EM
Española,Hombres,Asia,2020,1632,EM
Española,Hombres,Asia,2019,1801,EM
Española,Hombres,Asia,2018,1795,EM
Española,Hombres,Asia,2017,2129,EM
Española,Hombres,Asia,2016,2420,EM
Española,Hombres,Asia,2015,3037,EM
Española,Hombres,Asia,2014,2289,EM
Española,Hombres,Asia,2013,2121,EM
Española,Hombres,Asia,2012,1717,EM
Española,Hombres,Asia,2011,1959,EM
Española,Hombres,Asia,2010,1280,EM
Española,Hombres,Asia,2009,1146,EM
Española,Hombres,Asia,2008,1128,EM
Española,Hombres,Bangladesh,2020,1,EM
Española,Hombres,Bangladesh,2019,4,EM
Española,Hombres,Bangladesh,2018,8,EM
Española,Hombres,Bangladesh,2017,7,EM
Española,Hombres,Bangladesh,2016,3,EM
Española,Hombres,Bangladesh,2015,6,EM
Española,Hombres,Bangladesh,2014,7,EM
Española,Hombres,Bangladesh,2013,3,EM
Española,Hombres,Bangladesh,2012,5,EM
Española,Hombres,Bangladesh,2011,3,EM
Española,Hombres,Bangladesh,2010,5,EM
Española,Hombres,Bangladesh,2009,NA,EM
Española,Hombres,Bangladesh,2008,NA,EM
Española,Hombres,China,2020,312,EM
Española,Hombres,China,2019,331,EM
Española,Hombres,China,2018,331,EM
Española,Hombres,China,2017,364,EM
Española,Hombres,China,2016,445,EM
Española,Hombres,China,2015,493,EM
Española,Hombres,China,2014,463,EM
Española,Hombres,China,2013,461,EM
Española,Hombres,China,2012,452,EM
Española,Hombres,China,2011,585,EM
Española,Hombres,China,2010,374,EM
Española,Hombres,China,2009,295,EM
Española,Hombres,China,2008,292,EM
Española,Hombres,Filipinas,2020,67,EM
Española,Hombres,Filipinas,2019,88,EM
Española,Hombres,Filipinas,2018,48,EM
Española,Hombres,Filipinas,2017,90,EM
Española,Hombres,Filipinas,2016,81,EM
Española,Hombres,Filipinas,2015,100,EM
Española,Hombres,Filipinas,2014,72,EM
Española,Hombres,Filipinas,2013,66,EM
Española,Hombres,Filipinas,2012,72,EM
Española,Hombres,Filipinas,2011,73,EM
Española,Hombres,Filipinas,2010,73,EM
Española,Hombres,Filipinas,2009,52,EM
Española,Hombres,Filipinas,2008,66,EM
Española,Hombres,India,2020,31,EM
Española,Hombres,India,2019,43,EM
Española,Hombres,India,2018,27,EM
Española,Hombres,India,2017,33,EM
Española,Hombres,India,2016,70,EM
Española,Hombres,India,2015,91,EM
Española,Hombres,India,2014,44,EM
Española,Hombres,India,2013,53,EM
Española,Hombres,India,2012,51,EM
Española,Hombres,India,2011,85,EM
Española,Hombres,India,2010,49,EM
Española,Hombres,India,2009,33,EM
Española,Hombres,India,2008,28,EM
Española,Hombres,Pakistán,2020,45,EM
Española,Hombres,Pakistán,2019,31,EM
Española,Hombres,Pakistán,2018,37,EM
Española,Hombres,Pakistán,2017,36,EM
Española,Hombres,Pakistán,2016,22,EM
Española,Hombres,Pakistán,2015,33,EM
Española,Hombres,Pakistán,2014,20,EM
Española,Hombres,Pakistán,2013,22,EM
Española,Hombres,Pakistán,2012,17,EM
Española,Hombres,Pakistán,2011,19,EM
Española,Hombres,Pakistán,2010,13,EM
Española,Hombres,Pakistán,2009,29,EM
Española,Hombres,Pakistán,2008,20,EM
Española,Hombres,Otro país de Asia,2020,1176,EM
Española,Hombres,Otro país de Asia,2019,1304,EM
Española,Hombres,Otro país de Asia,2018,1344,EM
Española,Hombres,Otro país de Asia,2017,1599,EM
Española,Hombres,Otro país de Asia,2016,1799,EM
Española,Hombres,Otro país de Asia,2015,2313,EM
Española,Hombres,Otro país de Asia,2014,1683,EM
Española,Hombres,Otro país de Asia,2013,1516,EM
Española,Hombres,Otro país de Asia,2012,1120,EM
Española,Hombres,Otro país de Asia,2011,1193,EM
Española,Hombres,Otro país de Asia,2010,765,EM
Española,Hombres,Otro país de Asia,2009,737,EM
Española,Hombres,Otro país de Asia,2008,722,EM
Española,Hombres,Oceanía,2020,385,EM
Española,Hombres,Oceanía,2019,459,EM
Española,Hombres,Oceanía,2018,429,EM
Española,Hombres,Oceanía,2017,394,EM
Española,Hombres,Oceanía,2016,472,EM
Española,Hombres,Oceanía,2015,486,EM
Española,Hombres,Oceanía,2014,367,EM
Española,Hombres,Oceanía,2013,332,EM
Española,Hombres,Oceanía,2012,315,EM
Española,Hombres,Oceanía,2011,246,EM
Española,Hombres,Oceanía,2010,232,EM
Española,Hombres,Oceanía,2009,169,EM
Española,Hombres,Oceanía,2008,172,EM
Extranjero,Hombres,Total,2020,99124,EM
Extranjero,Hombres,Total,2019,118970,EM
Extranjero,Hombres,Total,2018,125008,EM
Extranjero,Hombres,Total,2017,155477,EM
Extranjero,Hombres,Total,2016,133151,EM
Extranjero,Hombres,Total,2015,141126,EM
Extranjero,Hombres,Total,2014,180934,EM
Extranjero,Hombres,Total,2013,260998,EM
Extranjero,Hombres,Total,2012,230131,EM
Extranjero,Hombres,Total,2011,212333,EM
Extranjero,Hombres,Total,2010,217325,EM
Extranjero,Hombres,Total,2009,207732,EM
Extranjero,Hombres,Total,2008,152442,EM
Extranjero,Hombres,UE27_2020 sin España,2020,43384,EM
Extranjero,Hombres,UE27_2020 sin España,2019,NA,EM
Extranjero,Hombres,UE27_2020 sin España,2018,NA,EM
Extranjero,Hombres,UE27_2020 sin España,2017,NA,EM
Extranjero,Hombres,UE27_2020 sin España,2016,NA,EM
Extranjero,Hombres,UE27_2020 sin España,2015,NA,EM
Extranjero,Hombres,UE27_2020 sin España,2014,NA,EM
Extranjero,Hombres,UE27_2020 sin España,2013,NA,EM
Extranjero,Hombres,UE27_2020 sin España,2012,NA,EM
Extranjero,Hombres,UE27_2020 sin España,2011,NA,EM
Extranjero,Hombres,UE27_2020 sin España,2010,NA,EM
Extranjero,Hombres,UE27_2020 sin España,2009,NA,EM
Extranjero,Hombres,UE27_2020 sin España,2008,NA,EM
Extranjero,Hombres,UE28 sin España,2020,NA,EM
Extranjero,Hombres,UE28 sin España,2019,61336,EM
Extranjero,Hombres,UE28 sin España,2018,66493,EM
Extranjero,Hombres,UE28 sin España,2017,86882,EM
Extranjero,Hombres,UE28 sin España,2016,73396,EM
Extranjero,Hombres,UE28 sin España,2015,76240,EM
Extranjero,Hombres,UE28 sin España,2014,86248,EM
Extranjero,Hombres,UE28 sin España,2013,104235,EM
Extranjero,Hombres,UE28 sin España,2012,86925,EM
Extranjero,Hombres,UE28 sin España,2011,71716,EM
Extranjero,Hombres,UE28 sin España,2010,85051,EM
Extranjero,Hombres,UE28 sin España,2009,84314,EM
Extranjero,Hombres,UE28 sin España,2008,58472,EM
Extranjero,Hombres,Bélgica,2020,1123,EM
Extranjero,Hombres,Bélgica,2019,1068,EM
Extranjero,Hombres,Bélgica,2018,1029,EM
Extranjero,Hombres,Bélgica,2017,1300,EM
Extranjero,Hombres,Bélgica,2016,1957,EM
Extranjero,Hombres,Bélgica,2015,1902,EM
Extranjero,Hombres,Bélgica,2014,2150,EM
Extranjero,Hombres,Bélgica,2013,2697,EM
Extranjero,Hombres,Bélgica,2012,1934,EM
Extranjero,Hombres,Bélgica,2011,3090,EM
Extranjero,Hombres,Bélgica,2010,2265,EM
Extranjero,Hombres,Bélgica,2009,2211,EM
Extranjero,Hombres,Bélgica,2008,1409,EM
Extranjero,Hombres,Bulgaria,2020,2696,EM
Extranjero,Hombres,Bulgaria,2019,3709,EM
Extranjero,Hombres,Bulgaria,2018,3785,EM
Extranjero,Hombres,Bulgaria,2017,4691,EM
Extranjero,Hombres,Bulgaria,2016,4439,EM
Extranjero,Hombres,Bulgaria,2015,4719,EM
Extranjero,Hombres,Bulgaria,2014,5659,EM
Extranjero,Hombres,Bulgaria,2013,7165,EM
Extranjero,Hombres,Bulgaria,2012,6143,EM
Extranjero,Hombres,Bulgaria,2011,4660,EM
Extranjero,Hombres,Bulgaria,2010,6417,EM
Extranjero,Hombres,Bulgaria,2009,6433,EM
Extranjero,Hombres,Bulgaria,2008,4227,EM
Extranjero,Hombres,Dinamarca,2020,333,EM
Extranjero,Hombres,Dinamarca,2019,359,EM
Extranjero,Hombres,Dinamarca,2018,413,EM
Extranjero,Hombres,Dinamarca,2017,513,EM
Extranjero,Hombres,Dinamarca,2016,467,EM
Extranjero,Hombres,Dinamarca,2015,467,EM
Extranjero,Hombres,Dinamarca,2014,478,EM
Extranjero,Hombres,Dinamarca,2013,296,EM
Extranjero,Hombres,Dinamarca,2012,259,EM
Extranjero,Hombres,Dinamarca,2011,343,EM
Extranjero,Hombres,Dinamarca,2010,272,EM
Extranjero,Hombres,Dinamarca,2009,310,EM
Extranjero,Hombres,Dinamarca,2008,224,EM
Extranjero,Hombres,Finlandia,2020,323,EM
Extranjero,Hombres,Finlandia,2019,381,EM
Extranjero,Hombres,Finlandia,2018,353,EM
Extranjero,Hombres,Finlandia,2017,437,EM
Extranjero,Hombres,Finlandia,2016,547,EM
Extranjero,Hombres,Finlandia,2015,271,EM
Extranjero,Hombres,Finlandia,2014,259,EM
Extranjero,Hombres,Finlandia,2013,225,EM
Extranjero,Hombres,Finlandia,2012,198,EM
Extranjero,Hombres,Finlandia,2011,149,EM
Extranjero,Hombres,Finlandia,2010,78,EM
Extranjero,Hombres,Finlandia,2009,139,EM
Extranjero,Hombres,Finlandia,2008,126,EM
Extranjero,Hombres,Francia,2020,4320,EM
Extranjero,Hombres,Francia,2019,5720,EM
Extranjero,Hombres,Francia,2018,5254,EM
Extranjero,Hombres,Francia,2017,6855,EM
Extranjero,Hombres,Francia,2016,7753,EM
Extranjero,Hombres,Francia,2015,8203,EM
Extranjero,Hombres,Francia,2014,8734,EM
Extranjero,Hombres,Francia,2013,12040,EM
Extranjero,Hombres,Francia,2012,10064,EM
Extranjero,Hombres,Francia,2011,9290,EM
Extranjero,Hombres,Francia,2010,10347,EM
Extranjero,Hombres,Francia,2009,8766,EM
Extranjero,Hombres,Francia,2008,5919,EM
Extranjero,Hombres,Irlanda,2020,363,EM
Extranjero,Hombres,Irlanda,2019,440,EM
Extranjero,Hombres,Irlanda,2018,633,EM
Extranjero,Hombres,Irlanda,2017,710,EM
Extranjero,Hombres,Irlanda,2016,631,EM
Extranjero,Hombres,Irlanda,2015,492,EM
Extranjero,Hombres,Irlanda,2014,574,EM
Extranjero,Hombres,Irlanda,2013,434,EM
Extranjero,Hombres,Irlanda,2012,299,EM
Extranjero,Hombres,Irlanda,2011,300,EM
Extranjero,Hombres,Irlanda,2010,280,EM
Extranjero,Hombres,Irlanda,2009,477,EM
Extranjero,Hombres,Irlanda,2008,255,EM
Extranjero,Hombres,Italia,2020,4180,EM
Extranjero,Hombres,Italia,2019,4144,EM
Extranjero,Hombres,Italia,2018,3948,EM
Extranjero,Hombres,Italia,2017,4889,EM
Extranjero,Hombres,Italia,2016,3718,EM
Extranjero,Hombres,Italia,2015,3963,EM
Extranjero,Hombres,Italia,2014,5208,EM
Extranjero,Hombres,Italia,2013,5824,EM
Extranjero,Hombres,Italia,2012,3896,EM
Extranjero,Hombres,Italia,2011,3988,EM
Extranjero,Hombres,Italia,2010,5343,EM
Extranjero,Hombres,Italia,2009,4602,EM
Extranjero,Hombres,Italia,2008,3551,EM
Extranjero,Hombres,Países Bajos,2020,1213,EM
Extranjero,Hombres,Países Bajos,2019,1934,EM
Extranjero,Hombres,Países Bajos,2018,1335,EM
Extranjero,Hombres,Países Bajos,2017,2055,EM
Extranjero,Hombres,Países Bajos,2016,1867,EM
Extranjero,Hombres,Países Bajos,2015,1748,EM
Extranjero,Hombres,Países Bajos,2014,2230,EM
Extranjero,Hombres,Países Bajos,2013,2388,EM
Extranjero,Hombres,Países Bajos,2012,1732,EM
Extranjero,Hombres,Países Bajos,2011,2000,EM
Extranjero,Hombres,Países Bajos,2010,2157,EM
Extranjero,Hombres,Países Bajos,2009,2227,EM
Extranjero,Hombres,Países Bajos,2008,1537,EM
Extranjero,Hombres,Polonia,2020,825,EM
Extranjero,Hombres,Polonia,2019,1598,EM
Extranjero,Hombres,Polonia,2018,1308,EM
Extranjero,Hombres,Polonia,2017,2275,EM
Extranjero,Hombres,Polonia,2016,1584,EM
Extranjero,Hombres,Polonia,2015,1735,EM
Extranjero,Hombres,Polonia,2014,2310,EM
Extranjero,Hombres,Polonia,2013,2781,EM
Extranjero,Hombres,Polonia,2012,3201,EM
Extranjero,Hombres,Polonia,2011,2991,EM
Extranjero,Hombres,Polonia,2010,3975,EM
Extranjero,Hombres,Polonia,2009,4326,EM
Extranjero,Hombres,Polonia,2008,3407,EM
Extranjero,Hombres,Portugal,2020,3825,EM
Extranjero,Hombres,Portugal,2019,3820,EM
Extranjero,Hombres,Portugal,2018,4358,EM
Extranjero,Hombres,Portugal,2017,5911,EM
Extranjero,Hombres,Portugal,2016,4463,EM
Extranjero,Hombres,Portugal,2015,4491,EM
Extranjero,Hombres,Portugal,2014,5866,EM
Extranjero,Hombres,Portugal,2013,6831,EM
Extranjero,Hombres,Portugal,2012,6837,EM
Extranjero,Hombres,Portugal,2011,7209,EM
Extranjero,Hombres,Portugal,2010,9290,EM
Extranjero,Hombres,Portugal,2009,9961,EM
Extranjero,Hombres,Portugal,2008,6688,EM
Extranjero,Hombres,Alemania,2020,4690,EM
Extranjero,Hombres,Alemania,2019,5103,EM
Extranjero,Hombres,Alemania,2018,5590,EM
Extranjero,Hombres,Alemania,2017,6910,EM
Extranjero,Hombres,Alemania,2016,6820,EM
Extranjero,Hombres,Alemania,2015,8104,EM
Extranjero,Hombres,Alemania,2014,8113,EM
Extranjero,Hombres,Alemania,2013,9907,EM
Extranjero,Hombres,Alemania,2012,6589,EM
Extranjero,Hombres,Alemania,2011,5292,EM
Extranjero,Hombres,Alemania,2010,6028,EM
Extranjero,Hombres,Alemania,2009,5312,EM
Extranjero,Hombres,Alemania,2008,3895,EM
Extranjero,Hombres,Rumanía,2020,17711,EM
Extranjero,Hombres,Rumanía,2019,23669,EM
Extranjero,Hombres,Rumanía,2018,24830,EM
Extranjero,Hombres,Rumanía,2017,31738,EM
Extranjero,Hombres,Rumanía,2016,23576,EM
Extranjero,Hombres,Rumanía,2015,25217,EM
Extranjero,Hombres,Rumanía,2014,29027,EM
Extranjero,Hombres,Rumanía,2013,39460,EM
Extranjero,Hombres,Rumanía,2012,36246,EM
Extranjero,Hombres,Rumanía,2011,24340,EM
Extranjero,Hombres,Rumanía,2010,28412,EM
Extranjero,Hombres,Rumanía,2009,30223,EM
Extranjero,Hombres,Rumanía,2008,20055,EM
Extranjero,Hombres,Suecia,2020,574,EM
Extranjero,Hombres,Suecia,2019,614,EM
Extranjero,Hombres,Suecia,2018,736,EM
Extranjero,Hombres,Suecia,2017,1012,EM
Extranjero,Hombres,Suecia,2016,1041,EM
Extranjero,Hombres,Suecia,2015,707,EM
Extranjero,Hombres,Suecia,2014,761,EM
Extranjero,Hombres,Suecia,2013,739,EM
Extranjero,Hombres,Suecia,2012,501,EM
Extranjero,Hombres,Suecia,2011,520,EM
Extranjero,Hombres,Suecia,2010,546,EM
Extranjero,Hombres,Suecia,2009,532,EM
Extranjero,Hombres,Suecia,2008,348,EM
Extranjero,Hombres,Lituania,2020,241,EM
Extranjero,Hombres,Lituania,2019,280,EM
Extranjero,Hombres,Lituania,2018,451,EM
Extranjero,Hombres,Lituania,2017,658,EM
Extranjero,Hombres,Lituania,2016,470,EM
Extranjero,Hombres,Lituania,2015,628,EM
Extranjero,Hombres,Lituania,2014,743,EM
Extranjero,Hombres,Lituania,2013,827,EM
Extranjero,Hombres,Lituania,2012,747,EM
Extranjero,Hombres,Lituania,2011,677,EM
Extranjero,Hombres,Lituania,2010,784,EM
Extranjero,Hombres,Lituania,2009,1011,EM
Extranjero,Hombres,Lituania,2008,763,EM
Extranjero,Hombres,Otro país de la Unión Europea sin España,2020,967,EM
Extranjero,Hombres,Otro país de la Unión Europea sin España,2019,964,EM
Extranjero,Hombres,Otro país de la Unión Europea sin España,2018,860,EM
Extranjero,Hombres,Otro país de la Unión Europea sin España,2017,1360,EM
Extranjero,Hombres,Otro país de la Unión Europea sin España,2016,1696,EM
Extranjero,Hombres,Otro país de la Unión Europea sin España,2015,1798,EM
Extranjero,Hombres,Otro país de la Unión Europea sin España,2014,1681,EM
Extranjero,Hombres,Otro país de la Unión Europea sin España,2013,1515,EM
Extranjero,Hombres,Otro país de la Unión Europea sin España,2012,1704,EM
Extranjero,Hombres,Otro país de la Unión Europea sin España,2011,1497,EM
Extranjero,Hombres,Otro país de la Unión Europea sin España,2010,1802,EM
Extranjero,Hombres,Otro país de la Unión Europea sin España,2009,2048,EM
Extranjero,Hombres,Otro país de la Unión Europea sin España,2008,1312,EM
Extranjero,Hombres,Europa menos UE27_2020,2020,12250,EM
Extranjero,Hombres,Europa menos UE27_2020,2019,NA,EM
Extranjero,Hombres,Europa menos UE27_2020,2018,NA,EM
Extranjero,Hombres,Europa menos UE27_2020,2017,NA,EM
Extranjero,Hombres,Europa menos UE27_2020,2016,NA,EM
Extranjero,Hombres,Europa menos UE27_2020,2015,NA,EM
Extranjero,Hombres,Europa menos UE27_2020,2014,NA,EM
Extranjero,Hombres,Europa menos UE27_2020,2013,NA,EM
Extranjero,Hombres,Europa menos UE27_2020,2012,NA,EM
Extranjero,Hombres,Europa menos UE27_2020,2011,NA,EM
Extranjero,Hombres,Europa menos UE27_2020,2010,NA,EM
Extranjero,Hombres,Europa menos UE27_2020,2009,NA,EM
Extranjero,Hombres,Europa menos UE27_2020,2008,NA,EM
Extranjero,Hombres,Reino Unido,2020,7772,EM
Extranjero,Hombres,Reino Unido,2019,7533,EM
Extranjero,Hombres,Reino Unido,2018,11610,EM
Extranjero,Hombres,Reino Unido,2017,15568,EM
Extranjero,Hombres,Reino Unido,2016,12367,EM
Extranjero,Hombres,Reino Unido,2015,11795,EM
Extranjero,Hombres,Reino Unido,2014,12454,EM
Extranjero,Hombres,Reino Unido,2013,11106,EM
Extranjero,Hombres,Reino Unido,2012,6574,EM
Extranjero,Hombres,Reino Unido,2011,5370,EM
Extranjero,Hombres,Reino Unido,2010,7054,EM
Extranjero,Hombres,Reino Unido,2009,5736,EM
Extranjero,Hombres,Reino Unido,2008,4754,EM
Extranjero,Hombres,País de Europa menos UE28,2020,NA,EM
Extranjero,Hombres,País de Europa menos UE28,2019,5406,EM
Extranjero,Hombres,País de Europa menos UE28,2018,5172,EM
Extranjero,Hombres,País de Europa menos UE28,2017,6700,EM
Extranjero,Hombres,País de Europa menos UE28,2016,5857,EM
Extranjero,Hombres,País de Europa menos UE28,2015,4669,EM
Extranjero,Hombres,País de Europa menos UE28,2014,6445,EM
Extranjero,Hombres,País de Europa menos UE28,2013,9042,EM
Extranjero,Hombres,País de Europa menos UE28,2012,7052,EM
Extranjero,Hombres,País de Europa menos UE28,2011,6872,EM
Extranjero,Hombres,País de Europa menos UE28,2010,7015,EM
Extranjero,Hombres,País de Europa menos UE28,2009,7298,EM
Extranjero,Hombres,País de Europa menos UE28,2008,6654,EM
Extranjero,Hombres,Noruega,2020,607,EM
Extranjero,Hombres,Noruega,2019,863,EM
Extranjero,Hombres,Noruega,2018,723,EM
Extranjero,Hombres,Noruega,2017,1116,EM
Extranjero,Hombres,Noruega,2016,919,EM
Extranjero,Hombres,Noruega,2015,580,EM
Extranjero,Hombres,Noruega,2014,906,EM
Extranjero,Hombres,Noruega,2013,609,EM
Extranjero,Hombres,Noruega,2012,391,EM
Extranjero,Hombres,Noruega,2011,324,EM
Extranjero,Hombres,Noruega,2010,329,EM
Extranjero,Hombres,Noruega,2009,247,EM
Extranjero,Hombres,Noruega,2008,290,EM
Extranjero,Hombres,Suiza,2020,442,EM
Extranjero,Hombres,Suiza,2019,526,EM
Extranjero,Hombres,Suiza,2018,528,EM
Extranjero,Hombres,Suiza,2017,627,EM
Extranjero,Hombres,Suiza,2016,1080,EM
Extranjero,Hombres,Suiza,2015,949,EM
Extranjero,Hombres,Suiza,2014,1531,EM
Extranjero,Hombres,Suiza,2013,1650,EM
Extranjero,Hombres,Suiza,2012,1085,EM
Extranjero,Hombres,Suiza,2011,1190,EM
Extranjero,Hombres,Suiza,2010,1139,EM
Extranjero,Hombres,Suiza,2009,1046,EM
Extranjero,Hombres,Suiza,2008,864,EM
Extranjero,Hombres,Ucrania,2020,1119,EM
Extranjero,Hombres,Ucrania,2019,1479,EM
Extranjero,Hombres,Ucrania,2018,1492,EM
Extranjero,Hombres,Ucrania,2017,1786,EM
Extranjero,Hombres,Ucrania,2016,1271,EM
Extranjero,Hombres,Ucrania,2015,986,EM
Extranjero,Hombres,Ucrania,2014,1317,EM
Extranjero,Hombres,Ucrania,2013,2786,EM
Extranjero,Hombres,Ucrania,2012,2300,EM
Extranjero,Hombres,Ucrania,2011,2250,EM
Extranjero,Hombres,Ucrania,2010,2394,EM
Extranjero,Hombres,Ucrania,2009,2714,EM
Extranjero,Hombres,Ucrania,2008,2599,EM
Extranjero,Hombres,Moldavia,2020,140,EM
Extranjero,Hombres,Moldavia,2019,151,EM
Extranjero,Hombres,Moldavia,2018,209,EM
Extranjero,Hombres,Moldavia,2017,220,EM
Extranjero,Hombres,Moldavia,2016,280,EM
Extranjero,Hombres,Moldavia,2015,163,EM
Extranjero,Hombres,Moldavia,2014,241,EM
Extranjero,Hombres,Moldavia,2013,473,EM
Extranjero,Hombres,Moldavia,2012,494,EM
Extranjero,Hombres,Moldavia,2011,482,EM
Extranjero,Hombres,Moldavia,2010,520,EM
Extranjero,Hombres,Moldavia,2009,582,EM
Extranjero,Hombres,Moldavia,2008,501,EM
Extranjero,Hombres,Rusia,2020,1484,EM
Extranjero,Hombres,Rusia,2019,1699,EM
Extranjero,Hombres,Rusia,2018,1589,EM
Extranjero,Hombres,Rusia,2017,2152,EM
Extranjero,Hombres,Rusia,2016,1594,EM
Extranjero,Hombres,Rusia,2015,1283,EM
Extranjero,Hombres,Rusia,2014,1486,EM
Extranjero,Hombres,Rusia,2013,1983,EM
Extranjero,Hombres,Rusia,2012,1381,EM
Extranjero,Hombres,Rusia,2011,1130,EM
Extranjero,Hombres,Rusia,2010,1201,EM
Extranjero,Hombres,Rusia,2009,1176,EM
Extranjero,Hombres,Rusia,2008,1197,EM
Extranjero,Hombres,Otro país del resto de Europa,2020,686,EM
Extranjero,Hombres,Otro país del resto de Europa,2019,688,EM
Extranjero,Hombres,Otro país del resto de Europa,2018,631,EM
Extranjero,Hombres,Otro país del resto de Europa,2017,799,EM
Extranjero,Hombres,Otro país del resto de Europa,2016,713,EM
Extranjero,Hombres,Otro país del resto de Europa,2015,708,EM
Extranjero,Hombres,Otro país del resto de Europa,2014,964,EM
Extranjero,Hombres,Otro país del resto de Europa,2013,1541,EM
Extranjero,Hombres,Otro país del resto de Europa,2012,1400,EM
Extranjero,Hombres,Otro país del resto de Europa,2011,1496,EM
Extranjero,Hombres,Otro país del resto de Europa,2010,1431,EM
Extranjero,Hombres,Otro país del resto de Europa,2009,1534,EM
Extranjero,Hombres,Otro país del resto de Europa,2008,1203,EM
Extranjero,Hombres,África,2020,17139,EM
Extranjero,Hombres,África,2019,17562,EM
Extranjero,Hombres,África,2018,21007,EM
Extranjero,Hombres,África,2017,23623,EM
Extranjero,Hombres,África,2016,20319,EM
Extranjero,Hombres,África,2015,21627,EM
Extranjero,Hombres,África,2014,29173,EM
Extranjero,Hombres,África,2013,46267,EM
Extranjero,Hombres,África,2012,45610,EM
Extranjero,Hombres,África,2011,44651,EM
Extranjero,Hombres,África,2010,39710,EM
Extranjero,Hombres,África,2009,34160,EM
Extranjero,Hombres,África,2008,27571,EM
Extranjero,Hombres,Argelia,2020,2187,EM
Extranjero,Hombres,Argelia,2019,1940,EM
Extranjero,Hombres,Argelia,2018,2077,EM
Extranjero,Hombres,Argelia,2017,2751,EM
Extranjero,Hombres,Argelia,2016,2357,EM
Extranjero,Hombres,Argelia,2015,2174,EM
Extranjero,Hombres,Argelia,2014,3206,EM
Extranjero,Hombres,Argelia,2013,3922,EM
Extranjero,Hombres,Argelia,2012,3835,EM
Extranjero,Hombres,Argelia,2011,4124,EM
Extranjero,Hombres,Argelia,2010,3451,EM
Extranjero,Hombres,Argelia,2009,2836,EM
Extranjero,Hombres,Argelia,2008,2313,EM
Extranjero,Hombres,Gambia,2020,272,EM
Extranjero,Hombres,Gambia,2019,261,EM
Extranjero,Hombres,Gambia,2018,554,EM
Extranjero,Hombres,Gambia,2017,747,EM
Extranjero,Hombres,Gambia,2016,291,EM
Extranjero,Hombres,Gambia,2015,333,EM
Extranjero,Hombres,Gambia,2014,572,EM
Extranjero,Hombres,Gambia,2013,1027,EM
Extranjero,Hombres,Gambia,2012,1041,EM
Extranjero,Hombres,Gambia,2011,1080,EM
Extranjero,Hombres,Gambia,2010,875,EM
Extranjero,Hombres,Gambia,2009,599,EM
Extranjero,Hombres,Gambia,2008,484,EM
Extranjero,Hombres,Ghana,2020,122,EM
Extranjero,Hombres,Ghana,2019,115,EM
Extranjero,Hombres,Ghana,2018,196,EM
Extranjero,Hombres,Ghana,2017,290,EM
Extranjero,Hombres,Ghana,2016,245,EM
Extranjero,Hombres,Ghana,2015,284,EM
Extranjero,Hombres,Ghana,2014,402,EM
Extranjero,Hombres,Ghana,2013,866,EM
Extranjero,Hombres,Ghana,2012,1044,EM
Extranjero,Hombres,Ghana,2011,706,EM
Extranjero,Hombres,Ghana,2010,802,EM
Extranjero,Hombres,Ghana,2009,687,EM
Extranjero,Hombres,Ghana,2008,400,EM
Extranjero,Hombres,Guinea,2020,53,EM
Extranjero,Hombres,Guinea,2019,168,EM
Extranjero,Hombres,Guinea,2018,134,EM
Extranjero,Hombres,Guinea,2017,157,EM
Extranjero,Hombres,Guinea,2016,114,EM
Extranjero,Hombres,Guinea,2015,225,EM
Extranjero,Hombres,Guinea,2014,162,EM
Extranjero,Hombres,Guinea,2013,510,EM
Extranjero,Hombres,Guinea,2012,351,EM
Extranjero,Hombres,Guinea,2011,329,EM
Extranjero,Hombres,Guinea,2010,289,EM
Extranjero,Hombres,Guinea,2009,346,EM
Extranjero,Hombres,Guinea,2008,239,EM
Extranjero,Hombres,Guinea Ecuatorial,2020,228,EM
Extranjero,Hombres,Guinea Ecuatorial,2019,233,EM
Extranjero,Hombres,Guinea Ecuatorial,2018,436,EM
Extranjero,Hombres,Guinea Ecuatorial,2017,416,EM
Extranjero,Hombres,Guinea Ecuatorial,2016,325,EM
Extranjero,Hombres,Guinea Ecuatorial,2015,184,EM
Extranjero,Hombres,Guinea Ecuatorial,2014,421,EM
Extranjero,Hombres,Guinea Ecuatorial,2013,801,EM
Extranjero,Hombres,Guinea Ecuatorial,2012,756,EM
Extranjero,Hombres,Guinea Ecuatorial,2011,704,EM
Extranjero,Hombres,Guinea Ecuatorial,2010,699,EM
Extranjero,Hombres,Guinea Ecuatorial,2009,657,EM
Extranjero,Hombres,Guinea Ecuatorial,2008,542,EM
Extranjero,Hombres,Mali,2020,404,EM
Extranjero,Hombres,Mali,2019,451,EM
Extranjero,Hombres,Mali,2018,520,EM
Extranjero,Hombres,Mali,2017,695,EM
Extranjero,Hombres,Mali,2016,541,EM
Extranjero,Hombres,Mali,2015,549,EM
Extranjero,Hombres,Mali,2014,1099,EM
Extranjero,Hombres,Mali,2013,1835,EM
Extranjero,Hombres,Mali,2012,1611,EM
Extranjero,Hombres,Mali,2011,2079,EM
Extranjero,Hombres,Mali,2010,1374,EM
Extranjero,Hombres,Mali,2009,928,EM
Extranjero,Hombres,Mali,2008,909,EM
Extranjero,Hombres,Marruecos,2020,11800,EM
Extranjero,Hombres,Marruecos,2019,12109,EM
Extranjero,Hombres,Marruecos,2018,14063,EM
Extranjero,Hombres,Marruecos,2017,15724,EM
Extranjero,Hombres,Marruecos,2016,13466,EM
Extranjero,Hombres,Marruecos,2015,13947,EM
Extranjero,Hombres,Marruecos,2014,18408,EM
Extranjero,Hombres,Marruecos,2013,29554,EM
Extranjero,Hombres,Marruecos,2012,29414,EM
Extranjero,Hombres,Marruecos,2011,29086,EM
Extranjero,Hombres,Marruecos,2010,26297,EM
Extranjero,Hombres,Marruecos,2009,22977,EM
Extranjero,Hombres,Marruecos,2008,18931,EM
Extranjero,Hombres,Mauritania,2020,112,EM
Extranjero,Hombres,Mauritania,2019,69,EM
Extranjero,Hombres,Mauritania,2018,138,EM
Extranjero,Hombres,Mauritania,2017,227,EM
Extranjero,Hombres,Mauritania,2016,160,EM
Extranjero,Hombres,Mauritania,2015,260,EM
Extranjero,Hombres,Mauritania,2014,298,EM
Extranjero,Hombres,Mauritania,2013,410,EM
Extranjero,Hombres,Mauritania,2012,496,EM
Extranjero,Hombres,Mauritania,2011,432,EM
Extranjero,Hombres,Mauritania,2010,427,EM
Extranjero,Hombres,Mauritania,2009,261,EM
Extranjero,Hombres,Mauritania,2008,238,EM
Extranjero,Hombres,Nigeria,2020,275,EM
Extranjero,Hombres,Nigeria,2019,405,EM
Extranjero,Hombres,Nigeria,2018,648,EM
Extranjero,Hombres,Nigeria,2017,710,EM
Extranjero,Hombres,Nigeria,2016,613,EM
Extranjero,Hombres,Nigeria,2015,999,EM
Extranjero,Hombres,Nigeria,2014,1239,EM
Extranjero,Hombres,Nigeria,2013,2064,EM
Extranjero,Hombres,Nigeria,2012,1999,EM
Extranjero,Hombres,Nigeria,2011,1881,EM
Extranjero,Hombres,Nigeria,2010,1749,EM
Extranjero,Hombres,Nigeria,2009,1990,EM
Extranjero,Hombres,Nigeria,2008,1488,EM
Extranjero,Hombres,Senegal,2020,1282,EM
Extranjero,Hombres,Senegal,2019,1412,EM
Extranjero,Hombres,Senegal,2018,1603,EM
Extranjero,Hombres,Senegal,2017,1447,EM
Extranjero,Hombres,Senegal,2016,1685,EM
Extranjero,Hombres,Senegal,2015,2039,EM
Extranjero,Hombres,Senegal,2014,2780,EM
Extranjero,Hombres,Senegal,2013,4466,EM
Extranjero,Hombres,Senegal,2012,3740,EM
Extranjero,Hombres,Senegal,2011,3328,EM
Extranjero,Hombres,Senegal,2010,3049,EM
Extranjero,Hombres,Senegal,2009,2180,EM
Extranjero,Hombres,Senegal,2008,1401,EM
Extranjero,Hombres,Otro país de África,2020,404,EM
Extranjero,Hombres,Otro país de África,2019,399,EM
Extranjero,Hombres,Otro país de África,2018,638,EM
Extranjero,Hombres,Otro país de África,2017,459,EM
Extranjero,Hombres,Otro país de África,2016,522,EM
Extranjero,Hombres,Otro país de África,2015,634,EM
Extranjero,Hombres,Otro país de África,2014,587,EM
Extranjero,Hombres,Otro país de África,2013,811,EM
Extranjero,Hombres,Otro país de África,2012,1321,EM
Extranjero,Hombres,Otro país de África,2011,903,EM
Extranjero,Hombres,Otro país de África,2010,699,EM
Extranjero,Hombres,Otro país de África,2009,699,EM
Extranjero,Hombres,Otro país de África,2008,627,EM
Extranjero,Hombres,América del Norte,2020,2762,EM
Extranjero,Hombres,América del Norte,2019,3285,EM
Extranjero,Hombres,América del Norte,2018,3211,EM
Extranjero,Hombres,América del Norte,2017,3723,EM
Extranjero,Hombres,América del Norte,2016,3889,EM
Extranjero,Hombres,América del Norte,2015,3339,EM
Extranjero,Hombres,América del Norte,2014,3951,EM
Extranjero,Hombres,América del Norte,2013,5719,EM
Extranjero,Hombres,América del Norte,2012,3554,EM
Extranjero,Hombres,América del Norte,2011,3595,EM
Extranjero,Hombres,América del Norte,2010,3294,EM
Extranjero,Hombres,América del Norte,2009,3312,EM
Extranjero,Hombres,América del Norte,2008,3234,EM
Extranjero,Hombres,Estados Unidos de América,2020,1974,EM
Extranjero,Hombres,Estados Unidos de América,2019,2104,EM
Extranjero,Hombres,Estados Unidos de América,2018,2050,EM
Extranjero,Hombres,Estados Unidos de América,2017,2330,EM
Extranjero,Hombres,Estados Unidos de América,2016,2698,EM
Extranjero,Hombres,Estados Unidos de América,2015,2216,EM
Extranjero,Hombres,Estados Unidos de América,2014,2622,EM
Extranjero,Hombres,Estados Unidos de América,2013,3073,EM
Extranjero,Hombres,Estados Unidos de América,2012,1705,EM
Extranjero,Hombres,Estados Unidos de América,2011,2005,EM
Extranjero,Hombres,Estados Unidos de América,2010,1827,EM
Extranjero,Hombres,Estados Unidos de América,2009,1772,EM
Extranjero,Hombres,Estados Unidos de América,2008,1923,EM
Extranjero,Hombres,México,2020,663,EM
Extranjero,Hombres,México,2019,961,EM
Extranjero,Hombres,México,2018,1007,EM
Extranjero,Hombres,México,2017,1184,EM
Extranjero,Hombres,México,2016,788,EM
Extranjero,Hombres,México,2015,908,EM
Extranjero,Hombres,México,2014,1169,EM
Extranjero,Hombres,México,2013,2130,EM
Extranjero,Hombres,México,2012,1346,EM
Extranjero,Hombres,México,2011,1417,EM
Extranjero,Hombres,México,2010,1318,EM
Extranjero,Hombres,México,2009,1280,EM
Extranjero,Hombres,México,2008,1183,EM
Extranjero,Hombres,Canadá,2020,125,EM
Extranjero,Hombres,Canadá,2019,220,EM
Extranjero,Hombres,Canadá,2018,154,EM
Extranjero,Hombres,Canadá,2017,209,EM
Extranjero,Hombres,Canadá,2016,404,EM
Extranjero,Hombres,Canadá,2015,216,EM
Extranjero,Hombres,Canadá,2014,160,EM
Extranjero,Hombres,Canadá,2013,516,EM
Extranjero,Hombres,Canadá,2012,503,EM
Extranjero,Hombres,Canadá,2011,173,EM
Extranjero,Hombres,Canadá,2010,150,EM
Extranjero,Hombres,Canadá,2009,260,EM
Extranjero,Hombres,Canadá,2008,128,EM
Extranjero,Hombres,Centro América y Caribe,2020,2573,EM
Extranjero,Hombres,Centro América y Caribe,2019,3065,EM
Extranjero,Hombres,Centro América y Caribe,2018,2805,EM
Extranjero,Hombres,Centro América y Caribe,2017,3146,EM
Extranjero,Hombres,Centro América y Caribe,2016,2761,EM
Extranjero,Hombres,Centro América y Caribe,2015,2981,EM
Extranjero,Hombres,Centro América y Caribe,2014,4195,EM
Extranjero,Hombres,Centro América y Caribe,2013,6688,EM
Extranjero,Hombres,Centro América y Caribe,2012,5102,EM
Extranjero,Hombres,Centro América y Caribe,2011,4582,EM
Extranjero,Hombres,Centro América y Caribe,2010,4245,EM
Extranjero,Hombres,Centro América y Caribe,2009,3879,EM
Extranjero,Hombres,Centro América y Caribe,2008,2752,EM
Extranjero,Hombres,Cuba,2020,466,EM
Extranjero,Hombres,Cuba,2019,643,EM
Extranjero,Hombres,Cuba,2018,592,EM
Extranjero,Hombres,Cuba,2017,652,EM
Extranjero,Hombres,Cuba,2016,404,EM
Extranjero,Hombres,Cuba,2015,448,EM
Extranjero,Hombres,Cuba,2014,531,EM
Extranjero,Hombres,Cuba,2013,856,EM
Extranjero,Hombres,Cuba,2012,727,EM
Extranjero,Hombres,Cuba,2011,637,EM
Extranjero,Hombres,Cuba,2010,931,EM
Extranjero,Hombres,Cuba,2009,807,EM
Extranjero,Hombres,Cuba,2008,463,EM
Extranjero,Hombres,Honduras,2020,670,EM
Extranjero,Hombres,Honduras,2019,720,EM
Extranjero,Hombres,Honduras,2018,465,EM
Extranjero,Hombres,Honduras,2017,450,EM
Extranjero,Hombres,Honduras,2016,410,EM
Extranjero,Hombres,Honduras,2015,402,EM
Extranjero,Hombres,Honduras,2014,621,EM
Extranjero,Hombres,Honduras,2013,1147,EM
Extranjero,Hombres,Honduras,2012,838,EM
Extranjero,Hombres,Honduras,2011,715,EM
Extranjero,Hombres,Honduras,2010,717,EM
Extranjero,Hombres,Honduras,2009,673,EM
Extranjero,Hombres,Honduras,2008,549,EM
Extranjero,Hombres,Nicaragua,2020,345,EM
Extranjero,Hombres,Nicaragua,2019,213,EM
Extranjero,Hombres,Nicaragua,2018,209,EM
Extranjero,Hombres,Nicaragua,2017,258,EM
Extranjero,Hombres,Nicaragua,2016,212,EM
Extranjero,Hombres,Nicaragua,2015,214,EM
Extranjero,Hombres,Nicaragua,2014,362,EM
Extranjero,Hombres,Nicaragua,2013,522,EM
Extranjero,Hombres,Nicaragua,2012,378,EM
Extranjero,Hombres,Nicaragua,2011,326,EM
Extranjero,Hombres,Nicaragua,2010,220,EM
Extranjero,Hombres,Nicaragua,2009,254,EM
Extranjero,Hombres,Nicaragua,2008,188,EM
Extranjero,Hombres,República Dominicana,2020,756,EM
Extranjero,Hombres,República Dominicana,2019,1113,EM
Extranjero,Hombres,República Dominicana,2018,1149,EM
Extranjero,Hombres,República Dominicana,2017,1374,EM
Extranjero,Hombres,República Dominicana,2016,1503,EM
Extranjero,Hombres,República Dominicana,2015,1559,EM
Extranjero,Hombres,República Dominicana,2014,2020,EM
Extranjero,Hombres,República Dominicana,2013,3202,EM
Extranjero,Hombres,República Dominicana,2012,2484,EM
Extranjero,Hombres,República Dominicana,2011,2307,EM
Extranjero,Hombres,República Dominicana,2010,1775,EM
Extranjero,Hombres,República Dominicana,2009,1586,EM
Extranjero,Hombres,República Dominicana,2008,1086,EM
Extranjero,Hombres,Otros países de Centro América y Caribe,2020,336,EM
Extranjero,Hombres,Otros países de Centro América y Caribe,2019,376,EM
Extranjero,Hombres,Otros países de Centro América y Caribe,2018,390,EM
Extranjero,Hombres,Otros países de Centro América y Caribe,2017,412,EM
Extranjero,Hombres,Otros países de Centro América y Caribe,2016,233,EM
Extranjero,Hombres,Otros países de Centro América y Caribe,2015,358,EM
Extranjero,Hombres,Otros países de Centro América y Caribe,2014,661,EM
Extranjero,Hombres,Otros países de Centro América y Caribe,2013,961,EM
Extranjero,Hombres,Otros países de Centro América y Caribe,2012,675,EM
Extranjero,Hombres,Otros países de Centro América y Caribe,2011,597,EM
Extranjero,Hombres,Otros países de Centro América y Caribe,2010,601,EM
Extranjero,Hombres,Otros países de Centro América y Caribe,2009,560,EM
Extranjero,Hombres,Otros países de Centro América y Caribe,2008,465,EM
Extranjero,Hombres,Sudamérica,2020,14545,EM
Extranjero,Hombres,Sudamérica,2019,18391,EM
Extranjero,Hombres,Sudamérica,2018,18217,EM
Extranjero,Hombres,Sudamérica,2017,21431,EM
Extranjero,Hombres,Sudamérica,2016,17321,EM
Extranjero,Hombres,Sudamérica,2015,21727,EM
Extranjero,Hombres,Sudamérica,2014,35730,EM
Extranjero,Hombres,Sudamérica,2013,66315,EM
Extranjero,Hombres,Sudamérica,2012,61655,EM
Extranjero,Hombres,Sudamérica,2011,60401,EM
Extranjero,Hombres,Sudamérica,2010,62009,EM
Extranjero,Hombres,Sudamérica,2009,61346,EM
Extranjero,Hombres,Sudamérica,2008,43862,EM
Extranjero,Hombres,Argentina,2020,1838,EM
Extranjero,Hombres,Argentina,2019,2487,EM
Extranjero,Hombres,Argentina,2018,2298,EM
Extranjero,Hombres,Argentina,2017,3111,EM
Extranjero,Hombres,Argentina,2016,2205,EM
Extranjero,Hombres,Argentina,2015,2794,EM
Extranjero,Hombres,Argentina,2014,4001,EM
Extranjero,Hombres,Argentina,2013,6071,EM
Extranjero,Hombres,Argentina,2012,5692,EM
Extranjero,Hombres,Argentina,2011,6326,EM
Extranjero,Hombres,Argentina,2010,7038,EM
Extranjero,Hombres,Argentina,2009,7773,EM
Extranjero,Hombres,Argentina,2008,6127,EM
Extranjero,Hombres,Bolivia,2020,845,EM
Extranjero,Hombres,Bolivia,2019,1291,EM
Extranjero,Hombres,Bolivia,2018,1616,EM
Extranjero,Hombres,Bolivia,2017,2248,EM
Extranjero,Hombres,Bolivia,2016,2249,EM
Extranjero,Hombres,Bolivia,2015,2997,EM
Extranjero,Hombres,Bolivia,2014,5417,EM
Extranjero,Hombres,Bolivia,2013,10814,EM
Extranjero,Hombres,Bolivia,2012,9803,EM
Extranjero,Hombres,Bolivia,2011,9756,EM
Extranjero,Hombres,Bolivia,2010,10535,EM
Extranjero,Hombres,Bolivia,2009,11646,EM
Extranjero,Hombres,Bolivia,2008,10581,EM
Extranjero,Hombres,Brasil,2020,1711,EM
Extranjero,Hombres,Brasil,2019,2135,EM
Extranjero,Hombres,Brasil,2018,2035,EM
Extranjero,Hombres,Brasil,2017,2188,EM
Extranjero,Hombres,Brasil,2016,1753,EM
Extranjero,Hombres,Brasil,2015,1921,EM
Extranjero,Hombres,Brasil,2014,3160,EM
Extranjero,Hombres,Brasil,2013,6828,EM
Extranjero,Hombres,Brasil,2012,6546,EM
Extranjero,Hombres,Brasil,2011,6913,EM
Extranjero,Hombres,Brasil,2010,7830,EM
Extranjero,Hombres,Brasil,2009,8679,EM
Extranjero,Hombres,Brasil,2008,6536,EM
Extranjero,Hombres,Colombia,2020,3825,EM
Extranjero,Hombres,Colombia,2019,4036,EM
Extranjero,Hombres,Colombia,2018,3777,EM
Extranjero,Hombres,Colombia,2017,4068,EM
Extranjero,Hombres,Colombia,2016,3214,EM
Extranjero,Hombres,Colombia,2015,3773,EM
Extranjero,Hombres,Colombia,2014,5902,EM
Extranjero,Hombres,Colombia,2013,10115,EM
Extranjero,Hombres,Colombia,2012,9436,EM
Extranjero,Hombres,Colombia,2011,9032,EM
Extranjero,Hombres,Colombia,2010,8314,EM
Extranjero,Hombres,Colombia,2009,7975,EM
Extranjero,Hombres,Colombia,2008,4981,EM
Extranjero,Hombres,Chile,2020,521,EM
Extranjero,Hombres,Chile,2019,951,EM
Extranjero,Hombres,Chile,2018,841,EM
Extranjero,Hombres,Chile,2017,987,EM
Extranjero,Hombres,Chile,2016,714,EM
Extranjero,Hombres,Chile,2015,945,EM
Extranjero,Hombres,Chile,2014,1537,EM
Extranjero,Hombres,Chile,2013,3027,EM
Extranjero,Hombres,Chile,2012,2657,EM
Extranjero,Hombres,Chile,2011,2502,EM
Extranjero,Hombres,Chile,2010,2641,EM
Extranjero,Hombres,Chile,2009,2372,EM
Extranjero,Hombres,Chile,2008,1659,EM
Extranjero,Hombres,Ecuador,2020,1897,EM
Extranjero,Hombres,Ecuador,2019,2774,EM
Extranjero,Hombres,Ecuador,2018,3655,EM
Extranjero,Hombres,Ecuador,2017,4346,EM
Extranjero,Hombres,Ecuador,2016,3277,EM
Extranjero,Hombres,Ecuador,2015,4406,EM
Extranjero,Hombres,Ecuador,2014,7760,EM
Extranjero,Hombres,Ecuador,2013,13729,EM
Extranjero,Hombres,Ecuador,2012,13255,EM
Extranjero,Hombres,Ecuador,2011,12798,EM
Extranjero,Hombres,Ecuador,2010,13091,EM
Extranjero,Hombres,Ecuador,2009,11362,EM
Extranjero,Hombres,Ecuador,2008,6776,EM
Extranjero,Hombres,Paraguay,2020,813,EM
Extranjero,Hombres,Paraguay,2019,1025,EM
Extranjero,Hombres,Paraguay,2018,1067,EM
Extranjero,Hombres,Paraguay,2017,1063,EM
Extranjero,Hombres,Paraguay,2016,1105,EM
Extranjero,Hombres,Paraguay,2015,1403,EM
Extranjero,Hombres,Paraguay,2014,2378,EM
Extranjero,Hombres,Paraguay,2013,5351,EM
Extranjero,Hombres,Paraguay,2012,4505,EM
Extranjero,Hombres,Paraguay,2011,3961,EM
Extranjero,Hombres,Paraguay,2010,3480,EM
Extranjero,Hombres,Paraguay,2009,3191,EM
Extranjero,Hombres,Paraguay,2008,1998,EM
Extranjero,Hombres,Perú,2020,1450,EM
Extranjero,Hombres,Perú,2019,1846,EM
Extranjero,Hombres,Perú,2018,1503,EM
Extranjero,Hombres,Perú,2017,1670,EM
Extranjero,Hombres,Perú,2016,1348,EM
Extranjero,Hombres,Perú,2015,1793,EM
Extranjero,Hombres,Perú,2014,3295,EM
Extranjero,Hombres,Perú,2013,6324,EM
Extranjero,Hombres,Perú,2012,5874,EM
Extranjero,Hombres,Perú,2011,5449,EM
Extranjero,Hombres,Perú,2010,4954,EM
Extranjero,Hombres,Perú,2009,3863,EM
Extranjero,Hombres,Perú,2008,2061,EM
Extranjero,Hombres,Uruguay,2020,404,EM
Extranjero,Hombres,Uruguay,2019,478,EM
Extranjero,Hombres,Uruguay,2018,413,EM
Extranjero,Hombres,Uruguay,2017,443,EM
Extranjero,Hombres,Uruguay,2016,458,EM
Extranjero,Hombres,Uruguay,2015,681,EM
Extranjero,Hombres,Uruguay,2014,962,EM
Extranjero,Hombres,Uruguay,2013,1673,EM
Extranjero,Hombres,Uruguay,2012,1729,EM
Extranjero,Hombres,Uruguay,2011,1827,EM
Extranjero,Hombres,Uruguay,2010,2195,EM
Extranjero,Hombres,Uruguay,2009,2320,EM
Extranjero,Hombres,Uruguay,2008,1527,EM
Extranjero,Hombres,Venezuela,2020,1240,EM
Extranjero,Hombres,Venezuela,2019,1368,EM
Extranjero,Hombres,Venezuela,2018,1012,EM
Extranjero,Hombres,Venezuela,2017,1307,EM
Extranjero,Hombres,Venezuela,2016,985,EM
Extranjero,Hombres,Venezuela,2015,1014,EM
Extranjero,Hombres,Venezuela,2014,1318,EM
Extranjero,Hombres,Venezuela,2013,2343,EM
Extranjero,Hombres,Venezuela,2012,2158,EM
Extranjero,Hombres,Venezuela,2011,1836,EM
Extranjero,Hombres,Venezuela,2010,1929,EM
Extranjero,Hombres,Venezuela,2009,2166,EM
Extranjero,Hombres,Venezuela,2008,1615,EM
Extranjero,Hombres,Otro país de Sudamérica,2020,1,EM
Extranjero,Hombres,Otro país de Sudamérica,2019,0,EM
Extranjero,Hombres,Otro país de Sudamérica,2018,0,EM
Extranjero,Hombres,Otro país de Sudamérica,2017,0,EM
Extranjero,Hombres,Otro país de Sudamérica,2016,14,EM
Extranjero,Hombres,Otro país de Sudamérica,2015,NA,EM
Extranjero,Hombres,Otro país de Sudamérica,2014,NA,EM
Extranjero,Hombres,Otro país de Sudamérica,2013,41,EM
Extranjero,Hombres,Otro país de Sudamérica,2012,NA,EM
Extranjero,Hombres,Otro país de Sudamérica,2011,NA,EM
Extranjero,Hombres,Otro país de Sudamérica,2010,NA,EM
Extranjero,Hombres,Otro país de Sudamérica,2009,NA,EM
Extranjero,Hombres,Otro país de Sudamérica,2008,NA,EM
Extranjero,Hombres,Asia,2020,6402,EM
Extranjero,Hombres,Asia,2019,9766,EM
Extranjero,Hombres,Asia,2018,8016,EM
Extranjero,Hombres,Asia,2017,9801,EM
Extranjero,Hombres,Asia,2016,9213,EM
Extranjero,Hombres,Asia,2015,10395,EM
Extranjero,Hombres,Asia,2014,15011,EM
Extranjero,Hombres,Asia,2013,22530,EM
Extranjero,Hombres,Asia,2012,20044,EM
Extranjero,Hombres,Asia,2011,20350,EM
Extranjero,Hombres,Asia,2010,15777,EM
Extranjero,Hombres,Asia,2009,13253,EM
Extranjero,Hombres,Asia,2008,9705,EM
Extranjero,Hombres,Bangladesh,2020,138,EM
Extranjero,Hombres,Bangladesh,2019,638,EM
Extranjero,Hombres,Bangladesh,2018,159,EM
Extranjero,Hombres,Bangladesh,2017,417,EM
Extranjero,Hombres,Bangladesh,2016,348,EM
Extranjero,Hombres,Bangladesh,2015,451,EM
Extranjero,Hombres,Bangladesh,2014,985,EM
Extranjero,Hombres,Bangladesh,2013,1589,EM
Extranjero,Hombres,Bangladesh,2012,471,EM
Extranjero,Hombres,Bangladesh,2011,1243,EM
Extranjero,Hombres,Bangladesh,2010,632,EM
Extranjero,Hombres,Bangladesh,2009,623,EM
Extranjero,Hombres,Bangladesh,2008,335,EM
Extranjero,Hombres,China,2020,2417,EM
Extranjero,Hombres,China,2019,3322,EM
Extranjero,Hombres,China,2018,3078,EM
Extranjero,Hombres,China,2017,3462,EM
Extranjero,Hombres,China,2016,3388,EM
Extranjero,Hombres,China,2015,3591,EM
Extranjero,Hombres,China,2014,4997,EM
Extranjero,Hombres,China,2013,7775,EM
Extranjero,Hombres,China,2012,7025,EM
Extranjero,Hombres,China,2011,6885,EM
Extranjero,Hombres,China,2010,5544,EM
Extranjero,Hombres,China,2009,4935,EM
Extranjero,Hombres,China,2008,3888,EM
Extranjero,Hombres,Filipinas,2020,163,EM
Extranjero,Hombres,Filipinas,2019,337,EM
Extranjero,Hombres,Filipinas,2018,259,EM
Extranjero,Hombres,Filipinas,2017,326,EM
Extranjero,Hombres,Filipinas,2016,297,EM
Extranjero,Hombres,Filipinas,2015,333,EM
Extranjero,Hombres,Filipinas,2014,480,EM
Extranjero,Hombres,Filipinas,2013,838,EM
Extranjero,Hombres,Filipinas,2012,521,EM
Extranjero,Hombres,Filipinas,2011,492,EM
Extranjero,Hombres,Filipinas,2010,332,EM
Extranjero,Hombres,Filipinas,2009,395,EM
Extranjero,Hombres,Filipinas,2008,304,EM
Extranjero,Hombres,India,2020,913,EM
Extranjero,Hombres,India,2019,1234,EM
Extranjero,Hombres,India,2018,1172,EM
Extranjero,Hombres,India,2017,1205,EM
Extranjero,Hombres,India,2016,1129,EM
Extranjero,Hombres,India,2015,1023,EM
Extranjero,Hombres,India,2014,1572,EM
Extranjero,Hombres,India,2013,2599,EM
Extranjero,Hombres,India,2012,2357,EM
Extranjero,Hombres,India,2011,2373,EM
Extranjero,Hombres,India,2010,2169,EM
Extranjero,Hombres,India,2009,1598,EM
Extranjero,Hombres,India,2008,1133,EM
Extranjero,Hombres,Pakistán,2020,1748,EM
Extranjero,Hombres,Pakistán,2019,2896,EM
Extranjero,Hombres,Pakistán,2018,2586,EM
Extranjero,Hombres,Pakistán,2017,3524,EM
Extranjero,Hombres,Pakistán,2016,3012,EM
Extranjero,Hombres,Pakistán,2015,3748,EM
Extranjero,Hombres,Pakistán,2014,5455,EM
Extranjero,Hombres,Pakistán,2013,8098,EM
Extranjero,Hombres,Pakistán,2012,8708,EM
Extranjero,Hombres,Pakistán,2011,8155,EM
Extranjero,Hombres,Pakistán,2010,5885,EM
Extranjero,Hombres,Pakistán,2009,4597,EM
Extranjero,Hombres,Pakistán,2008,3342,EM
Extranjero,Hombres,Otro país de Asia,2020,1023,EM
Extranjero,Hombres,Otro país de Asia,2019,1339,EM
Extranjero,Hombres,Otro país de Asia,2018,762,EM
Extranjero,Hombres,Otro país de Asia,2017,867,EM
Extranjero,Hombres,Otro país de Asia,2016,1039,EM
Extranjero,Hombres,Otro país de Asia,2015,1250,EM
Extranjero,Hombres,Otro país de Asia,2014,1523,EM
Extranjero,Hombres,Otro país de Asia,2013,1631,EM
Extranjero,Hombres,Otro país de Asia,2012,962,EM
Extranjero,Hombres,Otro país de Asia,2011,1202,EM
Extranjero,Hombres,Otro país de Asia,2010,1215,EM
Extranjero,Hombres,Otro país de Asia,2009,1105,EM
Extranjero,Hombres,Otro país de Asia,2008,703,EM
Extranjero,Hombres,Oceanía,2020,69,EM
Extranjero,Hombres,Oceanía,2019,159,EM
Extranjero,Hombres,Oceanía,2018,87,EM
Extranjero,Hombres,Oceanía,2017,171,EM
Extranjero,Hombres,Oceanía,2016,395,EM
Extranjero,Hombres,Oceanía,2015,148,EM
Extranjero,Hombres,Oceanía,2014,180,EM
Extranjero,Hombres,Oceanía,2013,201,EM
Extranjero,Hombres,Oceanía,2012,189,EM
Extranjero,Hombres,Oceanía,2011,166,EM
Extranjero,Hombres,Oceanía,2010,224,EM
Extranjero,Hombres,Oceanía,2009,169,EM
Extranjero,Hombres,Oceanía,2008,192,EM
Total,Mujeres,Total,2020,114938,EM
Total,Mujeres,Total,2019,137172,EM
Total,Mujeres,Total,2018,142389,EM
Total,Mujeres,Total,2017,167855,EM
Total,Mujeres,Total,2016,147505,EM
Total,Mujeres,Total,2015,153467,EM
Total,Mujeres,Total,2014,177646,EM
Total,Mujeres,Total,2013,232711,EM
Total,Mujeres,Total,2012,186567,EM
Total,Mujeres,Total,2011,168063,EM
Total,Mujeres,Total,2010,165184,EM
Total,Mujeres,Total,2009,153986,EM
Total,Mujeres,Total,2008,118976,EM
Total,Mujeres,UE27_2020 sin España,2020,47449,EM
Total,Mujeres,UE27_2020 sin España,2019,NA,EM
Total,Mujeres,UE27_2020 sin España,2018,NA,EM
Total,Mujeres,UE27_2020 sin España,2017,NA,EM
Total,Mujeres,UE27_2020 sin España,2016,NA,EM
Total,Mujeres,UE27_2020 sin España,2015,NA,EM
Total,Mujeres,UE27_2020 sin España,2014,NA,EM
Total,Mujeres,UE27_2020 sin España,2013,NA,EM
Total,Mujeres,UE27_2020 sin España,2012,NA,EM
Total,Mujeres,UE27_2020 sin España,2011,NA,EM
Total,Mujeres,UE27_2020 sin España,2010,NA,EM
Total,Mujeres,UE27_2020 sin España,2009,NA,EM
Total,Mujeres,UE27_2020 sin España,2008,NA,EM
Total,Mujeres,UE28 sin España,2020,NA,EM
Total,Mujeres,UE28 sin España,2019,72157,EM
Total,Mujeres,UE28 sin España,2018,79062,EM
Total,Mujeres,UE28 sin España,2017,94658,EM
Total,Mujeres,UE28 sin España,2016,81581,EM
Total,Mujeres,UE28 sin España,2015,82778,EM
Total,Mujeres,UE28 sin España,2014,89210,EM
Total,Mujeres,UE28 sin España,2013,96219,EM
Total,Mujeres,UE28 sin España,2012,76413,EM
Total,Mujeres,UE28 sin España,2011,64380,EM
Total,Mujeres,UE28 sin España,2010,70027,EM
Total,Mujeres,UE28 sin España,2009,65012,EM
Total,Mujeres,UE28 sin España,2008,46908,EM
Total,Mujeres,Bélgica,2020,1661,EM
Total,Mujeres,Bélgica,2019,1990,EM
Total,Mujeres,Bélgica,2018,1847,EM
Total,Mujeres,Bélgica,2017,2191,EM
Total,Mujeres,Bélgica,2016,2655,EM
Total,Mujeres,Bélgica,2015,3076,EM
Total,Mujeres,Bélgica,2014,3344,EM
Total,Mujeres,Bélgica,2013,3228,EM
Total,Mujeres,Bélgica,2012,3125,EM
Total,Mujeres,Bélgica,2011,3869,EM
Total,Mujeres,Bélgica,2010,2688,EM
Total,Mujeres,Bélgica,2009,2540,EM
Total,Mujeres,Bélgica,2008,1649,EM
Total,Mujeres,Bulgaria,2020,2189,EM
Total,Mujeres,Bulgaria,2019,3174,EM
Total,Mujeres,Bulgaria,2018,3716,EM
Total,Mujeres,Bulgaria,2017,3639,EM
Total,Mujeres,Bulgaria,2016,3487,EM
Total,Mujeres,Bulgaria,2015,3961,EM
Total,Mujeres,Bulgaria,2014,4435,EM
Total,Mujeres,Bulgaria,2013,5534,EM
Total,Mujeres,Bulgaria,2012,4580,EM
Total,Mujeres,Bulgaria,2011,3463,EM
Total,Mujeres,Bulgaria,2010,4630,EM
Total,Mujeres,Bulgaria,2009,4691,EM
Total,Mujeres,Bulgaria,2008,2693,EM
Total,Mujeres,Dinamarca,2020,422,EM
Total,Mujeres,Dinamarca,2019,538,EM
Total,Mujeres,Dinamarca,2018,525,EM
Total,Mujeres,Dinamarca,2017,620,EM
Total,Mujeres,Dinamarca,2016,600,EM
Total,Mujeres,Dinamarca,2015,573,EM
Total,Mujeres,Dinamarca,2014,380,EM
Total,Mujeres,Dinamarca,2013,440,EM
Total,Mujeres,Dinamarca,2012,407,EM
Total,Mujeres,Dinamarca,2011,300,EM
Total,Mujeres,Dinamarca,2010,484,EM
Total,Mujeres,Dinamarca,2009,335,EM
Total,Mujeres,Dinamarca,2008,318,EM
Total,Mujeres,Finlandia,2020,450,EM
Total,Mujeres,Finlandia,2019,472,EM
Total,Mujeres,Finlandia,2018,493,EM
Total,Mujeres,Finlandia,2017,515,EM
Total,Mujeres,Finlandia,2016,473,EM
Total,Mujeres,Finlandia,2015,400,EM
Total,Mujeres,Finlandia,2014,366,EM
Total,Mujeres,Finlandia,2013,407,EM
Total,Mujeres,Finlandia,2012,168,EM
Total,Mujeres,Finlandia,2011,211,EM
Total,Mujeres,Finlandia,2010,171,EM
Total,Mujeres,Finlandia,2009,224,EM
Total,Mujeres,Finlandia,2008,97,EM
Total,Mujeres,Francia,2020,9041,EM
Total,Mujeres,Francia,2019,9081,EM
Total,Mujeres,Francia,2018,10145,EM
Total,Mujeres,Francia,2017,10994,EM
Total,Mujeres,Francia,2016,10635,EM
Total,Mujeres,Francia,2015,10824,EM
Total,Mujeres,Francia,2014,11403,EM
Total,Mujeres,Francia,2013,11839,EM
Total,Mujeres,Francia,2012,9331,EM
Total,Mujeres,Francia,2011,8091,EM
Total,Mujeres,Francia,2010,8901,EM
Total,Mujeres,Francia,2009,7014,EM
Total,Mujeres,Francia,2008,5437,EM
Total,Mujeres,Irlanda,2020,761,EM
Total,Mujeres,Irlanda,2019,889,EM
Total,Mujeres,Irlanda,2018,1037,EM
Total,Mujeres,Irlanda,2017,968,EM
Total,Mujeres,Irlanda,2016,1027,EM
Total,Mujeres,Irlanda,2015,927,EM
Total,Mujeres,Irlanda,2014,829,EM
Total,Mujeres,Irlanda,2013,729,EM
Total,Mujeres,Irlanda,2012,414,EM
Total,Mujeres,Irlanda,2011,497,EM
Total,Mujeres,Irlanda,2010,542,EM
Total,Mujeres,Irlanda,2009,420,EM
Total,Mujeres,Irlanda,2008,325,EM
Total,Mujeres,Italia,2020,3618,EM
Total,Mujeres,Italia,2019,3441,EM
Total,Mujeres,Italia,2018,3423,EM
Total,Mujeres,Italia,2017,4026,EM
Total,Mujeres,Italia,2016,3800,EM
Total,Mujeres,Italia,2015,3456,EM
Total,Mujeres,Italia,2014,3927,EM
Total,Mujeres,Italia,2013,4206,EM
Total,Mujeres,Italia,2012,2995,EM
Total,Mujeres,Italia,2011,3336,EM
Total,Mujeres,Italia,2010,3879,EM
Total,Mujeres,Italia,2009,3632,EM
Total,Mujeres,Italia,2008,3116,EM
Total,Mujeres,Países Bajos,2020,1700,EM
Total,Mujeres,Países Bajos,2019,2109,EM
Total,Mujeres,Países Bajos,2018,1885,EM
Total,Mujeres,Países Bajos,2017,2162,EM
Total,Mujeres,Países Bajos,2016,2246,EM
Total,Mujeres,Países Bajos,2015,2352,EM
Total,Mujeres,Países Bajos,2014,2990,EM
Total,Mujeres,Países Bajos,2013,2703,EM
Total,Mujeres,Países Bajos,2012,2050,EM
Total,Mujeres,Países Bajos,2011,2286,EM
Total,Mujeres,Países Bajos,2010,2416,EM
Total,Mujeres,Países Bajos,2009,2286,EM
Total,Mujeres,Países Bajos,2008,1800,EM
Total,Mujeres,Polonia,2020,1034,EM
Total,Mujeres,Polonia,2019,1402,EM
Total,Mujeres,Polonia,2018,1334,EM
Total,Mujeres,Polonia,2017,2045,EM
Total,Mujeres,Polonia,2016,1429,EM
Total,Mujeres,Polonia,2015,1491,EM
Total,Mujeres,Polonia,2014,1937,EM
Total,Mujeres,Polonia,2013,2286,EM
Total,Mujeres,Polonia,2012,2171,EM
Total,Mujeres,Polonia,2011,1842,EM
Total,Mujeres,Polonia,2010,2655,EM
Total,Mujeres,Polonia,2009,2683,EM
Total,Mujeres,Polonia,2008,1868,EM
Total,Mujeres,Portugal,2020,2262,EM
Total,Mujeres,Portugal,2019,2533,EM
Total,Mujeres,Portugal,2018,2808,EM
Total,Mujeres,Portugal,2017,3251,EM
Total,Mujeres,Portugal,2016,2605,EM
Total,Mujeres,Portugal,2015,2549,EM
Total,Mujeres,Portugal,2014,3322,EM
Total,Mujeres,Portugal,2013,3661,EM
Total,Mujeres,Portugal,2012,3308,EM
Total,Mujeres,Portugal,2011,3546,EM
Total,Mujeres,Portugal,2010,4422,EM
Total,Mujeres,Portugal,2009,3980,EM
Total,Mujeres,Portugal,2008,2738,EM
Total,Mujeres,Alemania,2020,6858,EM
Total,Mujeres,Alemania,2019,8612,EM
Total,Mujeres,Alemania,2018,8529,EM
Total,Mujeres,Alemania,2017,10173,EM
Total,Mujeres,Alemania,2016,10831,EM
Total,Mujeres,Alemania,2015,11266,EM
Total,Mujeres,Alemania,2014,11751,EM
Total,Mujeres,Alemania,2013,12081,EM
Total,Mujeres,Alemania,2012,7678,EM
Total,Mujeres,Alemania,2011,7366,EM
Total,Mujeres,Alemania,2010,6756,EM
Total,Mujeres,Alemania,2009,5652,EM
Total,Mujeres,Alemania,2008,4707,EM
Total,Mujeres,Rumanía,2020,14908,EM
Total,Mujeres,Rumanía,2019,18530,EM
Total,Mujeres,Rumanía,2018,20873,EM
Total,Mujeres,Rumanía,2017,26398,EM
Total,Mujeres,Rumanía,2016,19907,EM
Total,Mujeres,Rumanía,2015,20818,EM
Total,Mujeres,Rumanía,2014,24159,EM
Total,Mujeres,Rumanía,2013,30540,EM
Total,Mujeres,Rumanía,2012,27587,EM
Total,Mujeres,Rumanía,2011,18128,EM
Total,Mujeres,Rumanía,2010,20964,EM
Total,Mujeres,Rumanía,2009,21258,EM
Total,Mujeres,Rumanía,2008,13639,EM
Total,Mujeres,Suecia,2020,783,EM
Total,Mujeres,Suecia,2019,1002,EM
Total,Mujeres,Suecia,2018,901,EM
Total,Mujeres,Suecia,2017,1065,EM
Total,Mujeres,Suecia,2016,1148,EM
Total,Mujeres,Suecia,2015,1064,EM
Total,Mujeres,Suecia,2014,1115,EM
Total,Mujeres,Suecia,2013,1087,EM
Total,Mujeres,Suecia,2012,671,EM
Total,Mujeres,Suecia,2011,711,EM
Total,Mujeres,Suecia,2010,784,EM
Total,Mujeres,Suecia,2009,759,EM
Total,Mujeres,Suecia,2008,475,EM
Total,Mujeres,Lituania,2020,230,EM
Total,Mujeres,Lituania,2019,285,EM
Total,Mujeres,Lituania,2018,314,EM
Total,Mujeres,Lituania,2017,543,EM
Total,Mujeres,Lituania,2016,382,EM
Total,Mujeres,Lituania,2015,391,EM
Total,Mujeres,Lituania,2014,449,EM
Total,Mujeres,Lituania,2013,523,EM
Total,Mujeres,Lituania,2012,505,EM
Total,Mujeres,Lituania,2011,325,EM
Total,Mujeres,Lituania,2010,490,EM
Total,Mujeres,Lituania,2009,516,EM
Total,Mujeres,Lituania,2008,473,EM
Total,Mujeres,Otro país de la Unión Europea sin España,2020,1532,EM
Total,Mujeres,Otro país de la Unión Europea sin España,2019,1683,EM
Total,Mujeres,Otro país de la Unión Europea sin España,2018,1453,EM
Total,Mujeres,Otro país de la Unión Europea sin España,2017,1835,EM
Total,Mujeres,Otro país de la Unión Europea sin España,2016,1983,EM
Total,Mujeres,Otro país de la Unión Europea sin España,2015,2281,EM
Total,Mujeres,Otro país de la Unión Europea sin España,2014,2121,EM
Total,Mujeres,Otro país de la Unión Europea sin España,2013,2250,EM
Total,Mujeres,Otro país de la Unión Europea sin España,2012,1752,EM
Total,Mujeres,Otro país de la Unión Europea sin España,2011,1502,EM
Total,Mujeres,Otro país de la Unión Europea sin España,2010,1268,EM
Total,Mujeres,Otro país de la Unión Europea sin España,2009,1579,EM
Total,Mujeres,Otro país de la Unión Europea sin España,2008,1126,EM
Total,Mujeres,Europa menos UE27_2020,2020,21984,EM
Total,Mujeres,Europa menos UE27_2020,2019,NA,EM
Total,Mujeres,Europa menos UE27_2020,2018,NA,EM
Total,Mujeres,Europa menos UE27_2020,2017,NA,EM
Total,Mujeres,Europa menos UE27_2020,2016,NA,EM
Total,Mujeres,Europa menos UE27_2020,2015,NA,EM
Total,Mujeres,Europa menos UE27_2020,2014,NA,EM
Total,Mujeres,Europa menos UE27_2020,2013,NA,EM
Total,Mujeres,Europa menos UE27_2020,2012,NA,EM
Total,Mujeres,Europa menos UE27_2020,2011,NA,EM
Total,Mujeres,Europa menos UE27_2020,2010,NA,EM
Total,Mujeres,Europa menos UE27_2020,2009,NA,EM
Total,Mujeres,Europa menos UE27_2020,2008,NA,EM
Total,Mujeres,Reino Unido,2020,15039,EM
Total,Mujeres,Reino Unido,2019,16416,EM
Total,Mujeres,Reino Unido,2018,19779,EM
Total,Mujeres,Reino Unido,2017,24233,EM
Total,Mujeres,Reino Unido,2016,18375,EM
Total,Mujeres,Reino Unido,2015,17350,EM
Total,Mujeres,Reino Unido,2014,16681,EM
Total,Mujeres,Reino Unido,2013,14704,EM
Total,Mujeres,Reino Unido,2012,9673,EM
Total,Mujeres,Reino Unido,2011,8907,EM
Total,Mujeres,Reino Unido,2010,8976,EM
Total,Mujeres,Reino Unido,2009,7442,EM
Total,Mujeres,Reino Unido,2008,6446,EM
Total,Mujeres,País de Europa menos UE28,2020,NA,EM
Total,Mujeres,País de Europa menos UE28,2019,8011,EM
Total,Mujeres,País de Europa menos UE28,2018,8220,EM
Total,Mujeres,País de Europa menos UE28,2017,9084,EM
Total,Mujeres,País de Europa menos UE28,2016,8430,EM
Total,Mujeres,País de Europa menos UE28,2015,7710,EM
Total,Mujeres,País de Europa menos UE28,2014,8322,EM
Total,Mujeres,País de Europa menos UE28,2013,10962,EM
Total,Mujeres,País de Europa menos UE28,2012,8419,EM
Total,Mujeres,País de Europa menos UE28,2011,7480,EM
Total,Mujeres,País de Europa menos UE28,2010,7149,EM
Total,Mujeres,País de Europa menos UE28,2009,6509,EM
Total,Mujeres,País de Europa menos UE28,2008,6020,EM
Total,Mujeres,Noruega,2020,779,EM
Total,Mujeres,Noruega,2019,1115,EM
Total,Mujeres,Noruega,2018,861,EM
Total,Mujeres,Noruega,2017,1286,EM
Total,Mujeres,Noruega,2016,1167,EM
Total,Mujeres,Noruega,2015,801,EM
Total,Mujeres,Noruega,2014,1042,EM
Total,Mujeres,Noruega,2013,817,EM
Total,Mujeres,Noruega,2012,641,EM
Total,Mujeres,Noruega,2011,366,EM
Total,Mujeres,Noruega,2010,427,EM
Total,Mujeres,Noruega,2009,340,EM
Total,Mujeres,Noruega,2008,371,EM
Total,Mujeres,Suiza,2020,1891,EM
Total,Mujeres,Suiza,2019,1909,EM
Total,Mujeres,Suiza,2018,2103,EM
Total,Mujeres,Suiza,2017,2363,EM
Total,Mujeres,Suiza,2016,3183,EM
Total,Mujeres,Suiza,2015,3229,EM
Total,Mujeres,Suiza,2014,2780,EM
Total,Mujeres,Suiza,2013,3137,EM
Total,Mujeres,Suiza,2012,2407,EM
Total,Mujeres,Suiza,2011,2438,EM
Total,Mujeres,Suiza,2010,2037,EM
Total,Mujeres,Suiza,2009,1567,EM
Total,Mujeres,Suiza,2008,1407,EM
Total,Mujeres,Ucrania,2020,1274,EM
Total,Mujeres,Ucrania,2019,1504,EM
Total,Mujeres,Ucrania,2018,1467,EM
Total,Mujeres,Ucrania,2017,1515,EM
Total,Mujeres,Ucrania,2016,1066,EM
Total,Mujeres,Ucrania,2015,878,EM
Total,Mujeres,Ucrania,2014,1355,EM
Total,Mujeres,Ucrania,2013,2339,EM
Total,Mujeres,Ucrania,2012,1912,EM
Total,Mujeres,Ucrania,2011,1626,EM
Total,Mujeres,Ucrania,2010,1587,EM
Total,Mujeres,Ucrania,2009,1647,EM
Total,Mujeres,Ucrania,2008,1360,EM
Total,Mujeres,Moldavia,2020,132,EM
Total,Mujeres,Moldavia,2019,186,EM
Total,Mujeres,Moldavia,2018,470,EM
Total,Mujeres,Moldavia,2017,189,EM
Total,Mujeres,Moldavia,2016,253,EM
Total,Mujeres,Moldavia,2015,129,EM
Total,Mujeres,Moldavia,2014,195,EM
Total,Mujeres,Moldavia,2013,347,EM
Total,Mujeres,Moldavia,2012,362,EM
Total,Mujeres,Moldavia,2011,210,EM
Total,Mujeres,Moldavia,2010,263,EM
Total,Mujeres,Moldavia,2009,283,EM
Total,Mujeres,Moldavia,2008,191,EM
Total,Mujeres,Rusia,2020,1973,EM
Total,Mujeres,Rusia,2019,2308,EM
Total,Mujeres,Rusia,2018,2446,EM
Total,Mujeres,Rusia,2017,2880,EM
Total,Mujeres,Rusia,2016,1829,EM
Total,Mujeres,Rusia,2015,1697,EM
Total,Mujeres,Rusia,2014,1902,EM
Total,Mujeres,Rusia,2013,2890,EM
Total,Mujeres,Rusia,2012,1999,EM
Total,Mujeres,Rusia,2011,1696,EM
Total,Mujeres,Rusia,2010,1747,EM
Total,Mujeres,Rusia,2009,1769,EM
Total,Mujeres,Rusia,2008,1714,EM
Total,Mujeres,Otro país del resto de Europa,2020,896,EM
Total,Mujeres,Otro país del resto de Europa,2019,989,EM
Total,Mujeres,Otro país del resto de Europa,2018,873,EM
Total,Mujeres,Otro país del resto de Europa,2017,851,EM
Total,Mujeres,Otro país del resto de Europa,2016,931,EM
Total,Mujeres,Otro país del resto de Europa,2015,977,EM
Total,Mujeres,Otro país del resto de Europa,2014,1048,EM
Total,Mujeres,Otro país del resto de Europa,2013,1432,EM
Total,Mujeres,Otro país del resto de Europa,2012,1099,EM
Total,Mujeres,Otro país del resto de Europa,2011,1144,EM
Total,Mujeres,Otro país del resto de Europa,2010,1087,EM
Total,Mujeres,Otro país del resto de Europa,2009,903,EM
Total,Mujeres,Otro país del resto de Europa,2008,978,EM
Total,Mujeres,África,2020,5934,EM
Total,Mujeres,África,2019,6819,EM
Total,Mujeres,África,2018,7252,EM
Total,Mujeres,África,2017,8864,EM
Total,Mujeres,África,2016,6993,EM
Total,Mujeres,África,2015,6402,EM
Total,Mujeres,África,2014,8645,EM
Total,Mujeres,África,2013,14069,EM
Total,Mujeres,África,2012,11160,EM
Total,Mujeres,África,2011,11205,EM
Total,Mujeres,África,2010,10361,EM
Total,Mujeres,África,2009,9337,EM
Total,Mujeres,África,2008,7957,EM
Total,Mujeres,Argelia,2020,963,EM
Total,Mujeres,Argelia,2019,838,EM
Total,Mujeres,Argelia,2018,1024,EM
Total,Mujeres,Argelia,2017,1204,EM
Total,Mujeres,Argelia,2016,1062,EM
Total,Mujeres,Argelia,2015,949,EM
Total,Mujeres,Argelia,2014,1292,EM
Total,Mujeres,Argelia,2013,1257,EM
Total,Mujeres,Argelia,2012,1031,EM
Total,Mujeres,Argelia,2011,870,EM
Total,Mujeres,Argelia,2010,705,EM
Total,Mujeres,Argelia,2009,759,EM
Total,Mujeres,Argelia,2008,495,EM
Total,Mujeres,Gambia,2020,10,EM
Total,Mujeres,Gambia,2019,14,EM
Total,Mujeres,Gambia,2018,11,EM
Total,Mujeres,Gambia,2017,2,EM
Total,Mujeres,Gambia,2016,24,EM
Total,Mujeres,Gambia,2015,46,EM
Total,Mujeres,Gambia,2014,80,EM
Total,Mujeres,Gambia,2013,83,EM
Total,Mujeres,Gambia,2012,89,EM
Total,Mujeres,Gambia,2011,138,EM
Total,Mujeres,Gambia,2010,111,EM
Total,Mujeres,Gambia,2009,95,EM
Total,Mujeres,Gambia,2008,66,EM
Total,Mujeres,Ghana,2020,13,EM
Total,Mujeres,Ghana,2019,3,EM
Total,Mujeres,Ghana,2018,17,EM
Total,Mujeres,Ghana,2017,55,EM
Total,Mujeres,Ghana,2016,32,EM
Total,Mujeres,Ghana,2015,24,EM
Total,Mujeres,Ghana,2014,14,EM
Total,Mujeres,Ghana,2013,163,EM
Total,Mujeres,Ghana,2012,120,EM
Total,Mujeres,Ghana,2011,37,EM
Total,Mujeres,Ghana,2010,8,EM
Total,Mujeres,Ghana,2009,46,EM
Total,Mujeres,Ghana,2008,30,EM
Total,Mujeres,Guinea,2020,10,EM
Total,Mujeres,Guinea,2019,2,EM
Total,Mujeres,Guinea,2018,40,EM
Total,Mujeres,Guinea,2017,10,EM
Total,Mujeres,Guinea,2016,75,EM
Total,Mujeres,Guinea,2015,24,EM
Total,Mujeres,Guinea,2014,28,EM
Total,Mujeres,Guinea,2013,202,EM
Total,Mujeres,Guinea,2012,22,EM
Total,Mujeres,Guinea,2011,48,EM
Total,Mujeres,Guinea,2010,114,EM
Total,Mujeres,Guinea,2009,65,EM
Total,Mujeres,Guinea,2008,97,EM
Total,Mujeres,Guinea Ecuatorial,2020,404,EM
Total,Mujeres,Guinea Ecuatorial,2019,538,EM
Total,Mujeres,Guinea Ecuatorial,2018,780,EM
Total,Mujeres,Guinea Ecuatorial,2017,728,EM
Total,Mujeres,Guinea Ecuatorial,2016,487,EM
Total,Mujeres,Guinea Ecuatorial,2015,405,EM
Total,Mujeres,Guinea Ecuatorial,2014,627,EM
Total,Mujeres,Guinea Ecuatorial,2013,979,EM
Total,Mujeres,Guinea Ecuatorial,2012,810,EM
Total,Mujeres,Guinea Ecuatorial,2011,1007,EM
Total,Mujeres,Guinea Ecuatorial,2010,1019,EM
Total,Mujeres,Guinea Ecuatorial,2009,1135,EM
Total,Mujeres,Guinea Ecuatorial,2008,812,EM
Total,Mujeres,Mali,2020,9,EM
Total,Mujeres,Mali,2019,8,EM
Total,Mujeres,Mali,2018,13,EM
Total,Mujeres,Mali,2017,28,EM
Total,Mujeres,Mali,2016,45,EM
Total,Mujeres,Mali,2015,8,EM
Total,Mujeres,Mali,2014,7,EM
Total,Mujeres,Mali,2013,64,EM
Total,Mujeres,Mali,2012,34,EM
Total,Mujeres,Mali,2011,23,EM
Total,Mujeres,Mali,2010,84,EM
Total,Mujeres,Mali,2009,3,EM
Total,Mujeres,Mali,2008,NA,EM
Total,Mujeres,Marruecos,2020,3773,EM
Total,Mujeres,Marruecos,2019,4723,EM
Total,Mujeres,Marruecos,2018,4587,EM
Total,Mujeres,Marruecos,2017,5799,EM
Total,Mujeres,Marruecos,2016,4411,EM
Total,Mujeres,Marruecos,2015,3859,EM
Total,Mujeres,Marruecos,2014,5522,EM
Total,Mujeres,Marruecos,2013,9905,EM
Total,Mujeres,Marruecos,2012,7724,EM
Total,Mujeres,Marruecos,2011,7382,EM
Total,Mujeres,Marruecos,2010,6630,EM
Total,Mujeres,Marruecos,2009,6002,EM
Total,Mujeres,Marruecos,2008,5289,EM
Total,Mujeres,Mauritania,2020,73,EM
Total,Mujeres,Mauritania,2019,70,EM
Total,Mujeres,Mauritania,2018,71,EM
Total,Mujeres,Mauritania,2017,156,EM
Total,Mujeres,Mauritania,2016,56,EM
Total,Mujeres,Mauritania,2015,86,EM
Total,Mujeres,Mauritania,2014,34,EM
Total,Mujeres,Mauritania,2013,82,EM
Total,Mujeres,Mauritania,2012,77,EM
Total,Mujeres,Mauritania,2011,98,EM
Total,Mujeres,Mauritania,2010,66,EM
Total,Mujeres,Mauritania,2009,52,EM
Total,Mujeres,Mauritania,2008,22,EM
Total,Mujeres,Nigeria,2020,122,EM
Total,Mujeres,Nigeria,2019,182,EM
Total,Mujeres,Nigeria,2018,165,EM
Total,Mujeres,Nigeria,2017,365,EM
Total,Mujeres,Nigeria,2016,171,EM
Total,Mujeres,Nigeria,2015,391,EM
Total,Mujeres,Nigeria,2014,419,EM
Total,Mujeres,Nigeria,2013,621,EM
Total,Mujeres,Nigeria,2012,456,EM
Total,Mujeres,Nigeria,2011,731,EM
Total,Mujeres,Nigeria,2010,935,EM
Total,Mujeres,Nigeria,2009,610,EM
Total,Mujeres,Nigeria,2008,566,EM
Total,Mujeres,Senegal,2020,251,EM
Total,Mujeres,Senegal,2019,140,EM
Total,Mujeres,Senegal,2018,228,EM
Total,Mujeres,Senegal,2017,221,EM
Total,Mujeres,Senegal,2016,152,EM
Total,Mujeres,Senegal,2015,176,EM
Total,Mujeres,Senegal,2014,218,EM
Total,Mujeres,Senegal,2013,314,EM
Total,Mujeres,Senegal,2012,307,EM
Total,Mujeres,Senegal,2011,258,EM
Total,Mujeres,Senegal,2010,226,EM
Total,Mujeres,Senegal,2009,86,EM
Total,Mujeres,Senegal,2008,165,EM
Total,Mujeres,Otro país de África,2020,306,EM
Total,Mujeres,Otro país de África,2019,301,EM
Total,Mujeres,Otro país de África,2018,316,EM
Total,Mujeres,Otro país de África,2017,296,EM
Total,Mujeres,Otro país de África,2016,479,EM
Total,Mujeres,Otro país de África,2015,436,EM
Total,Mujeres,Otro país de África,2014,405,EM
Total,Mujeres,Otro país de África,2013,399,EM
Total,Mujeres,Otro país de África,2012,489,EM
Total,Mujeres,Otro país de África,2011,612,EM
Total,Mujeres,Otro país de África,2010,464,EM
Total,Mujeres,Otro país de África,2009,482,EM
Total,Mujeres,Otro país de África,2008,415,EM
Total,Mujeres,América del Norte,2020,7085,EM
Total,Mujeres,América del Norte,2019,7889,EM
Total,Mujeres,América del Norte,2018,8261,EM
Total,Mujeres,América del Norte,2017,9906,EM
Total,Mujeres,América del Norte,2016,10510,EM
Total,Mujeres,América del Norte,2015,9713,EM
Total,Mujeres,América del Norte,2014,8376,EM
Total,Mujeres,América del Norte,2013,9518,EM
Total,Mujeres,América del Norte,2012,6625,EM
Total,Mujeres,América del Norte,2011,6523,EM
Total,Mujeres,América del Norte,2010,5557,EM
Total,Mujeres,América del Norte,2009,5758,EM
Total,Mujeres,América del Norte,2008,5537,EM
Total,Mujeres,Estados Unidos de América,2020,5318,EM
Total,Mujeres,Estados Unidos de América,2019,5511,EM
Total,Mujeres,Estados Unidos de América,2018,5884,EM
Total,Mujeres,Estados Unidos de América,2017,7307,EM
Total,Mujeres,Estados Unidos de América,2016,7616,EM
Total,Mujeres,Estados Unidos de América,2015,7011,EM
Total,Mujeres,Estados Unidos de América,2014,6215,EM
Total,Mujeres,Estados Unidos de América,2013,6289,EM
Total,Mujeres,Estados Unidos de América,2012,4179,EM
Total,Mujeres,Estados Unidos de América,2011,4447,EM
Total,Mujeres,Estados Unidos de América,2010,3486,EM
Total,Mujeres,Estados Unidos de América,2009,3574,EM
Total,Mujeres,Estados Unidos de América,2008,3769,EM
Total,Mujeres,México,2020,1414,EM
Total,Mujeres,México,2019,1943,EM
Total,Mujeres,México,2018,1943,EM
Total,Mujeres,México,2017,2183,EM
Total,Mujeres,México,2016,2215,EM
Total,Mujeres,México,2015,2254,EM
Total,Mujeres,México,2014,1616,EM
Total,Mujeres,México,2013,2599,EM
Total,Mujeres,México,2012,1918,EM
Total,Mujeres,México,2011,1688,EM
Total,Mujeres,México,2010,1762,EM
Total,Mujeres,México,2009,1719,EM
Total,Mujeres,México,2008,1536,EM
Total,Mujeres,Canadá,2020,353,EM
Total,Mujeres,Canadá,2019,435,EM
Total,Mujeres,Canadá,2018,434,EM
Total,Mujeres,Canadá,2017,416,EM
Total,Mujeres,Canadá,2016,679,EM
Total,Mujeres,Canadá,2015,448,EM
Total,Mujeres,Canadá,2014,545,EM
Total,Mujeres,Canadá,2013,630,EM
Total,Mujeres,Canadá,2012,528,EM
Total,Mujeres,Canadá,2011,388,EM
Total,Mujeres,Canadá,2010,309,EM
Total,Mujeres,Canadá,2009,465,EM
Total,Mujeres,Canadá,2008,231,EM
Total,Mujeres,Centro América y Caribe,2020,5535,EM
Total,Mujeres,Centro América y Caribe,2019,6615,EM
Total,Mujeres,Centro América y Caribe,2018,5613,EM
Total,Mujeres,Centro América y Caribe,2017,5896,EM
Total,Mujeres,Centro América y Caribe,2016,5441,EM
Total,Mujeres,Centro América y Caribe,2015,5743,EM
Total,Mujeres,Centro América y Caribe,2014,6577,EM
Total,Mujeres,Centro América y Caribe,2013,9951,EM
Total,Mujeres,Centro América y Caribe,2012,7145,EM
Total,Mujeres,Centro América y Caribe,2011,5950,EM
Total,Mujeres,Centro América y Caribe,2010,5234,EM
Total,Mujeres,Centro América y Caribe,2009,4815,EM
Total,Mujeres,Centro América y Caribe,2008,3891,EM
Total,Mujeres,Cuba,2020,800,EM
Total,Mujeres,Cuba,2019,1137,EM
Total,Mujeres,Cuba,2018,1155,EM
Total,Mujeres,Cuba,2017,946,EM
Total,Mujeres,Cuba,2016,773,EM
Total,Mujeres,Cuba,2015,793,EM
Total,Mujeres,Cuba,2014,986,EM
Total,Mujeres,Cuba,2013,1119,EM
Total,Mujeres,Cuba,2012,1111,EM
Total,Mujeres,Cuba,2011,1096,EM
Total,Mujeres,Cuba,2010,1200,EM
Total,Mujeres,Cuba,2009,1140,EM
Total,Mujeres,Cuba,2008,805,EM
Total,Mujeres,Honduras,2020,1702,EM
Total,Mujeres,Honduras,2019,1898,EM
Total,Mujeres,Honduras,2018,1257,EM
Total,Mujeres,Honduras,2017,1060,EM
Total,Mujeres,Honduras,2016,1180,EM
Total,Mujeres,Honduras,2015,1073,EM
Total,Mujeres,Honduras,2014,1563,EM
Total,Mujeres,Honduras,2013,2450,EM
Total,Mujeres,Honduras,2012,1526,EM
Total,Mujeres,Honduras,2011,1100,EM
Total,Mujeres,Honduras,2010,926,EM
Total,Mujeres,Honduras,2009,839,EM
Total,Mujeres,Honduras,2008,756,EM
Total,Mujeres,Nicaragua,2020,756,EM
Total,Mujeres,Nicaragua,2019,754,EM
Total,Mujeres,Nicaragua,2018,493,EM
Total,Mujeres,Nicaragua,2017,965,EM
Total,Mujeres,Nicaragua,2016,781,EM
Total,Mujeres,Nicaragua,2015,800,EM
Total,Mujeres,Nicaragua,2014,904,EM
Total,Mujeres,Nicaragua,2013,1618,EM
Total,Mujeres,Nicaragua,2012,921,EM
Total,Mujeres,Nicaragua,2011,582,EM
Total,Mujeres,Nicaragua,2010,461,EM
Total,Mujeres,Nicaragua,2009,398,EM
Total,Mujeres,Nicaragua,2008,306,EM
Total,Mujeres,República Dominicana,2020,1563,EM
Total,Mujeres,República Dominicana,2019,1850,EM
Total,Mujeres,República Dominicana,2018,1974,EM
Total,Mujeres,República Dominicana,2017,2215,EM
Total,Mujeres,República Dominicana,2016,2092,EM
Total,Mujeres,República Dominicana,2015,2292,EM
Total,Mujeres,República Dominicana,2014,2330,EM
Total,Mujeres,República Dominicana,2013,3402,EM
Total,Mujeres,República Dominicana,2012,2626,EM
Total,Mujeres,República Dominicana,2011,2298,EM
Total,Mujeres,República Dominicana,2010,2020,EM
Total,Mujeres,República Dominicana,2009,1856,EM
Total,Mujeres,República Dominicana,2008,1414,EM
Total,Mujeres,Otros países de Centro América y Caribe,2020,714,EM
Total,Mujeres,Otros países de Centro América y Caribe,2019,976,EM
Total,Mujeres,Otros países de Centro América y Caribe,2018,734,EM
Total,Mujeres,Otros países de Centro América y Caribe,2017,710,EM
Total,Mujeres,Otros países de Centro América y Caribe,2016,616,EM
Total,Mujeres,Otros países de Centro América y Caribe,2015,786,EM
Total,Mujeres,Otros países de Centro América y Caribe,2014,794,EM
Total,Mujeres,Otros países de Centro América y Caribe,2013,1361,EM
Total,Mujeres,Otros países de Centro América y Caribe,2012,961,EM
Total,Mujeres,Otros países de Centro América y Caribe,2011,875,EM
Total,Mujeres,Otros países de Centro América y Caribe,2010,627,EM
Total,Mujeres,Otros países de Centro América y Caribe,2009,582,EM
Total,Mujeres,Otros países de Centro América y Caribe,2008,609,EM
Total,Mujeres,Sudamérica,2020,21021,EM
Total,Mujeres,Sudamérica,2019,27234,EM
Total,Mujeres,Sudamérica,2018,27190,EM
Total,Mujeres,Sudamérica,2017,31518,EM
Total,Mujeres,Sudamérica,2016,26841,EM
Total,Mujeres,Sudamérica,2015,33744,EM
Total,Mujeres,Sudamérica,2014,47813,EM
Total,Mujeres,Sudamérica,2013,79849,EM
Total,Mujeres,Sudamérica,2012,66844,EM
Total,Mujeres,Sudamérica,2011,62295,EM
Total,Mujeres,Sudamérica,2010,59334,EM
Total,Mujeres,Sudamérica,2009,56245,EM
Total,Mujeres,Sudamérica,2008,43670,EM
Total,Mujeres,Argentina,2020,2390,EM
Total,Mujeres,Argentina,2019,3400,EM
Total,Mujeres,Argentina,2018,2932,EM
Total,Mujeres,Argentina,2017,3852,EM
Total,Mujeres,Argentina,2016,3082,EM
Total,Mujeres,Argentina,2015,3393,EM
Total,Mujeres,Argentina,2014,4400,EM
Total,Mujeres,Argentina,2013,7181,EM
Total,Mujeres,Argentina,2012,6300,EM
Total,Mujeres,Argentina,2011,7083,EM
Total,Mujeres,Argentina,2010,7491,EM
Total,Mujeres,Argentina,2009,7811,EM
Total,Mujeres,Argentina,2008,6319,EM
Total,Mujeres,Bolivia,2020,1277,EM
Total,Mujeres,Bolivia,2019,1850,EM
Total,Mujeres,Bolivia,2018,2327,EM
Total,Mujeres,Bolivia,2017,2927,EM
Total,Mujeres,Bolivia,2016,2958,EM
Total,Mujeres,Bolivia,2015,4266,EM
Total,Mujeres,Bolivia,2014,6511,EM
Total,Mujeres,Bolivia,2013,11988,EM
Total,Mujeres,Bolivia,2012,10287,EM
Total,Mujeres,Bolivia,2011,9487,EM
Total,Mujeres,Bolivia,2010,10202,EM
Total,Mujeres,Bolivia,2009,10670,EM
Total,Mujeres,Bolivia,2008,9807,EM
Total,Mujeres,Brasil,2020,2398,EM
Total,Mujeres,Brasil,2019,3297,EM
Total,Mujeres,Brasil,2018,3522,EM
Total,Mujeres,Brasil,2017,3689,EM
Total,Mujeres,Brasil,2016,2517,EM
Total,Mujeres,Brasil,2015,3546,EM
Total,Mujeres,Brasil,2014,4914,EM
Total,Mujeres,Brasil,2013,9203,EM
Total,Mujeres,Brasil,2012,8167,EM
Total,Mujeres,Brasil,2011,8817,EM
Total,Mujeres,Brasil,2010,8949,EM
Total,Mujeres,Brasil,2009,9153,EM
Total,Mujeres,Brasil,2008,6965,EM
Total,Mujeres,Colombia,2020,4983,EM
Total,Mujeres,Colombia,2019,5973,EM
Total,Mujeres,Colombia,2018,5295,EM
Total,Mujeres,Colombia,2017,5444,EM
Total,Mujeres,Colombia,2016,4371,EM
Total,Mujeres,Colombia,2015,4911,EM
Total,Mujeres,Colombia,2014,7107,EM
Total,Mujeres,Colombia,2013,10367,EM
Total,Mujeres,Colombia,2012,8301,EM
Total,Mujeres,Colombia,2011,7221,EM
Total,Mujeres,Colombia,2010,6897,EM
Total,Mujeres,Colombia,2009,6140,EM
Total,Mujeres,Colombia,2008,4623,EM
Total,Mujeres,Chile,2020,783,EM
Total,Mujeres,Chile,2019,1231,EM
Total,Mujeres,Chile,2018,1250,EM
Total,Mujeres,Chile,2017,1449,EM
Total,Mujeres,Chile,2016,1410,EM
Total,Mujeres,Chile,2015,1863,EM
Total,Mujeres,Chile,2014,2357,EM
Total,Mujeres,Chile,2013,3609,EM
Total,Mujeres,Chile,2012,2711,EM
Total,Mujeres,Chile,2011,2564,EM
Total,Mujeres,Chile,2010,2418,EM
Total,Mujeres,Chile,2009,2135,EM
Total,Mujeres,Chile,2008,1665,EM
Total,Mujeres,Ecuador,2020,2873,EM
Total,Mujeres,Ecuador,2019,3949,EM
Total,Mujeres,Ecuador,2018,5007,EM
Total,Mujeres,Ecuador,2017,6381,EM
Total,Mujeres,Ecuador,2016,5456,EM
Total,Mujeres,Ecuador,2015,7266,EM
Total,Mujeres,Ecuador,2014,10013,EM
Total,Mujeres,Ecuador,2013,15870,EM
Total,Mujeres,Ecuador,2012,13185,EM
Total,Mujeres,Ecuador,2011,11756,EM
Total,Mujeres,Ecuador,2010,10140,EM
Total,Mujeres,Ecuador,2009,8114,EM
Total,Mujeres,Ecuador,2008,5280,EM
Total,Mujeres,Paraguay,2020,1542,EM
Total,Mujeres,Paraguay,2019,2085,EM
Total,Mujeres,Paraguay,2018,2006,EM
Total,Mujeres,Paraguay,2017,2256,EM
Total,Mujeres,Paraguay,2016,2301,EM
Total,Mujeres,Paraguay,2015,2882,EM
Total,Mujeres,Paraguay,2014,4766,EM
Total,Mujeres,Paraguay,2013,9176,EM
Total,Mujeres,Paraguay,2012,7882,EM
Total,Mujeres,Paraguay,2011,6275,EM
Total,Mujeres,Paraguay,2010,4756,EM
Total,Mujeres,Paraguay,2009,3996,EM
Total,Mujeres,Paraguay,2008,2796,EM
Total,Mujeres,Perú,2020,2088,EM
Total,Mujeres,Perú,2019,2749,EM
Total,Mujeres,Perú,2018,2334,EM
Total,Mujeres,Perú,2017,2480,EM
Total,Mujeres,Perú,2016,2053,EM
Total,Mujeres,Perú,2015,2441,EM
Total,Mujeres,Perú,2014,3630,EM
Total,Mujeres,Perú,2013,5730,EM
Total,Mujeres,Perú,2012,4833,EM
Total,Mujeres,Perú,2011,4147,EM
Total,Mujeres,Perú,2010,3492,EM
Total,Mujeres,Perú,2009,2887,EM
Total,Mujeres,Perú,2008,2074,EM
Total,Mujeres,Uruguay,2020,503,EM
Total,Mujeres,Uruguay,2019,613,EM
Total,Mujeres,Uruguay,2018,636,EM
Total,Mujeres,Uruguay,2017,782,EM
Total,Mujeres,Uruguay,2016,826,EM
Total,Mujeres,Uruguay,2015,1063,EM
Total,Mujeres,Uruguay,2014,1494,EM
Total,Mujeres,Uruguay,2013,2179,EM
Total,Mujeres,Uruguay,2012,1713,EM
Total,Mujeres,Uruguay,2011,1790,EM
Total,Mujeres,Uruguay,2010,2019,EM
Total,Mujeres,Uruguay,2009,2408,EM
Total,Mujeres,Uruguay,2008,1568,EM
Total,Mujeres,Venezuela,2020,2184,EM
Total,Mujeres,Venezuela,2019,2086,EM
Total,Mujeres,Venezuela,2018,1881,EM
Total,Mujeres,Venezuela,2017,2258,EM
Total,Mujeres,Venezuela,2016,1865,EM
Total,Mujeres,Venezuela,2015,2112,EM
Total,Mujeres,Venezuela,2014,2620,EM
Total,Mujeres,Venezuela,2013,4515,EM
Total,Mujeres,Venezuela,2012,3464,EM
Total,Mujeres,Venezuela,2011,3155,EM
Total,Mujeres,Venezuela,2010,2960,EM
Total,Mujeres,Venezuela,2009,2928,EM
Total,Mujeres,Venezuela,2008,2573,EM
Total,Mujeres,Otro país de Sudamérica,2020,0,EM
Total,Mujeres,Otro país de Sudamérica,2019,1,EM
Total,Mujeres,Otro país de Sudamérica,2018,0,EM
Total,Mujeres,Otro país de Sudamérica,2017,0,EM
Total,Mujeres,Otro país de Sudamérica,2016,0,EM
Total,Mujeres,Otro país de Sudamérica,2015,2,EM
Total,Mujeres,Otro país de Sudamérica,2014,1,EM
Total,Mujeres,Otro país de Sudamérica,2013,31,EM
Total,Mujeres,Otro país de Sudamérica,2012,NA,EM
Total,Mujeres,Otro país de Sudamérica,2011,NA,EM
Total,Mujeres,Otro país de Sudamérica,2010,9,EM
Total,Mujeres,Otro país de Sudamérica,2009,1,EM
Total,Mujeres,Otro país de Sudamérica,2008,NA,EM
Total,Mujeres,Asia,2020,5456,EM
Total,Mujeres,Asia,2019,7793,EM
Total,Mujeres,Asia,2018,6294,EM
Total,Mujeres,Asia,2017,7373,EM
Total,Mujeres,Asia,2016,7002,EM
Total,Mujeres,Asia,2015,6838,EM
Total,Mujeres,Asia,2014,8109,EM
Total,Mujeres,Asia,2013,11466,EM
Total,Mujeres,Asia,2012,9532,EM
Total,Mujeres,Asia,2011,9812,EM
Total,Mujeres,Asia,2010,7127,EM
Total,Mujeres,Asia,2009,5923,EM
Total,Mujeres,Asia,2008,4659,EM
Total,Mujeres,Bangladesh,2020,4,EM
Total,Mujeres,Bangladesh,2019,87,EM
Total,Mujeres,Bangladesh,2018,3,EM
Total,Mujeres,Bangladesh,2017,63,EM
Total,Mujeres,Bangladesh,2016,78,EM
Total,Mujeres,Bangladesh,2015,18,EM
Total,Mujeres,Bangladesh,2014,55,EM
Total,Mujeres,Bangladesh,2013,146,EM
Total,Mujeres,Bangladesh,2012,6,EM
Total,Mujeres,Bangladesh,2011,85,EM
Total,Mujeres,Bangladesh,2010,64,EM
Total,Mujeres,Bangladesh,2009,79,EM
Total,Mujeres,Bangladesh,2008,47,EM
Total,Mujeres,China,2020,3024,EM
Total,Mujeres,China,2019,3905,EM
Total,Mujeres,China,2018,3411,EM
Total,Mujeres,China,2017,3668,EM
Total,Mujeres,China,2016,3480,EM
Total,Mujeres,China,2015,3536,EM
Total,Mujeres,China,2014,4446,EM
Total,Mujeres,China,2013,6439,EM
Total,Mujeres,China,2012,5716,EM
Total,Mujeres,China,2011,5488,EM
Total,Mujeres,China,2010,4538,EM
Total,Mujeres,China,2009,3605,EM
Total,Mujeres,China,2008,2561,EM
Total,Mujeres,Filipinas,2020,374,EM
Total,Mujeres,Filipinas,2019,454,EM
Total,Mujeres,Filipinas,2018,479,EM
Total,Mujeres,Filipinas,2017,572,EM
Total,Mujeres,Filipinas,2016,416,EM
Total,Mujeres,Filipinas,2015,509,EM
Total,Mujeres,Filipinas,2014,501,EM
Total,Mujeres,Filipinas,2013,932,EM
Total,Mujeres,Filipinas,2012,749,EM
Total,Mujeres,Filipinas,2011,821,EM
Total,Mujeres,Filipinas,2010,657,EM
Total,Mujeres,Filipinas,2009,335,EM
Total,Mujeres,Filipinas,2008,314,EM
Total,Mujeres,India,2020,365,EM
Total,Mujeres,India,2019,548,EM
Total,Mujeres,India,2018,337,EM
Total,Mujeres,India,2017,499,EM
Total,Mujeres,India,2016,312,EM
Total,Mujeres,India,2015,359,EM
Total,Mujeres,India,2014,250,EM
Total,Mujeres,India,2013,642,EM
Total,Mujeres,India,2012,692,EM
Total,Mujeres,India,2011,591,EM
Total,Mujeres,India,2010,385,EM
Total,Mujeres,India,2009,340,EM
Total,Mujeres,India,2008,331,EM
Total,Mujeres,Pakistán,2020,164,EM
Total,Mujeres,Pakistán,2019,758,EM
Total,Mujeres,Pakistán,2018,566,EM
Total,Mujeres,Pakistán,2017,663,EM
Total,Mujeres,Pakistán,2016,638,EM
Total,Mujeres,Pakistán,2015,367,EM
Total,Mujeres,Pakistán,2014,900,EM
Total,Mujeres,Pakistán,2013,1062,EM
Total,Mujeres,Pakistán,2012,1013,EM
Total,Mujeres,Pakistán,2011,1129,EM
Total,Mujeres,Pakistán,2010,390,EM
Total,Mujeres,Pakistán,2009,431,EM
Total,Mujeres,Pakistán,2008,336,EM
Total,Mujeres,Otro país de Asia,2020,1525,EM
Total,Mujeres,Otro país de Asia,2019,2041,EM
Total,Mujeres,Otro país de Asia,2018,1498,EM
Total,Mujeres,Otro país de Asia,2017,1908,EM
Total,Mujeres,Otro país de Asia,2016,2079,EM
Total,Mujeres,Otro país de Asia,2015,2050,EM
Total,Mujeres,Otro país de Asia,2014,1958,EM
Total,Mujeres,Otro país de Asia,2013,2244,EM
Total,Mujeres,Otro país de Asia,2012,1356,EM
Total,Mujeres,Otro país de Asia,2011,1698,EM
Total,Mujeres,Otro país de Asia,2010,1092,EM
Total,Mujeres,Otro país de Asia,2009,1133,EM
Total,Mujeres,Otro país de Asia,2008,1070,EM
Total,Mujeres,Oceanía,2020,474,EM
Total,Mujeres,Oceanía,2019,654,EM
Total,Mujeres,Oceanía,2018,497,EM
Total,Mujeres,Oceanía,2017,556,EM
Total,Mujeres,Oceanía,2016,706,EM
Total,Mujeres,Oceanía,2015,538,EM
Total,Mujeres,Oceanía,2014,595,EM
Total,Mujeres,Oceanía,2013,677,EM
Total,Mujeres,Oceanía,2012,427,EM
Total,Mujeres,Oceanía,2011,417,EM
Total,Mujeres,Oceanía,2010,396,EM
Total,Mujeres,Oceanía,2009,387,EM
Total,Mujeres,Oceanía,2008,335,EM
Española,Mujeres,Total,2020,30930,EM
Española,Mujeres,Total,2019,35986,EM
Española,Mujeres,Total,2018,37131,EM
Española,Mujeres,Total,2017,41299,EM
Española,Mujeres,Total,2016,43156,EM
Española,Mujeres,Total,2015,45362,EM
Española,Mujeres,Total,2014,38590,EM
Española,Mujeres,Total,2013,34735,EM
Española,Mujeres,Total,2012,27359,EM
Española,Mujeres,Total,2011,26834,EM
Española,Mujeres,Total,2010,19287,EM
Española,Mujeres,Total,2009,17589,EM
Española,Mujeres,Total,2008,16491,EM
Española,Mujeres,UE27_2020 sin España,2020,10137,EM
Española,Mujeres,UE27_2020 sin España,2019,NA,EM
Española,Mujeres,UE27_2020 sin España,2018,NA,EM
Española,Mujeres,UE27_2020 sin España,2017,NA,EM
Española,Mujeres,UE27_2020 sin España,2016,NA,EM
Española,Mujeres,UE27_2020 sin España,2015,NA,EM
Española,Mujeres,UE27_2020 sin España,2014,NA,EM
Española,Mujeres,UE27_2020 sin España,2013,NA,EM
Española,Mujeres,UE27_2020 sin España,2012,NA,EM
Española,Mujeres,UE27_2020 sin España,2011,NA,EM
Española,Mujeres,UE27_2020 sin España,2010,NA,EM
Española,Mujeres,UE27_2020 sin España,2009,NA,EM
Española,Mujeres,UE27_2020 sin España,2008,NA,EM
Española,Mujeres,UE28 sin España,2020,NA,EM
Española,Mujeres,UE28 sin España,2019,20034,EM
Española,Mujeres,UE28 sin España,2018,19047,EM
Española,Mujeres,UE28 sin España,2017,20925,EM
Española,Mujeres,UE28 sin España,2016,20188,EM
Española,Mujeres,UE28 sin España,2015,19809,EM
Española,Mujeres,UE28 sin España,2014,17126,EM
Española,Mujeres,UE28 sin España,2013,14383,EM
Española,Mujeres,UE28 sin España,2012,11600,EM
Española,Mujeres,UE28 sin España,2011,12189,EM
Española,Mujeres,UE28 sin España,2010,8641,EM
Española,Mujeres,UE28 sin España,2009,7810,EM
Española,Mujeres,UE28 sin España,2008,7861,EM
Española,Mujeres,Bélgica,2020,904,EM
Española,Mujeres,Bélgica,2019,898,EM
Española,Mujeres,Bélgica,2018,954,EM
Española,Mujeres,Bélgica,2017,928,EM
Española,Mujeres,Bélgica,2016,1052,EM
Española,Mujeres,Bélgica,2015,1360,EM
Española,Mujeres,Bélgica,2014,1230,EM
Española,Mujeres,Bélgica,2013,1122,EM
Española,Mujeres,Bélgica,2012,1118,EM
Española,Mujeres,Bélgica,2011,1044,EM
Española,Mujeres,Bélgica,2010,777,EM
Española,Mujeres,Bélgica,2009,669,EM
Española,Mujeres,Bélgica,2008,507,EM
Española,Mujeres,Bulgaria,2020,15,EM
Española,Mujeres,Bulgaria,2019,17,EM
Española,Mujeres,Bulgaria,2018,14,EM
Española,Mujeres,Bulgaria,2017,8,EM
Española,Mujeres,Bulgaria,2016,18,EM
Española,Mujeres,Bulgaria,2015,14,EM
Española,Mujeres,Bulgaria,2014,12,EM
Española,Mujeres,Bulgaria,2013,8,EM
Española,Mujeres,Bulgaria,2012,15,EM
Española,Mujeres,Bulgaria,2011,10,EM
Española,Mujeres,Bulgaria,2010,8,EM
Española,Mujeres,Bulgaria,2009,33,EM
Española,Mujeres,Bulgaria,2008,17,EM
Española,Mujeres,Dinamarca,2020,156,EM
Española,Mujeres,Dinamarca,2019,245,EM
Española,Mujeres,Dinamarca,2018,157,EM
Española,Mujeres,Dinamarca,2017,156,EM
Española,Mujeres,Dinamarca,2016,189,EM
Española,Mujeres,Dinamarca,2015,271,EM
Española,Mujeres,Dinamarca,2014,123,EM
Española,Mujeres,Dinamarca,2013,105,EM
Española,Mujeres,Dinamarca,2012,78,EM
Española,Mujeres,Dinamarca,2011,78,EM
Española,Mujeres,Dinamarca,2010,79,EM
Española,Mujeres,Dinamarca,2009,78,EM
Española,Mujeres,Dinamarca,2008,66,EM
Española,Mujeres,Finlandia,2020,54,EM
Española,Mujeres,Finlandia,2019,74,EM
Española,Mujeres,Finlandia,2018,59,EM
Española,Mujeres,Finlandia,2017,51,EM
Española,Mujeres,Finlandia,2016,55,EM
Española,Mujeres,Finlandia,2015,101,EM
Española,Mujeres,Finlandia,2014,84,EM
Española,Mujeres,Finlandia,2013,106,EM
Española,Mujeres,Finlandia,2012,35,EM
Española,Mujeres,Finlandia,2011,56,EM
Española,Mujeres,Finlandia,2010,32,EM
Española,Mujeres,Finlandia,2009,28,EM
Española,Mujeres,Finlandia,2008,38,EM
Española,Mujeres,Francia,2020,3761,EM
Española,Mujeres,Francia,2019,4004,EM
Española,Mujeres,Francia,2018,4123,EM
Española,Mujeres,Francia,2017,4693,EM
Española,Mujeres,Francia,2016,4501,EM
Española,Mujeres,Francia,2015,4567,EM
Española,Mujeres,Francia,2014,3964,EM
Española,Mujeres,Francia,2013,3529,EM
Española,Mujeres,Francia,2012,2760,EM
Española,Mujeres,Francia,2011,2525,EM
Española,Mujeres,Francia,2010,1996,EM
Española,Mujeres,Francia,2009,1618,EM
Española,Mujeres,Francia,2008,1735,EM
Española,Mujeres,Irlanda,2020,495,EM
Española,Mujeres,Irlanda,2019,577,EM
Española,Mujeres,Irlanda,2018,456,EM
Española,Mujeres,Irlanda,2017,418,EM
Española,Mujeres,Irlanda,2016,447,EM
Española,Mujeres,Irlanda,2015,526,EM
Española,Mujeres,Irlanda,2014,377,EM
Española,Mujeres,Irlanda,2013,313,EM
Española,Mujeres,Irlanda,2012,249,EM
Española,Mujeres,Irlanda,2011,301,EM
Española,Mujeres,Irlanda,2010,241,EM
Española,Mujeres,Irlanda,2009,257,EM
Española,Mujeres,Irlanda,2008,273,EM
Española,Mujeres,Italia,2020,526,EM
Española,Mujeres,Italia,2019,542,EM
Española,Mujeres,Italia,2018,566,EM
Española,Mujeres,Italia,2017,539,EM
Española,Mujeres,Italia,2016,724,EM
Española,Mujeres,Italia,2015,643,EM
Española,Mujeres,Italia,2014,595,EM
Española,Mujeres,Italia,2013,580,EM
Española,Mujeres,Italia,2012,544,EM
Española,Mujeres,Italia,2011,637,EM
Española,Mujeres,Italia,2010,529,EM
Española,Mujeres,Italia,2009,744,EM
Española,Mujeres,Italia,2008,557,EM
Española,Mujeres,Países Bajos,2020,588,EM
Española,Mujeres,Países Bajos,2019,750,EM
Española,Mujeres,Países Bajos,2018,650,EM
Española,Mujeres,Países Bajos,2017,593,EM
Española,Mujeres,Países Bajos,2016,696,EM
Española,Mujeres,Países Bajos,2015,740,EM
Española,Mujeres,Países Bajos,2014,712,EM
Española,Mujeres,Países Bajos,2013,532,EM
Española,Mujeres,Países Bajos,2012,431,EM
Española,Mujeres,Países Bajos,2011,550,EM
Española,Mujeres,Países Bajos,2010,346,EM
Española,Mujeres,Países Bajos,2009,328,EM
Española,Mujeres,Países Bajos,2008,450,EM
Española,Mujeres,Polonia,2020,61,EM
Española,Mujeres,Polonia,2019,59,EM
Española,Mujeres,Polonia,2018,52,EM
Española,Mujeres,Polonia,2017,52,EM
Española,Mujeres,Polonia,2016,59,EM
Española,Mujeres,Polonia,2015,39,EM
Española,Mujeres,Polonia,2014,36,EM
Española,Mujeres,Polonia,2013,55,EM
Española,Mujeres,Polonia,2012,29,EM
Española,Mujeres,Polonia,2011,33,EM
Española,Mujeres,Polonia,2010,25,EM
Española,Mujeres,Polonia,2009,27,EM
Española,Mujeres,Polonia,2008,28,EM
Española,Mujeres,Portugal,2020,315,EM
Española,Mujeres,Portugal,2019,343,EM
Española,Mujeres,Portugal,2018,289,EM
Española,Mujeres,Portugal,2017,258,EM
Española,Mujeres,Portugal,2016,297,EM
Española,Mujeres,Portugal,2015,269,EM
Española,Mujeres,Portugal,2014,266,EM
Española,Mujeres,Portugal,2013,221,EM
Española,Mujeres,Portugal,2012,289,EM
Española,Mujeres,Portugal,2011,364,EM
Española,Mujeres,Portugal,2010,269,EM
Española,Mujeres,Portugal,2009,237,EM
Española,Mujeres,Portugal,2008,248,EM
Española,Mujeres,Alemania,2020,2497,EM
Española,Mujeres,Alemania,2019,2923,EM
Española,Mujeres,Alemania,2018,2789,EM
Española,Mujeres,Alemania,2017,3155,EM
Española,Mujeres,Alemania,2016,4216,EM
Española,Mujeres,Alemania,2015,4346,EM
Española,Mujeres,Alemania,2014,3826,EM
Española,Mujeres,Alemania,2013,3124,EM
Española,Mujeres,Alemania,2012,2115,EM
Española,Mujeres,Alemania,2011,2123,EM
Española,Mujeres,Alemania,2010,1373,EM
Española,Mujeres,Alemania,2009,1178,EM
Española,Mujeres,Alemania,2008,1258,EM
Española,Mujeres,Rumanía,2020,28,EM
Española,Mujeres,Rumanía,2019,31,EM
Española,Mujeres,Rumanía,2018,20,EM
Española,Mujeres,Rumanía,2017,19,EM
Española,Mujeres,Rumanía,2016,18,EM
Española,Mujeres,Rumanía,2015,32,EM
Española,Mujeres,Rumanía,2014,17,EM
Española,Mujeres,Rumanía,2013,24,EM
Española,Mujeres,Rumanía,2012,16,EM
Española,Mujeres,Rumanía,2011,26,EM
Española,Mujeres,Rumanía,2010,23,EM
Española,Mujeres,Rumanía,2009,34,EM
Española,Mujeres,Rumanía,2008,53,EM
Española,Mujeres,Suecia,2020,211,EM
Española,Mujeres,Suecia,2019,330,EM
Española,Mujeres,Suecia,2018,252,EM
Española,Mujeres,Suecia,2017,253,EM
Española,Mujeres,Suecia,2016,340,EM
Española,Mujeres,Suecia,2015,312,EM
Española,Mujeres,Suecia,2014,247,EM
Española,Mujeres,Suecia,2013,247,EM
Española,Mujeres,Suecia,2012,135,EM
Española,Mujeres,Suecia,2011,208,EM
Española,Mujeres,Suecia,2010,142,EM
Española,Mujeres,Suecia,2009,97,EM
Española,Mujeres,Suecia,2008,126,EM
Española,Mujeres,Lituania,2020,5,EM
Española,Mujeres,Lituania,2019,2,EM
Española,Mujeres,Lituania,2018,3,EM
Española,Mujeres,Lituania,2017,3,EM
Española,Mujeres,Lituania,2016,8,EM
Española,Mujeres,Lituania,2015,9,EM
Española,Mujeres,Lituania,2014,12,EM
Española,Mujeres,Lituania,2013,11,EM
Española,Mujeres,Lituania,2012,8,EM
Española,Mujeres,Lituania,2011,1,EM
Española,Mujeres,Lituania,2010,9,EM
Española,Mujeres,Lituania,2009,4,EM
Española,Mujeres,Lituania,2008,5,EM
Española,Mujeres,Otro país de la Unión Europea sin España,2020,521,EM
Española,Mujeres,Otro país de la Unión Europea sin España,2019,566,EM
Española,Mujeres,Otro país de la Unión Europea sin España,2018,416,EM
Española,Mujeres,Otro país de la Unión Europea sin España,2017,547,EM
Española,Mujeres,Otro país de la Unión Europea sin España,2016,590,EM
Española,Mujeres,Otro país de la Unión Europea sin España,2015,544,EM
Española,Mujeres,Otro país de la Unión Europea sin España,2014,534,EM
Española,Mujeres,Otro país de la Unión Europea sin España,2013,461,EM
Española,Mujeres,Otro país de la Unión Europea sin España,2012,396,EM
Española,Mujeres,Otro país de la Unión Europea sin España,2011,398,EM
Española,Mujeres,Otro país de la Unión Europea sin España,2010,207,EM
Española,Mujeres,Otro país de la Unión Europea sin España,2009,241,EM
Española,Mujeres,Otro país de la Unión Europea sin España,2008,285,EM
Española,Mujeres,Europa menos UE27_2020,2020,9042,EM
Española,Mujeres,Europa menos UE27_2020,2019,NA,EM
Española,Mujeres,Europa menos UE27_2020,2018,NA,EM
Española,Mujeres,Europa menos UE27_2020,2017,NA,EM
Española,Mujeres,Europa menos UE27_2020,2016,NA,EM
Española,Mujeres,Europa menos UE27_2020,2015,NA,EM
Española,Mujeres,Europa menos UE27_2020,2014,NA,EM
Española,Mujeres,Europa menos UE27_2020,2013,NA,EM
Española,Mujeres,Europa menos UE27_2020,2012,NA,EM
Española,Mujeres,Europa menos UE27_2020,2011,NA,EM
Española,Mujeres,Europa menos UE27_2020,2010,NA,EM
Española,Mujeres,Europa menos UE27_2020,2009,NA,EM
Española,Mujeres,Europa menos UE27_2020,2008,NA,EM
Española,Mujeres,Reino Unido,2020,7022,EM
Española,Mujeres,Reino Unido,2019,8673,EM
Española,Mujeres,Reino Unido,2018,8247,EM
Española,Mujeres,Reino Unido,2017,9252,EM
Española,Mujeres,Reino Unido,2016,6977,EM
Española,Mujeres,Reino Unido,2015,6034,EM
Española,Mujeres,Reino Unido,2014,5091,EM
Española,Mujeres,Reino Unido,2013,3945,EM
Española,Mujeres,Reino Unido,2012,3382,EM
Española,Mujeres,Reino Unido,2011,3837,EM
Española,Mujeres,Reino Unido,2010,2586,EM
Española,Mujeres,Reino Unido,2009,2235,EM
Española,Mujeres,Reino Unido,2008,2216,EM
Española,Mujeres,País de Europa menos UE28,2020,NA,EM
Española,Mujeres,País de Europa menos UE28,2019,2095,EM
Española,Mujeres,País de Europa menos UE28,2018,2142,EM
Española,Mujeres,País de Europa menos UE28,2017,2405,EM
Española,Mujeres,País de Europa menos UE28,2016,2906,EM
Española,Mujeres,País de Europa menos UE28,2015,2999,EM
Española,Mujeres,País de Europa menos UE28,2014,2239,EM
Española,Mujeres,País de Europa menos UE28,2013,2170,EM
Española,Mujeres,País de Europa menos UE28,2012,1857,EM
Española,Mujeres,País de Europa menos UE28,2011,1951,EM
Española,Mujeres,País de Europa menos UE28,2010,1490,EM
Española,Mujeres,País de Europa menos UE28,2009,1031,EM
Española,Mujeres,País de Europa menos UE28,2008,1158,EM
Española,Mujeres,Noruega,2020,191,EM
Española,Mujeres,Noruega,2019,215,EM
Española,Mujeres,Noruega,2018,187,EM
Española,Mujeres,Noruega,2017,225,EM
Española,Mujeres,Noruega,2016,293,EM
Española,Mujeres,Noruega,2015,250,EM
Española,Mujeres,Noruega,2014,226,EM
Española,Mujeres,Noruega,2013,191,EM
Española,Mujeres,Noruega,2012,137,EM
Española,Mujeres,Noruega,2011,122,EM
Española,Mujeres,Noruega,2010,83,EM
Española,Mujeres,Noruega,2009,71,EM
Española,Mujeres,Noruega,2008,74,EM
Española,Mujeres,Suiza,2020,1399,EM
Española,Mujeres,Suiza,2019,1411,EM
Española,Mujeres,Suiza,2018,1501,EM
Española,Mujeres,Suiza,2017,1737,EM
Española,Mujeres,Suiza,2016,2049,EM
Española,Mujeres,Suiza,2015,2213,EM
Española,Mujeres,Suiza,2014,1572,EM
Española,Mujeres,Suiza,2013,1503,EM
Española,Mujeres,Suiza,2012,1317,EM
Española,Mujeres,Suiza,2011,1345,EM
Española,Mujeres,Suiza,2010,965,EM
Española,Mujeres,Suiza,2009,606,EM
Española,Mujeres,Suiza,2008,684,EM
Española,Mujeres,Ucrania,2020,10,EM
Española,Mujeres,Ucrania,2019,2,EM
Española,Mujeres,Ucrania,2018,6,EM
Española,Mujeres,Ucrania,2017,7,EM
Española,Mujeres,Ucrania,2016,5,EM
Española,Mujeres,Ucrania,2015,10,EM
Española,Mujeres,Ucrania,2014,NA,EM
Española,Mujeres,Ucrania,2013,8,EM
Española,Mujeres,Ucrania,2012,5,EM
Española,Mujeres,Ucrania,2011,20,EM
Española,Mujeres,Ucrania,2010,8,EM
Española,Mujeres,Ucrania,2009,6,EM
Española,Mujeres,Ucrania,2008,10,EM
Española,Mujeres,Moldavia,2020,0,EM
Española,Mujeres,Moldavia,2019,0,EM
Española,Mujeres,Moldavia,2018,0,EM
Española,Mujeres,Moldavia,2017,0,EM
Española,Mujeres,Moldavia,2016,0,EM
Española,Mujeres,Moldavia,2015,NA,EM
Española,Mujeres,Moldavia,2014,NA,EM
Española,Mujeres,Moldavia,2013,2,EM
Española,Mujeres,Moldavia,2012,2,EM
Española,Mujeres,Moldavia,2011,NA,EM
Española,Mujeres,Moldavia,2010,NA,EM
Española,Mujeres,Moldavia,2009,NA,EM
Española,Mujeres,Moldavia,2008,NA,EM
Española,Mujeres,Rusia,2020,37,EM
Española,Mujeres,Rusia,2019,39,EM
Española,Mujeres,Rusia,2018,31,EM
Española,Mujeres,Rusia,2017,43,EM
Española,Mujeres,Rusia,2016,49,EM
Española,Mujeres,Rusia,2015,50,EM
Española,Mujeres,Rusia,2014,43,EM
Española,Mujeres,Rusia,2013,37,EM
Española,Mujeres,Rusia,2012,47,EM
Española,Mujeres,Rusia,2011,23,EM
Española,Mujeres,Rusia,2010,24,EM
Española,Mujeres,Rusia,2009,23,EM
Española,Mujeres,Rusia,2008,44,EM
Española,Mujeres,Otro país del resto de Europa,2020,383,EM
Española,Mujeres,Otro país del resto de Europa,2019,428,EM
Española,Mujeres,Otro país del resto de Europa,2018,417,EM
Española,Mujeres,Otro país del resto de Europa,2017,393,EM
Española,Mujeres,Otro país del resto de Europa,2016,509,EM
Española,Mujeres,Otro país del resto de Europa,2015,476,EM
Española,Mujeres,Otro país del resto de Europa,2014,398,EM
Española,Mujeres,Otro país del resto de Europa,2013,429,EM
Española,Mujeres,Otro país del resto de Europa,2012,349,EM
Española,Mujeres,Otro país del resto de Europa,2011,441,EM
Española,Mujeres,Otro país del resto de Europa,2010,410,EM
Española,Mujeres,Otro país del resto de Europa,2009,324,EM
Española,Mujeres,Otro país del resto de Europa,2008,346,EM
Española,Mujeres,África,2020,587,EM
Española,Mujeres,África,2019,663,EM
Española,Mujeres,África,2018,844,EM
Española,Mujeres,África,2017,760,EM
Española,Mujeres,África,2016,695,EM
Española,Mujeres,África,2015,737,EM
Española,Mujeres,África,2014,700,EM
Española,Mujeres,África,2013,696,EM
Española,Mujeres,África,2012,633,EM
Española,Mujeres,África,2011,846,EM
Española,Mujeres,África,2010,676,EM
Española,Mujeres,África,2009,724,EM
Española,Mujeres,África,2008,678,EM
Española,Mujeres,Argelia,2020,19,EM
Española,Mujeres,Argelia,2019,19,EM
Española,Mujeres,Argelia,2018,35,EM
Española,Mujeres,Argelia,2017,24,EM
Española,Mujeres,Argelia,2016,31,EM
Española,Mujeres,Argelia,2015,21,EM
Española,Mujeres,Argelia,2014,22,EM
Española,Mujeres,Argelia,2013,21,EM
Española,Mujeres,Argelia,2012,31,EM
Española,Mujeres,Argelia,2011,21,EM
Española,Mujeres,Argelia,2010,13,EM
Española,Mujeres,Argelia,2009,28,EM
Española,Mujeres,Argelia,2008,19,EM
Española,Mujeres,Gambia,2020,2,EM
Española,Mujeres,Gambia,2019,5,EM
Española,Mujeres,Gambia,2018,2,EM
Española,Mujeres,Gambia,2017,2,EM
Española,Mujeres,Gambia,2016,4,EM
Española,Mujeres,Gambia,2015,4,EM
Española,Mujeres,Gambia,2014,4,EM
Española,Mujeres,Gambia,2013,17,EM
Española,Mujeres,Gambia,2012,5,EM
Española,Mujeres,Gambia,2011,7,EM
Española,Mujeres,Gambia,2010,10,EM
Española,Mujeres,Gambia,2009,1,EM
Española,Mujeres,Gambia,2008,1,EM
Española,Mujeres,Ghana,2020,13,EM
Española,Mujeres,Ghana,2019,3,EM
Española,Mujeres,Ghana,2018,5,EM
Española,Mujeres,Ghana,2017,7,EM
Española,Mujeres,Ghana,2016,13,EM
Española,Mujeres,Ghana,2015,8,EM
Española,Mujeres,Ghana,2014,4,EM
Española,Mujeres,Ghana,2013,9,EM
Española,Mujeres,Ghana,2012,3,EM
Española,Mujeres,Ghana,2011,17,EM
Española,Mujeres,Ghana,2010,3,EM
Española,Mujeres,Ghana,2009,5,EM
Española,Mujeres,Ghana,2008,6,EM
Española,Mujeres,Guinea,2020,0,EM
Española,Mujeres,Guinea,2019,1,EM
Española,Mujeres,Guinea,2018,2,EM
Española,Mujeres,Guinea,2017,1,EM
Española,Mujeres,Guinea,2016,0,EM
Española,Mujeres,Guinea,2015,2,EM
Española,Mujeres,Guinea,2014,1,EM
Española,Mujeres,Guinea,2013,NA,EM
Española,Mujeres,Guinea,2012,NA,EM
Española,Mujeres,Guinea,2011,2,EM
Española,Mujeres,Guinea,2010,1,EM
Española,Mujeres,Guinea,2009,NA,EM
Española,Mujeres,Guinea,2008,2,EM
Española,Mujeres,Guinea Ecuatorial,2020,105,EM
Española,Mujeres,Guinea Ecuatorial,2019,121,EM
Española,Mujeres,Guinea Ecuatorial,2018,182,EM
Española,Mujeres,Guinea Ecuatorial,2017,177,EM
Española,Mujeres,Guinea Ecuatorial,2016,111,EM
Española,Mujeres,Guinea Ecuatorial,2015,76,EM
Española,Mujeres,Guinea Ecuatorial,2014,95,EM
Española,Mujeres,Guinea Ecuatorial,2013,123,EM
Española,Mujeres,Guinea Ecuatorial,2012,69,EM
Española,Mujeres,Guinea Ecuatorial,2011,123,EM
Española,Mujeres,Guinea Ecuatorial,2010,101,EM
Española,Mujeres,Guinea Ecuatorial,2009,108,EM
Española,Mujeres,Guinea Ecuatorial,2008,72,EM
Española,Mujeres,Mali,2020,5,EM
Española,Mujeres,Mali,2019,5,EM
Española,Mujeres,Mali,2018,8,EM
Española,Mujeres,Mali,2017,3,EM
Española,Mujeres,Mali,2016,11,EM
Española,Mujeres,Mali,2015,4,EM
Española,Mujeres,Mali,2014,3,EM
Española,Mujeres,Mali,2013,NA,EM
Española,Mujeres,Mali,2012,3,EM
Española,Mujeres,Mali,2011,9,EM
Española,Mujeres,Mali,2010,4,EM
Española,Mujeres,Mali,2009,1,EM
Española,Mujeres,Mali,2008,NA,EM
Española,Mujeres,Marruecos,2020,262,EM
Española,Mujeres,Marruecos,2019,256,EM
Española,Mujeres,Marruecos,2018,391,EM
Española,Mujeres,Marruecos,2017,343,EM
Española,Mujeres,Marruecos,2016,327,EM
Española,Mujeres,Marruecos,2015,336,EM
Española,Mujeres,Marruecos,2014,349,EM
Española,Mujeres,Marruecos,2013,325,EM
Española,Mujeres,Marruecos,2012,282,EM
Española,Mujeres,Marruecos,2011,358,EM
Española,Mujeres,Marruecos,2010,286,EM
Española,Mujeres,Marruecos,2009,298,EM
Española,Mujeres,Marruecos,2008,265,EM
Española,Mujeres,Mauritania,2020,7,EM
Española,Mujeres,Mauritania,2019,10,EM
Española,Mujeres,Mauritania,2018,2,EM
Española,Mujeres,Mauritania,2017,11,EM
Española,Mujeres,Mauritania,2016,7,EM
Española,Mujeres,Mauritania,2015,18,EM
Española,Mujeres,Mauritania,2014,7,EM
Española,Mujeres,Mauritania,2013,5,EM
Española,Mujeres,Mauritania,2012,16,EM
Española,Mujeres,Mauritania,2011,11,EM
Española,Mujeres,Mauritania,2010,7,EM
Española,Mujeres,Mauritania,2009,12,EM
Española,Mujeres,Mauritania,2008,10,EM
Española,Mujeres,Nigeria,2020,5,EM
Española,Mujeres,Nigeria,2019,7,EM
Española,Mujeres,Nigeria,2018,10,EM
Española,Mujeres,Nigeria,2017,9,EM
Española,Mujeres,Nigeria,2016,8,EM
Española,Mujeres,Nigeria,2015,12,EM
Española,Mujeres,Nigeria,2014,7,EM
Española,Mujeres,Nigeria,2013,5,EM
Española,Mujeres,Nigeria,2012,10,EM
Española,Mujeres,Nigeria,2011,8,EM
Española,Mujeres,Nigeria,2010,9,EM
Española,Mujeres,Nigeria,2009,17,EM
Española,Mujeres,Nigeria,2008,6,EM
Española,Mujeres,Senegal,2020,34,EM
Española,Mujeres,Senegal,2019,46,EM
Española,Mujeres,Senegal,2018,24,EM
Española,Mujeres,Senegal,2017,31,EM
Española,Mujeres,Senegal,2016,21,EM
Española,Mujeres,Senegal,2015,23,EM
Española,Mujeres,Senegal,2014,13,EM
Española,Mujeres,Senegal,2013,21,EM
Española,Mujeres,Senegal,2012,22,EM
Española,Mujeres,Senegal,2011,30,EM
Española,Mujeres,Senegal,2010,30,EM
Española,Mujeres,Senegal,2009,29,EM
Española,Mujeres,Senegal,2008,46,EM
Española,Mujeres,Otro país de África,2020,135,EM
Española,Mujeres,Otro país de África,2019,190,EM
Española,Mujeres,Otro país de África,2018,183,EM
Española,Mujeres,Otro país de África,2017,152,EM
Española,Mujeres,Otro país de África,2016,162,EM
Española,Mujeres,Otro país de África,2015,234,EM
Española,Mujeres,Otro país de África,2014,194,EM
Española,Mujeres,Otro país de África,2013,169,EM
Española,Mujeres,Otro país de África,2012,192,EM
Española,Mujeres,Otro país de África,2011,259,EM
Española,Mujeres,Otro país de África,2010,211,EM
Española,Mujeres,Otro país de África,2009,224,EM
Española,Mujeres,Otro país de África,2008,249,EM
Española,Mujeres,América del Norte,2020,3504,EM
Española,Mujeres,América del Norte,2019,3934,EM
Española,Mujeres,América del Norte,2018,4526,EM
Española,Mujeres,América del Norte,2017,5123,EM
Española,Mujeres,América del Norte,2016,5917,EM
Española,Mujeres,América del Norte,2015,5993,EM
Española,Mujeres,América del Norte,2014,3791,EM
Española,Mujeres,América del Norte,2013,3162,EM
Española,Mujeres,América del Norte,2012,2647,EM
Española,Mujeres,América del Norte,2011,2946,EM
Española,Mujeres,América del Norte,2010,2149,EM
Española,Mujeres,América del Norte,2009,2327,EM
Española,Mujeres,América del Norte,2008,2228,EM
Española,Mujeres,Estados Unidos de América,2020,2811,EM
Española,Mujeres,Estados Unidos de América,2019,3049,EM
Española,Mujeres,Estados Unidos de América,2018,3496,EM
Española,Mujeres,Estados Unidos de América,2017,4021,EM
Española,Mujeres,Estados Unidos de América,2016,4373,EM
Española,Mujeres,Estados Unidos de América,2015,4447,EM
Española,Mujeres,Estados Unidos de América,2014,3227,EM
Española,Mujeres,Estados Unidos de América,2013,2663,EM
Española,Mujeres,Estados Unidos de América,2012,2073,EM
Española,Mujeres,Estados Unidos de América,2011,2308,EM
Española,Mujeres,Estados Unidos de América,2010,1721,EM
Española,Mujeres,Estados Unidos de América,2009,1775,EM
Española,Mujeres,Estados Unidos de América,2008,1813,EM
Española,Mujeres,México,2020,510,EM
Española,Mujeres,México,2019,630,EM
Española,Mujeres,México,2018,775,EM
Española,Mujeres,México,2017,848,EM
Española,Mujeres,México,2016,1252,EM
Española,Mujeres,México,2015,1279,EM
Española,Mujeres,México,2014,325,EM
Española,Mujeres,México,2013,227,EM
Española,Mujeres,México,2012,318,EM
Española,Mujeres,México,2011,379,EM
Española,Mujeres,México,2010,287,EM
Española,Mujeres,México,2009,374,EM
Española,Mujeres,México,2008,326,EM
Española,Mujeres,Canadá,2020,183,EM
Española,Mujeres,Canadá,2019,255,EM
Española,Mujeres,Canadá,2018,255,EM
Española,Mujeres,Canadá,2017,254,EM
Española,Mujeres,Canadá,2016,291,EM
Española,Mujeres,Canadá,2015,267,EM
Española,Mujeres,Canadá,2014,240,EM
Española,Mujeres,Canadá,2013,272,EM
Española,Mujeres,Canadá,2012,257,EM
Española,Mujeres,Canadá,2011,259,EM
Española,Mujeres,Canadá,2010,142,EM
Española,Mujeres,Canadá,2009,177,EM
Española,Mujeres,Canadá,2008,89,EM
Española,Mujeres,Centro América y Caribe,2020,1263,EM
Española,Mujeres,Centro América y Caribe,2019,1387,EM
Española,Mujeres,Centro América y Caribe,2018,1506,EM
Española,Mujeres,Centro América y Caribe,2017,1474,EM
Española,Mujeres,Centro América y Caribe,2016,1566,EM
Española,Mujeres,Centro América y Caribe,2015,1626,EM
Española,Mujeres,Centro América y Caribe,2014,1089,EM
Española,Mujeres,Centro América y Caribe,2013,1002,EM
Española,Mujeres,Centro América y Caribe,2012,800,EM
Española,Mujeres,Centro América y Caribe,2011,861,EM
Española,Mujeres,Centro América y Caribe,2010,714,EM
Española,Mujeres,Centro América y Caribe,2009,631,EM
Española,Mujeres,Centro América y Caribe,2008,663,EM
Española,Mujeres,Cuba,2020,297,EM
Española,Mujeres,Cuba,2019,386,EM
Española,Mujeres,Cuba,2018,374,EM
Española,Mujeres,Cuba,2017,307,EM
Española,Mujeres,Cuba,2016,313,EM
Española,Mujeres,Cuba,2015,338,EM
Española,Mujeres,Cuba,2014,322,EM
Española,Mujeres,Cuba,2013,251,EM
Española,Mujeres,Cuba,2012,168,EM
Española,Mujeres,Cuba,2011,196,EM
Española,Mujeres,Cuba,2010,230,EM
Española,Mujeres,Cuba,2009,145,EM
Española,Mujeres,Cuba,2008,206,EM
Española,Mujeres,Honduras,2020,23,EM
Española,Mujeres,Honduras,2019,38,EM
Española,Mujeres,Honduras,2018,38,EM
Española,Mujeres,Honduras,2017,27,EM
Española,Mujeres,Honduras,2016,35,EM
Española,Mujeres,Honduras,2015,47,EM
Española,Mujeres,Honduras,2014,40,EM
Española,Mujeres,Honduras,2013,27,EM
Española,Mujeres,Honduras,2012,19,EM
Española,Mujeres,Honduras,2011,39,EM
Española,Mujeres,Honduras,2010,4,EM
Española,Mujeres,Honduras,2009,9,EM
Española,Mujeres,Honduras,2008,30,EM
Española,Mujeres,Nicaragua,2020,26,EM
Española,Mujeres,Nicaragua,2019,44,EM
Española,Mujeres,Nicaragua,2018,30,EM
Española,Mujeres,Nicaragua,2017,29,EM
Española,Mujeres,Nicaragua,2016,40,EM
Española,Mujeres,Nicaragua,2015,46,EM
Española,Mujeres,Nicaragua,2014,32,EM
Española,Mujeres,Nicaragua,2013,32,EM
Española,Mujeres,Nicaragua,2012,31,EM
Española,Mujeres,Nicaragua,2011,40,EM
Española,Mujeres,Nicaragua,2010,37,EM
Española,Mujeres,Nicaragua,2009,41,EM
Española,Mujeres,Nicaragua,2008,21,EM
Española,Mujeres,República Dominicana,2020,701,EM
Española,Mujeres,República Dominicana,2019,639,EM
Española,Mujeres,República Dominicana,2018,794,EM
Española,Mujeres,República Dominicana,2017,877,EM
Española,Mujeres,República Dominicana,2016,885,EM
Española,Mujeres,República Dominicana,2015,853,EM
Española,Mujeres,República Dominicana,2014,370,EM
Española,Mujeres,República Dominicana,2013,373,EM
Española,Mujeres,República Dominicana,2012,386,EM
Española,Mujeres,República Dominicana,2011,329,EM
Española,Mujeres,República Dominicana,2010,263,EM
Española,Mujeres,República Dominicana,2009,252,EM
Española,Mujeres,República Dominicana,2008,187,EM
Española,Mujeres,Otros países de Centro América y Caribe,2020,216,EM
Española,Mujeres,Otros países de Centro América y Caribe,2019,280,EM
Española,Mujeres,Otros países de Centro América y Caribe,2018,270,EM
Española,Mujeres,Otros países de Centro América y Caribe,2017,234,EM
Española,Mujeres,Otros países de Centro América y Caribe,2016,293,EM
Española,Mujeres,Otros países de Centro América y Caribe,2015,342,EM
Española,Mujeres,Otros países de Centro América y Caribe,2014,324,EM
Española,Mujeres,Otros países de Centro América y Caribe,2013,318,EM
Española,Mujeres,Otros países de Centro América y Caribe,2012,196,EM
Española,Mujeres,Otros países de Centro América y Caribe,2011,258,EM
Española,Mujeres,Otros países de Centro América y Caribe,2010,180,EM
Española,Mujeres,Otros países de Centro América y Caribe,2009,184,EM
Española,Mujeres,Otros países de Centro América y Caribe,2008,219,EM
Española,Mujeres,Sudamérica,2020,4839,EM
Española,Mujeres,Sudamérica,2019,6112,EM
Española,Mujeres,Sudamérica,2018,7500,EM
Española,Mujeres,Sudamérica,2017,8801,EM
Española,Mujeres,Sudamérica,2016,9924,EM
Española,Mujeres,Sudamérica,2015,12075,EM
Española,Mujeres,Sudamérica,2014,11994,EM
Española,Mujeres,Sudamérica,2013,11733,EM
Española,Mujeres,Sudamérica,2012,8483,EM
Española,Mujeres,Sudamérica,2011,6445,EM
Española,Mujeres,Sudamérica,2010,4520,EM
Española,Mujeres,Sudamérica,2009,4080,EM
Española,Mujeres,Sudamérica,2008,2941,EM
Española,Mujeres,Argentina,2020,628,EM
Española,Mujeres,Argentina,2019,898,EM
Española,Mujeres,Argentina,2018,938,EM
Española,Mujeres,Argentina,2017,975,EM
Española,Mujeres,Argentina,2016,1008,EM
Española,Mujeres,Argentina,2015,1090,EM
Española,Mujeres,Argentina,2014,1030,EM
Española,Mujeres,Argentina,2013,1160,EM
Española,Mujeres,Argentina,2012,1047,EM
Española,Mujeres,Argentina,2011,1249,EM
Española,Mujeres,Argentina,2010,1042,EM
Española,Mujeres,Argentina,2009,1153,EM
Española,Mujeres,Argentina,2008,897,EM
Española,Mujeres,Bolivia,2020,399,EM
Española,Mujeres,Bolivia,2019,448,EM
Española,Mujeres,Bolivia,2018,516,EM
Española,Mujeres,Bolivia,2017,763,EM
Española,Mujeres,Bolivia,2016,860,EM
Española,Mujeres,Bolivia,2015,939,EM
Española,Mujeres,Bolivia,2014,816,EM
Española,Mujeres,Bolivia,2013,419,EM
Española,Mujeres,Bolivia,2012,327,EM
Española,Mujeres,Bolivia,2011,304,EM
Española,Mujeres,Bolivia,2010,198,EM
Española,Mujeres,Bolivia,2009,218,EM
Española,Mujeres,Bolivia,2008,96,EM
Española,Mujeres,Brasil,2020,194,EM
Española,Mujeres,Brasil,2019,260,EM
Española,Mujeres,Brasil,2018,382,EM
Española,Mujeres,Brasil,2017,433,EM
Española,Mujeres,Brasil,2016,438,EM
Española,Mujeres,Brasil,2015,686,EM
Española,Mujeres,Brasil,2014,579,EM
Española,Mujeres,Brasil,2013,605,EM
Española,Mujeres,Brasil,2012,475,EM
Española,Mujeres,Brasil,2011,554,EM
Española,Mujeres,Brasil,2010,402,EM
Española,Mujeres,Brasil,2009,313,EM
Española,Mujeres,Brasil,2008,212,EM
Española,Mujeres,Colombia,2020,869,EM
Española,Mujeres,Colombia,2019,1139,EM
Española,Mujeres,Colombia,2018,1326,EM
Española,Mujeres,Colombia,2017,1528,EM
Española,Mujeres,Colombia,2016,1678,EM
Española,Mujeres,Colombia,2015,1757,EM
Española,Mujeres,Colombia,2014,1980,EM
Española,Mujeres,Colombia,2013,1432,EM
Española,Mujeres,Colombia,2012,718,EM
Española,Mujeres,Colombia,2011,290,EM
Española,Mujeres,Colombia,2010,265,EM
Española,Mujeres,Colombia,2009,228,EM
Española,Mujeres,Colombia,2008,271,EM
Española,Mujeres,Chile,2020,222,EM
Española,Mujeres,Chile,2019,327,EM
Española,Mujeres,Chile,2018,471,EM
Española,Mujeres,Chile,2017,514,EM
Española,Mujeres,Chile,2016,694,EM
Española,Mujeres,Chile,2015,1070,EM
Española,Mujeres,Chile,2014,824,EM
Española,Mujeres,Chile,2013,747,EM
Española,Mujeres,Chile,2012,448,EM
Española,Mujeres,Chile,2011,427,EM
Española,Mujeres,Chile,2010,268,EM
Española,Mujeres,Chile,2009,199,EM
Española,Mujeres,Chile,2008,238,EM
Española,Mujeres,Ecuador,2020,1241,EM
Española,Mujeres,Ecuador,2019,1610,EM
Española,Mujeres,Ecuador,2018,2261,EM
Española,Mujeres,Ecuador,2017,2822,EM
Española,Mujeres,Ecuador,2016,3118,EM
Española,Mujeres,Ecuador,2015,3804,EM
Española,Mujeres,Ecuador,2014,4140,EM
Española,Mujeres,Ecuador,2013,4820,EM
Española,Mujeres,Ecuador,2012,3453,EM
Española,Mujeres,Ecuador,2011,1883,EM
Española,Mujeres,Ecuador,2010,1022,EM
Española,Mujeres,Ecuador,2009,666,EM
Española,Mujeres,Ecuador,2008,287,EM
Española,Mujeres,Paraguay,2020,138,EM
Española,Mujeres,Paraguay,2019,169,EM
Española,Mujeres,Paraguay,2018,119,EM
Española,Mujeres,Paraguay,2017,126,EM
Española,Mujeres,Paraguay,2016,189,EM
Española,Mujeres,Paraguay,2015,220,EM
Española,Mujeres,Paraguay,2014,145,EM
Española,Mujeres,Paraguay,2013,113,EM
Española,Mujeres,Paraguay,2012,64,EM
Española,Mujeres,Paraguay,2011,66,EM
Española,Mujeres,Paraguay,2010,35,EM
Española,Mujeres,Paraguay,2009,54,EM
Española,Mujeres,Paraguay,2008,23,EM
Española,Mujeres,Perú,2020,365,EM
Española,Mujeres,Perú,2019,540,EM
Española,Mujeres,Perú,2018,574,EM
Española,Mujeres,Perú,2017,703,EM
Española,Mujeres,Perú,2016,765,EM
Española,Mujeres,Perú,2015,1000,EM
Española,Mujeres,Perú,2014,797,EM
Española,Mujeres,Perú,2013,630,EM
Española,Mujeres,Perú,2012,546,EM
Española,Mujeres,Perú,2011,406,EM
Española,Mujeres,Perú,2010,226,EM
Española,Mujeres,Perú,2009,225,EM
Española,Mujeres,Perú,2008,201,EM
Española,Mujeres,Uruguay,2020,208,EM
Española,Mujeres,Uruguay,2019,214,EM
Española,Mujeres,Uruguay,2018,236,EM
Española,Mujeres,Uruguay,2017,238,EM
Española,Mujeres,Uruguay,2016,326,EM
Española,Mujeres,Uruguay,2015,432,EM
Española,Mujeres,Uruguay,2014,395,EM
Española,Mujeres,Uruguay,2013,351,EM
Española,Mujeres,Uruguay,2012,264,EM
Española,Mujeres,Uruguay,2011,226,EM
Española,Mujeres,Uruguay,2010,226,EM
Española,Mujeres,Uruguay,2009,333,EM
Española,Mujeres,Uruguay,2008,143,EM
Española,Mujeres,Venezuela,2020,575,EM
Española,Mujeres,Venezuela,2019,506,EM
Española,Mujeres,Venezuela,2018,677,EM
Española,Mujeres,Venezuela,2017,699,EM
Española,Mujeres,Venezuela,2016,848,EM
Española,Mujeres,Venezuela,2015,1076,EM
Española,Mujeres,Venezuela,2014,1287,EM
Española,Mujeres,Venezuela,2013,1457,EM
Española,Mujeres,Venezuela,2012,1142,EM
Española,Mujeres,Venezuela,2011,1039,EM
Española,Mujeres,Venezuela,2010,835,EM
Española,Mujeres,Venezuela,2009,691,EM
Española,Mujeres,Venezuela,2008,572,EM
Española,Mujeres,Otro país de Sudamérica,2020,0,EM
Española,Mujeres,Otro país de Sudamérica,2019,1,EM
Española,Mujeres,Otro país de Sudamérica,2018,0,EM
Española,Mujeres,Otro país de Sudamérica,2017,0,EM
Española,Mujeres,Otro país de Sudamérica,2016,0,EM
Española,Mujeres,Otro país de Sudamérica,2015,NA,EM
Española,Mujeres,Otro país de Sudamérica,2014,NA,EM
Española,Mujeres,Otro país de Sudamérica,2013,NA,EM
Española,Mujeres,Otro país de Sudamérica,2012,NA,EM
Española,Mujeres,Otro país de Sudamérica,2011,NA,EM
Española,Mujeres,Otro país de Sudamérica,2010,NA,EM
Española,Mujeres,Otro país de Sudamérica,2009,NA,EM
Española,Mujeres,Otro país de Sudamérica,2008,NA,EM
Española,Mujeres,Asia,2020,1149,EM
Española,Mujeres,Asia,2019,1250,EM
Española,Mujeres,Asia,2018,1135,EM
Española,Mujeres,Asia,2017,1390,EM
Española,Mujeres,Asia,2016,1515,EM
Española,Mujeres,Asia,2015,1662,EM
Española,Mujeres,Asia,2014,1304,EM
Española,Mujeres,Asia,2013,1258,EM
Española,Mujeres,Asia,2012,1054,EM
Española,Mujeres,Asia,2011,1320,EM
Española,Mujeres,Asia,2010,836,EM
Española,Mujeres,Asia,2009,812,EM
Española,Mujeres,Asia,2008,760,EM
Española,Mujeres,Bangladesh,2020,4,EM
Española,Mujeres,Bangladesh,2019,1,EM
Española,Mujeres,Bangladesh,2018,1,EM
Española,Mujeres,Bangladesh,2017,5,EM
Española,Mujeres,Bangladesh,2016,1,EM
Española,Mujeres,Bangladesh,2015,2,EM
Española,Mujeres,Bangladesh,2014,4,EM
Española,Mujeres,Bangladesh,2013,1,EM
Española,Mujeres,Bangladesh,2012,3,EM
Española,Mujeres,Bangladesh,2011,10,EM
Española,Mujeres,Bangladesh,2010,1,EM
Española,Mujeres,Bangladesh,2009,NA,EM
Española,Mujeres,Bangladesh,2008,NA,EM
Española,Mujeres,China,2020,184,EM
Española,Mujeres,China,2019,196,EM
Española,Mujeres,China,2018,166,EM
Española,Mujeres,China,2017,224,EM
Española,Mujeres,China,2016,261,EM
Española,Mujeres,China,2015,279,EM
Española,Mujeres,China,2014,273,EM
Española,Mujeres,China,2013,297,EM
Española,Mujeres,China,2012,258,EM
Española,Mujeres,China,2011,361,EM
Española,Mujeres,China,2010,218,EM
Española,Mujeres,China,2009,181,EM
Española,Mujeres,China,2008,190,EM
Española,Mujeres,Filipinas,2020,55,EM
Española,Mujeres,Filipinas,2019,91,EM
Española,Mujeres,Filipinas,2018,49,EM
Española,Mujeres,Filipinas,2017,76,EM
Española,Mujeres,Filipinas,2016,71,EM
Española,Mujeres,Filipinas,2015,73,EM
Española,Mujeres,Filipinas,2014,78,EM
Española,Mujeres,Filipinas,2013,69,EM
Española,Mujeres,Filipinas,2012,68,EM
Española,Mujeres,Filipinas,2011,67,EM
Española,Mujeres,Filipinas,2010,81,EM
Española,Mujeres,Filipinas,2009,59,EM
Española,Mujeres,Filipinas,2008,64,EM
Española,Mujeres,India,2020,43,EM
Española,Mujeres,India,2019,42,EM
Española,Mujeres,India,2018,34,EM
Española,Mujeres,India,2017,31,EM
Española,Mujeres,India,2016,53,EM
Española,Mujeres,India,2015,75,EM
Española,Mujeres,India,2014,30,EM
Española,Mujeres,India,2013,36,EM
Española,Mujeres,India,2012,49,EM
Española,Mujeres,India,2011,68,EM
Española,Mujeres,India,2010,31,EM
Española,Mujeres,India,2009,30,EM
Española,Mujeres,India,2008,21,EM
Española,Mujeres,Pakistán,2020,36,EM
Española,Mujeres,Pakistán,2019,25,EM
Española,Mujeres,Pakistán,2018,38,EM
Española,Mujeres,Pakistán,2017,35,EM
Española,Mujeres,Pakistán,2016,30,EM
Española,Mujeres,Pakistán,2015,21,EM
Española,Mujeres,Pakistán,2014,10,EM
Española,Mujeres,Pakistán,2013,12,EM
Española,Mujeres,Pakistán,2012,18,EM
Española,Mujeres,Pakistán,2011,20,EM
Española,Mujeres,Pakistán,2010,10,EM
Española,Mujeres,Pakistán,2009,22,EM
Española,Mujeres,Pakistán,2008,15,EM
Española,Mujeres,Otro país de Asia,2020,827,EM
Española,Mujeres,Otro país de Asia,2019,895,EM
Española,Mujeres,Otro país de Asia,2018,847,EM
Española,Mujeres,Otro país de Asia,2017,1019,EM
Española,Mujeres,Otro país de Asia,2016,1099,EM
Española,Mujeres,Otro país de Asia,2015,1212,EM
Española,Mujeres,Otro país de Asia,2014,909,EM
Española,Mujeres,Otro país de Asia,2013,843,EM
Española,Mujeres,Otro país de Asia,2012,657,EM
Española,Mujeres,Otro país de Asia,2011,794,EM
Española,Mujeres,Otro país de Asia,2010,496,EM
Española,Mujeres,Otro país de Asia,2009,520,EM
Española,Mujeres,Otro país de Asia,2008,471,EM
Española,Mujeres,Oceanía,2020,409,EM
Española,Mujeres,Oceanía,2019,511,EM
Española,Mujeres,Oceanía,2018,431,EM
Española,Mujeres,Oceanía,2017,421,EM
Española,Mujeres,Oceanía,2016,446,EM
Española,Mujeres,Oceanía,2015,460,EM
Española,Mujeres,Oceanía,2014,347,EM
Española,Mujeres,Oceanía,2013,331,EM
Española,Mujeres,Oceanía,2012,287,EM
Española,Mujeres,Oceanía,2011,275,EM
Española,Mujeres,Oceanía,2010,260,EM
Española,Mujeres,Oceanía,2009,176,EM
Española,Mujeres,Oceanía,2008,203,EM
Extranjero,Mujeres,Total,2020,84008,EM
Extranjero,Mujeres,Total,2019,101186,EM
Extranjero,Mujeres,Total,2018,105258,EM
Extranjero,Mujeres,Total,2017,126556,EM
Extranjero,Mujeres,Total,2016,104349,EM
Extranjero,Mujeres,Total,2015,108104,EM
Extranjero,Mujeres,Total,2014,139056,EM
Extranjero,Mujeres,Total,2013,197976,EM
Extranjero,Mujeres,Total,2012,159208,EM
Extranjero,Mujeres,Total,2011,141229,EM
Extranjero,Mujeres,Total,2010,145896,EM
Extranjero,Mujeres,Total,2009,136397,EM
Extranjero,Mujeres,Total,2008,102484,EM
Extranjero,Mujeres,UE27_2020 sin España,2020,37312,EM
Extranjero,Mujeres,UE27_2020 sin España,2019,NA,EM
Extranjero,Mujeres,UE27_2020 sin España,2018,NA,EM
Extranjero,Mujeres,UE27_2020 sin España,2017,NA,EM
Extranjero,Mujeres,UE27_2020 sin España,2016,NA,EM
Extranjero,Mujeres,UE27_2020 sin España,2015,NA,EM
Extranjero,Mujeres,UE27_2020 sin España,2014,NA,EM
Extranjero,Mujeres,UE27_2020 sin España,2013,NA,EM
Extranjero,Mujeres,UE27_2020 sin España,2012,NA,EM
Extranjero,Mujeres,UE27_2020 sin España,2011,NA,EM
Extranjero,Mujeres,UE27_2020 sin España,2010,NA,EM
Extranjero,Mujeres,UE27_2020 sin España,2009,NA,EM
Extranjero,Mujeres,UE27_2020 sin España,2008,NA,EM
Extranjero,Mujeres,UE28 sin España,2020,NA,EM
Extranjero,Mujeres,UE28 sin España,2019,52123,EM
Extranjero,Mujeres,UE28 sin España,2018,60015,EM
Extranjero,Mujeres,UE28 sin España,2017,73733,EM
Extranjero,Mujeres,UE28 sin España,2016,61393,EM
Extranjero,Mujeres,UE28 sin España,2015,62970,EM
Extranjero,Mujeres,UE28 sin España,2014,72084,EM
Extranjero,Mujeres,UE28 sin España,2013,81836,EM
Extranjero,Mujeres,UE28 sin España,2012,64814,EM
Extranjero,Mujeres,UE28 sin España,2011,52191,EM
Extranjero,Mujeres,UE28 sin España,2010,61385,EM
Extranjero,Mujeres,UE28 sin España,2009,57202,EM
Extranjero,Mujeres,UE28 sin España,2008,39047,EM
Extranjero,Mujeres,Bélgica,2020,757,EM
Extranjero,Mujeres,Bélgica,2019,1092,EM
Extranjero,Mujeres,Bélgica,2018,893,EM
Extranjero,Mujeres,Bélgica,2017,1263,EM
Extranjero,Mujeres,Bélgica,2016,1603,EM
Extranjero,Mujeres,Bélgica,2015,1715,EM
Extranjero,Mujeres,Bélgica,2014,2114,EM
Extranjero,Mujeres,Bélgica,2013,2106,EM
Extranjero,Mujeres,Bélgica,2012,2007,EM
Extranjero,Mujeres,Bélgica,2011,2826,EM
Extranjero,Mujeres,Bélgica,2010,1912,EM
Extranjero,Mujeres,Bélgica,2009,1871,EM
Extranjero,Mujeres,Bélgica,2008,1142,EM
Extranjero,Mujeres,Bulgaria,2020,2174,EM
Extranjero,Mujeres,Bulgaria,2019,3157,EM
Extranjero,Mujeres,Bulgaria,2018,3702,EM
Extranjero,Mujeres,Bulgaria,2017,3631,EM
Extranjero,Mujeres,Bulgaria,2016,3468,EM
Extranjero,Mujeres,Bulgaria,2015,3946,EM
Extranjero,Mujeres,Bulgaria,2014,4424,EM
Extranjero,Mujeres,Bulgaria,2013,5526,EM
Extranjero,Mujeres,Bulgaria,2012,4565,EM
Extranjero,Mujeres,Bulgaria,2011,3453,EM
Extranjero,Mujeres,Bulgaria,2010,4622,EM
Extranjero,Mujeres,Bulgaria,2009,4658,EM
Extranjero,Mujeres,Bulgaria,2008,2676,EM
Extranjero,Mujeres,Dinamarca,2020,266,EM
Extranjero,Mujeres,Dinamarca,2019,293,EM
Extranjero,Mujeres,Dinamarca,2018,368,EM
Extranjero,Mujeres,Dinamarca,2017,464,EM
Extranjero,Mujeres,Dinamarca,2016,411,EM
Extranjero,Mujeres,Dinamarca,2015,302,EM
Extranjero,Mujeres,Dinamarca,2014,256,EM
Extranjero,Mujeres,Dinamarca,2013,336,EM
Extranjero,Mujeres,Dinamarca,2012,329,EM
Extranjero,Mujeres,Dinamarca,2011,222,EM
Extranjero,Mujeres,Dinamarca,2010,405,EM
Extranjero,Mujeres,Dinamarca,2009,258,EM
Extranjero,Mujeres,Dinamarca,2008,252,EM
Extranjero,Mujeres,Finlandia,2020,396,EM
Extranjero,Mujeres,Finlandia,2019,398,EM
Extranjero,Mujeres,Finlandia,2018,434,EM
Extranjero,Mujeres,Finlandia,2017,464,EM
Extranjero,Mujeres,Finlandia,2016,418,EM
Extranjero,Mujeres,Finlandia,2015,299,EM
Extranjero,Mujeres,Finlandia,2014,281,EM
Extranjero,Mujeres,Finlandia,2013,302,EM
Extranjero,Mujeres,Finlandia,2012,133,EM
Extranjero,Mujeres,Finlandia,2011,155,EM
Extranjero,Mujeres,Finlandia,2010,139,EM
Extranjero,Mujeres,Finlandia,2009,196,EM
Extranjero,Mujeres,Finlandia,2008,59,EM
Extranjero,Mujeres,Francia,2020,5280,EM
Extranjero,Mujeres,Francia,2019,5077,EM
Extranjero,Mujeres,Francia,2018,6022,EM
Extranjero,Mujeres,Francia,2017,6301,EM
Extranjero,Mujeres,Francia,2016,6134,EM
Extranjero,Mujeres,Francia,2015,6257,EM
Extranjero,Mujeres,Francia,2014,7439,EM
Extranjero,Mujeres,Francia,2013,8309,EM
Extranjero,Mujeres,Francia,2012,6570,EM
Extranjero,Mujeres,Francia,2011,5566,EM
Extranjero,Mujeres,Francia,2010,6905,EM
Extranjero,Mujeres,Francia,2009,5396,EM
Extranjero,Mujeres,Francia,2008,3702,EM
Extranjero,Mujeres,Irlanda,2020,266,EM
Extranjero,Mujeres,Irlanda,2019,312,EM
Extranjero,Mujeres,Irlanda,2018,581,EM
Extranjero,Mujeres,Irlanda,2017,550,EM
Extranjero,Mujeres,Irlanda,2016,580,EM
Extranjero,Mujeres,Irlanda,2015,400,EM
Extranjero,Mujeres,Irlanda,2014,453,EM
Extranjero,Mujeres,Irlanda,2013,415,EM
Extranjero,Mujeres,Irlanda,2012,165,EM
Extranjero,Mujeres,Irlanda,2011,196,EM
Extranjero,Mujeres,Irlanda,2010,301,EM
Extranjero,Mujeres,Irlanda,2009,163,EM
Extranjero,Mujeres,Irlanda,2008,52,EM
Extranjero,Mujeres,Italia,2020,3092,EM
Extranjero,Mujeres,Italia,2019,2899,EM
Extranjero,Mujeres,Italia,2018,2857,EM
Extranjero,Mujeres,Italia,2017,3487,EM
Extranjero,Mujeres,Italia,2016,3076,EM
Extranjero,Mujeres,Italia,2015,2813,EM
Extranjero,Mujeres,Italia,2014,3333,EM
Extranjero,Mujeres,Italia,2013,3626,EM
Extranjero,Mujeres,Italia,2012,2451,EM
Extranjero,Mujeres,Italia,2011,2699,EM
Extranjero,Mujeres,Italia,2010,3350,EM
Extranjero,Mujeres,Italia,2009,2888,EM
Extranjero,Mujeres,Italia,2008,2559,EM
Extranjero,Mujeres,Países Bajos,2020,1112,EM
Extranjero,Mujeres,Países Bajos,2019,1359,EM
Extranjero,Mujeres,Países Bajos,2018,1235,EM
Extranjero,Mujeres,Países Bajos,2017,1569,EM
Extranjero,Mujeres,Países Bajos,2016,1549,EM
Extranjero,Mujeres,Países Bajos,2015,1611,EM
Extranjero,Mujeres,Países Bajos,2014,2278,EM
Extranjero,Mujeres,Países Bajos,2013,2171,EM
Extranjero,Mujeres,Países Bajos,2012,1619,EM
Extranjero,Mujeres,Países Bajos,2011,1736,EM
Extranjero,Mujeres,Países Bajos,2010,2070,EM
Extranjero,Mujeres,Países Bajos,2009,1958,EM
Extranjero,Mujeres,Países Bajos,2008,1350,EM
Extranjero,Mujeres,Polonia,2020,973,EM
Extranjero,Mujeres,Polonia,2019,1343,EM
Extranjero,Mujeres,Polonia,2018,1282,EM
Extranjero,Mujeres,Polonia,2017,1993,EM
Extranjero,Mujeres,Polonia,2016,1370,EM
Extranjero,Mujeres,Polonia,2015,1452,EM
Extranjero,Mujeres,Polonia,2014,1902,EM
Extranjero,Mujeres,Polonia,2013,2231,EM
Extranjero,Mujeres,Polonia,2012,2143,EM
Extranjero,Mujeres,Polonia,2011,1810,EM
Extranjero,Mujeres,Polonia,2010,2630,EM
Extranjero,Mujeres,Polonia,2009,2656,EM
Extranjero,Mujeres,Polonia,2008,1841,EM
Extranjero,Mujeres,Portugal,2020,1947,EM
Extranjero,Mujeres,Portugal,2019,2190,EM
Extranjero,Mujeres,Portugal,2018,2519,EM
Extranjero,Mujeres,Portugal,2017,2993,EM
Extranjero,Mujeres,Portugal,2016,2308,EM
Extranjero,Mujeres,Portugal,2015,2281,EM
Extranjero,Mujeres,Portugal,2014,3055,EM
Extranjero,Mujeres,Portugal,2013,3439,EM
Extranjero,Mujeres,Portugal,2012,3019,EM
Extranjero,Mujeres,Portugal,2011,3182,EM
Extranjero,Mujeres,Portugal,2010,4153,EM
Extranjero,Mujeres,Portugal,2009,3743,EM
Extranjero,Mujeres,Portugal,2008,2490,EM
Extranjero,Mujeres,Alemania,2020,4361,EM
Extranjero,Mujeres,Alemania,2019,5689,EM
Extranjero,Mujeres,Alemania,2018,5740,EM
Extranjero,Mujeres,Alemania,2017,7018,EM
Extranjero,Mujeres,Alemania,2016,6615,EM
Extranjero,Mujeres,Alemania,2015,6921,EM
Extranjero,Mujeres,Alemania,2014,7926,EM
Extranjero,Mujeres,Alemania,2013,8957,EM
Extranjero,Mujeres,Alemania,2012,5563,EM
Extranjero,Mujeres,Alemania,2011,5243,EM
Extranjero,Mujeres,Alemania,2010,5383,EM
Extranjero,Mujeres,Alemania,2009,4473,EM
Extranjero,Mujeres,Alemania,2008,3449,EM
Extranjero,Mujeres,Rumanía,2020,14880,EM
Extranjero,Mujeres,Rumanía,2019,18499,EM
Extranjero,Mujeres,Rumanía,2018,20853,EM
Extranjero,Mujeres,Rumanía,2017,26379,EM
Extranjero,Mujeres,Rumanía,2016,19889,EM
Extranjero,Mujeres,Rumanía,2015,20786,EM
Extranjero,Mujeres,Rumanía,2014,24142,EM
Extranjero,Mujeres,Rumanía,2013,30516,EM
Extranjero,Mujeres,Rumanía,2012,27571,EM
Extranjero,Mujeres,Rumanía,2011,18102,EM
Extranjero,Mujeres,Rumanía,2010,20941,EM
Extranjero,Mujeres,Rumanía,2009,21223,EM
Extranjero,Mujeres,Rumanía,2008,13586,EM
Extranjero,Mujeres,Suecia,2020,572,EM
Extranjero,Mujeres,Suecia,2019,672,EM
Extranjero,Mujeres,Suecia,2018,649,EM
Extranjero,Mujeres,Suecia,2017,812,EM
Extranjero,Mujeres,Suecia,2016,807,EM
Extranjero,Mujeres,Suecia,2015,752,EM
Extranjero,Mujeres,Suecia,2014,868,EM
Extranjero,Mujeres,Suecia,2013,841,EM
Extranjero,Mujeres,Suecia,2012,536,EM
Extranjero,Mujeres,Suecia,2011,504,EM
Extranjero,Mujeres,Suecia,2010,642,EM
Extranjero,Mujeres,Suecia,2009,662,EM
Extranjero,Mujeres,Suecia,2008,349,EM
Extranjero,Mujeres,Lituania,2020,225,EM
Extranjero,Mujeres,Lituania,2019,283,EM
Extranjero,Mujeres,Lituania,2018,311,EM
Extranjero,Mujeres,Lituania,2017,540,EM
Extranjero,Mujeres,Lituania,2016,374,EM
Extranjero,Mujeres,Lituania,2015,382,EM
Extranjero,Mujeres,Lituania,2014,438,EM
Extranjero,Mujeres,Lituania,2013,512,EM
Extranjero,Mujeres,Lituania,2012,496,EM
Extranjero,Mujeres,Lituania,2011,324,EM
Extranjero,Mujeres,Lituania,2010,481,EM
Extranjero,Mujeres,Lituania,2009,511,EM
Extranjero,Mujeres,Lituania,2008,468,EM
Extranjero,Mujeres,Otro país de la Unión Europea sin España,2020,1011,EM
Extranjero,Mujeres,Otro país de la Unión Europea sin España,2019,1117,EM
Extranjero,Mujeres,Otro país de la Unión Europea sin España,2018,1037,EM
Extranjero,Mujeres,Otro país de la Unión Europea sin España,2017,1288,EM
Extranjero,Mujeres,Otro país de la Unión Europea sin España,2016,1393,EM
Extranjero,Mujeres,Otro país de la Unión Europea sin España,2015,1737,EM
Extranjero,Mujeres,Otro país de la Unión Europea sin España,2014,1587,EM
Extranjero,Mujeres,Otro país de la Unión Europea sin España,2013,1790,EM
Extranjero,Mujeres,Otro país de la Unión Europea sin España,2012,1355,EM
Extranjero,Mujeres,Otro país de la Unión Europea sin España,2011,1104,EM
Extranjero,Mujeres,Otro país de la Unión Europea sin España,2010,1061,EM
Extranjero,Mujeres,Otro país de la Unión Europea sin España,2009,1338,EM
Extranjero,Mujeres,Otro país de la Unión Europea sin España,2008,842,EM
Extranjero,Mujeres,Europa menos UE27_2020,2020,12942,EM
Extranjero,Mujeres,Europa menos UE27_2020,2019,NA,EM
Extranjero,Mujeres,Europa menos UE27_2020,2018,NA,EM
Extranjero,Mujeres,Europa menos UE27_2020,2017,NA,EM
Extranjero,Mujeres,Europa menos UE27_2020,2016,NA,EM
Extranjero,Mujeres,Europa menos UE27_2020,2015,NA,EM
Extranjero,Mujeres,Europa menos UE27_2020,2014,NA,EM
Extranjero,Mujeres,Europa menos UE27_2020,2013,NA,EM
Extranjero,Mujeres,Europa menos UE27_2020,2012,NA,EM
Extranjero,Mujeres,Europa menos UE27_2020,2011,NA,EM
Extranjero,Mujeres,Europa menos UE27_2020,2010,NA,EM
Extranjero,Mujeres,Europa menos UE27_2020,2009,NA,EM
Extranjero,Mujeres,Europa menos UE27_2020,2008,NA,EM
Extranjero,Mujeres,Reino Unido,2020,8017,EM
Extranjero,Mujeres,Reino Unido,2019,7743,EM
Extranjero,Mujeres,Reino Unido,2018,11532,EM
Extranjero,Mujeres,Reino Unido,2017,14981,EM
Extranjero,Mujeres,Reino Unido,2016,11398,EM
Extranjero,Mujeres,Reino Unido,2015,11316,EM
Extranjero,Mujeres,Reino Unido,2014,11590,EM
Extranjero,Mujeres,Reino Unido,2013,10758,EM
Extranjero,Mujeres,Reino Unido,2012,6291,EM
Extranjero,Mujeres,Reino Unido,2011,5070,EM
Extranjero,Mujeres,Reino Unido,2010,6391,EM
Extranjero,Mujeres,Reino Unido,2009,5207,EM
Extranjero,Mujeres,Reino Unido,2008,4230,EM
Extranjero,Mujeres,País de Europa menos UE28,2020,NA,EM
Extranjero,Mujeres,País de Europa menos UE28,2019,5916,EM
Extranjero,Mujeres,País de Europa menos UE28,2018,6078,EM
Extranjero,Mujeres,País de Europa menos UE28,2017,6679,EM
Extranjero,Mujeres,País de Europa menos UE28,2016,5524,EM
Extranjero,Mujeres,País de Europa menos UE28,2015,4710,EM
Extranjero,Mujeres,País de Europa menos UE28,2014,6083,EM
Extranjero,Mujeres,País de Europa menos UE28,2013,8792,EM
Extranjero,Mujeres,País de Europa menos UE28,2012,6563,EM
Extranjero,Mujeres,País de Europa menos UE28,2011,5530,EM
Extranjero,Mujeres,País de Europa menos UE28,2010,5659,EM
Extranjero,Mujeres,País de Europa menos UE28,2009,5478,EM
Extranjero,Mujeres,País de Europa menos UE28,2008,4861,EM
Extranjero,Mujeres,Noruega,2020,588,EM
Extranjero,Mujeres,Noruega,2019,900,EM
Extranjero,Mujeres,Noruega,2018,674,EM
Extranjero,Mujeres,Noruega,2017,1061,EM
Extranjero,Mujeres,Noruega,2016,874,EM
Extranjero,Mujeres,Noruega,2015,550,EM
Extranjero,Mujeres,Noruega,2014,816,EM
Extranjero,Mujeres,Noruega,2013,625,EM
Extranjero,Mujeres,Noruega,2012,504,EM
Extranjero,Mujeres,Noruega,2011,244,EM
Extranjero,Mujeres,Noruega,2010,345,EM
Extranjero,Mujeres,Noruega,2009,268,EM
Extranjero,Mujeres,Noruega,2008,296,EM
Extranjero,Mujeres,Suiza,2020,492,EM
Extranjero,Mujeres,Suiza,2019,498,EM
Extranjero,Mujeres,Suiza,2018,602,EM
Extranjero,Mujeres,Suiza,2017,626,EM
Extranjero,Mujeres,Suiza,2016,1134,EM
Extranjero,Mujeres,Suiza,2015,1017,EM
Extranjero,Mujeres,Suiza,2014,1208,EM
Extranjero,Mujeres,Suiza,2013,1634,EM
Extranjero,Mujeres,Suiza,2012,1090,EM
Extranjero,Mujeres,Suiza,2011,1093,EM
Extranjero,Mujeres,Suiza,2010,1072,EM
Extranjero,Mujeres,Suiza,2009,961,EM
Extranjero,Mujeres,Suiza,2008,723,EM
Extranjero,Mujeres,Ucrania,2020,1264,EM
Extranjero,Mujeres,Ucrania,2019,1502,EM
Extranjero,Mujeres,Ucrania,2018,1461,EM
Extranjero,Mujeres,Ucrania,2017,1508,EM
Extranjero,Mujeres,Ucrania,2016,1061,EM
Extranjero,Mujeres,Ucrania,2015,867,EM
Extranjero,Mujeres,Ucrania,2014,1355,EM
Extranjero,Mujeres,Ucrania,2013,2331,EM
Extranjero,Mujeres,Ucrania,2012,1906,EM
Extranjero,Mujeres,Ucrania,2011,1606,EM
Extranjero,Mujeres,Ucrania,2010,1579,EM
Extranjero,Mujeres,Ucrania,2009,1640,EM
Extranjero,Mujeres,Ucrania,2008,1350,EM
Extranjero,Mujeres,Moldavia,2020,132,EM
Extranjero,Mujeres,Moldavia,2019,186,EM
Extranjero,Mujeres,Moldavia,2018,470,EM
Extranjero,Mujeres,Moldavia,2017,189,EM
Extranjero,Mujeres,Moldavia,2016,253,EM
Extranjero,Mujeres,Moldavia,2015,129,EM
Extranjero,Mujeres,Moldavia,2014,195,EM
Extranjero,Mujeres,Moldavia,2013,345,EM
Extranjero,Mujeres,Moldavia,2012,359,EM
Extranjero,Mujeres,Moldavia,2011,210,EM
Extranjero,Mujeres,Moldavia,2010,263,EM
Extranjero,Mujeres,Moldavia,2009,283,EM
Extranjero,Mujeres,Moldavia,2008,191,EM
Extranjero,Mujeres,Rusia,2020,1936,EM
Extranjero,Mujeres,Rusia,2019,2269,EM
Extranjero,Mujeres,Rusia,2018,2415,EM
Extranjero,Mujeres,Rusia,2017,2837,EM
Extranjero,Mujeres,Rusia,2016,1780,EM
Extranjero,Mujeres,Rusia,2015,1647,EM
Extranjero,Mujeres,Rusia,2014,1859,EM
Extranjero,Mujeres,Rusia,2013,2853,EM
Extranjero,Mujeres,Rusia,2012,1953,EM
Extranjero,Mujeres,Rusia,2011,1674,EM
Extranjero,Mujeres,Rusia,2010,1723,EM
Extranjero,Mujeres,Rusia,2009,1747,EM
Extranjero,Mujeres,Rusia,2008,1669,EM
Extranjero,Mujeres,Otro país del resto de Europa,2020,513,EM
Extranjero,Mujeres,Otro país del resto de Europa,2019,561,EM
Extranjero,Mujeres,Otro país del resto de Europa,2018,456,EM
Extranjero,Mujeres,Otro país del resto de Europa,2017,458,EM
Extranjero,Mujeres,Otro país del resto de Europa,2016,422,EM
Extranjero,Mujeres,Otro país del resto de Europa,2015,501,EM
Extranjero,Mujeres,Otro país del resto de Europa,2014,650,EM
Extranjero,Mujeres,Otro país del resto de Europa,2013,1002,EM
Extranjero,Mujeres,Otro país del resto de Europa,2012,750,EM
Extranjero,Mujeres,Otro país del resto de Europa,2011,703,EM
Extranjero,Mujeres,Otro país del resto de Europa,2010,677,EM
Extranjero,Mujeres,Otro país del resto de Europa,2009,579,EM
Extranjero,Mujeres,Otro país del resto de Europa,2008,631,EM
Extranjero,Mujeres,África,2020,5347,EM
Extranjero,Mujeres,África,2019,6156,EM
Extranjero,Mujeres,África,2018,6408,EM
Extranjero,Mujeres,África,2017,8104,EM
Extranjero,Mujeres,África,2016,6298,EM
Extranjero,Mujeres,África,2015,5665,EM
Extranjero,Mujeres,África,2014,7945,EM
Extranjero,Mujeres,África,2013,13373,EM
Extranjero,Mujeres,África,2012,10527,EM
Extranjero,Mujeres,África,2011,10358,EM
Extranjero,Mujeres,África,2010,9685,EM
Extranjero,Mujeres,África,2009,8613,EM
Extranjero,Mujeres,África,2008,7280,EM
Extranjero,Mujeres,Argelia,2020,944,EM
Extranjero,Mujeres,Argelia,2019,819,EM
Extranjero,Mujeres,Argelia,2018,989,EM
Extranjero,Mujeres,Argelia,2017,1180,EM
Extranjero,Mujeres,Argelia,2016,1031,EM
Extranjero,Mujeres,Argelia,2015,929,EM
Extranjero,Mujeres,Argelia,2014,1270,EM
Extranjero,Mujeres,Argelia,2013,1237,EM
Extranjero,Mujeres,Argelia,2012,1000,EM
Extranjero,Mujeres,Argelia,2011,850,EM
Extranjero,Mujeres,Argelia,2010,692,EM
Extranjero,Mujeres,Argelia,2009,731,EM
Extranjero,Mujeres,Argelia,2008,476,EM
Extranjero,Mujeres,Gambia,2020,8,EM
Extranjero,Mujeres,Gambia,2019,9,EM
Extranjero,Mujeres,Gambia,2018,9,EM
Extranjero,Mujeres,Gambia,2017,0,EM
Extranjero,Mujeres,Gambia,2016,20,EM
Extranjero,Mujeres,Gambia,2015,41,EM
Extranjero,Mujeres,Gambia,2014,76,EM
Extranjero,Mujeres,Gambia,2013,65,EM
Extranjero,Mujeres,Gambia,2012,84,EM
Extranjero,Mujeres,Gambia,2011,131,EM
Extranjero,Mujeres,Gambia,2010,101,EM
Extranjero,Mujeres,Gambia,2009,94,EM
Extranjero,Mujeres,Gambia,2008,65,EM
Extranjero,Mujeres,Ghana,2020,0,EM
Extranjero,Mujeres,Ghana,2019,0,EM
Extranjero,Mujeres,Ghana,2018,12,EM
Extranjero,Mujeres,Ghana,2017,48,EM
Extranjero,Mujeres,Ghana,2016,19,EM
Extranjero,Mujeres,Ghana,2015,15,EM
Extranjero,Mujeres,Ghana,2014,10,EM
Extranjero,Mujeres,Ghana,2013,155,EM
Extranjero,Mujeres,Ghana,2012,117,EM
Extranjero,Mujeres,Ghana,2011,20,EM
Extranjero,Mujeres,Ghana,2010,4,EM
Extranjero,Mujeres,Ghana,2009,41,EM
Extranjero,Mujeres,Ghana,2008,24,EM
Extranjero,Mujeres,Guinea,2020,10,EM
Extranjero,Mujeres,Guinea,2019,1,EM
Extranjero,Mujeres,Guinea,2018,38,EM
Extranjero,Mujeres,Guinea,2017,9,EM
Extranjero,Mujeres,Guinea,2016,75,EM
Extranjero,Mujeres,Guinea,2015,22,EM
Extranjero,Mujeres,Guinea,2014,27,EM
Extranjero,Mujeres,Guinea,2013,202,EM
Extranjero,Mujeres,Guinea,2012,22,EM
Extranjero,Mujeres,Guinea,2011,46,EM
Extranjero,Mujeres,Guinea,2010,113,EM
Extranjero,Mujeres,Guinea,2009,65,EM
Extranjero,Mujeres,Guinea,2008,94,EM
Extranjero,Mujeres,Guinea Ecuatorial,2020,299,EM
Extranjero,Mujeres,Guinea Ecuatorial,2019,417,EM
Extranjero,Mujeres,Guinea Ecuatorial,2018,598,EM
Extranjero,Mujeres,Guinea Ecuatorial,2017,551,EM
Extranjero,Mujeres,Guinea Ecuatorial,2016,376,EM
Extranjero,Mujeres,Guinea Ecuatorial,2015,328,EM
Extranjero,Mujeres,Guinea Ecuatorial,2014,533,EM
Extranjero,Mujeres,Guinea Ecuatorial,2013,855,EM
Extranjero,Mujeres,Guinea Ecuatorial,2012,741,EM
Extranjero,Mujeres,Guinea Ecuatorial,2011,883,EM
Extranjero,Mujeres,Guinea Ecuatorial,2010,918,EM
Extranjero,Mujeres,Guinea Ecuatorial,2009,1028,EM
Extranjero,Mujeres,Guinea Ecuatorial,2008,740,EM
Extranjero,Mujeres,Mali,2020,4,EM
Extranjero,Mujeres,Mali,2019,3,EM
Extranjero,Mujeres,Mali,2018,5,EM
Extranjero,Mujeres,Mali,2017,25,EM
Extranjero,Mujeres,Mali,2016,34,EM
Extranjero,Mujeres,Mali,2015,3,EM
Extranjero,Mujeres,Mali,2014,4,EM
Extranjero,Mujeres,Mali,2013,64,EM
Extranjero,Mujeres,Mali,2012,31,EM
Extranjero,Mujeres,Mali,2011,14,EM
Extranjero,Mujeres,Mali,2010,79,EM
Extranjero,Mujeres,Mali,2009,2,EM
Extranjero,Mujeres,Mali,2008,NA,EM
Extranjero,Mujeres,Marruecos,2020,3511,EM
Extranjero,Mujeres,Marruecos,2019,4467,EM
Extranjero,Mujeres,Marruecos,2018,4196,EM
Extranjero,Mujeres,Marruecos,2017,5456,EM
Extranjero,Mujeres,Marruecos,2016,4084,EM
Extranjero,Mujeres,Marruecos,2015,3523,EM
Extranjero,Mujeres,Marruecos,2014,5172,EM
Extranjero,Mujeres,Marruecos,2013,9581,EM
Extranjero,Mujeres,Marruecos,2012,7443,EM
Extranjero,Mujeres,Marruecos,2011,7024,EM
Extranjero,Mujeres,Marruecos,2010,6344,EM
Extranjero,Mujeres,Marruecos,2009,5704,EM
Extranjero,Mujeres,Marruecos,2008,5023,EM
Extranjero,Mujeres,Mauritania,2020,66,EM
Extranjero,Mujeres,Mauritania,2019,60,EM
Extranjero,Mujeres,Mauritania,2018,69,EM
Extranjero,Mujeres,Mauritania,2017,145,EM
Extranjero,Mujeres,Mauritania,2016,48,EM
Extranjero,Mujeres,Mauritania,2015,68,EM
Extranjero,Mujeres,Mauritania,2014,26,EM
Extranjero,Mujeres,Mauritania,2013,77,EM
Extranjero,Mujeres,Mauritania,2012,61,EM
Extranjero,Mujeres,Mauritania,2011,87,EM
Extranjero,Mujeres,Mauritania,2010,59,EM
Extranjero,Mujeres,Mauritania,2009,40,EM
Extranjero,Mujeres,Mauritania,2008,12,EM
Extranjero,Mujeres,Nigeria,2020,117,EM
Extranjero,Mujeres,Nigeria,2019,175,EM
Extranjero,Mujeres,Nigeria,2018,155,EM
Extranjero,Mujeres,Nigeria,2017,356,EM
Extranjero,Mujeres,Nigeria,2016,163,EM
Extranjero,Mujeres,Nigeria,2015,380,EM
Extranjero,Mujeres,Nigeria,2014,411,EM
Extranjero,Mujeres,Nigeria,2013,616,EM
Extranjero,Mujeres,Nigeria,2012,447,EM
Extranjero,Mujeres,Nigeria,2011,723,EM
Extranjero,Mujeres,Nigeria,2010,926,EM
Extranjero,Mujeres,Nigeria,2009,593,EM
Extranjero,Mujeres,Nigeria,2008,560,EM
Extranjero,Mujeres,Senegal,2020,217,EM
Extranjero,Mujeres,Senegal,2019,94,EM
Extranjero,Mujeres,Senegal,2018,204,EM
Extranjero,Mujeres,Senegal,2017,190,EM
Extranjero,Mujeres,Senegal,2016,132,EM
Extranjero,Mujeres,Senegal,2015,153,EM
Extranjero,Mujeres,Senegal,2014,205,EM
Extranjero,Mujeres,Senegal,2013,293,EM
Extranjero,Mujeres,Senegal,2012,284,EM
Extranjero,Mujeres,Senegal,2011,227,EM
Extranjero,Mujeres,Senegal,2010,196,EM
Extranjero,Mujeres,Senegal,2009,57,EM
Extranjero,Mujeres,Senegal,2008,119,EM
Extranjero,Mujeres,Otro país de África,2020,171,EM
Extranjero,Mujeres,Otro país de África,2019,111,EM
Extranjero,Mujeres,Otro país de África,2018,133,EM
Extranjero,Mujeres,Otro país de África,2017,144,EM
Extranjero,Mujeres,Otro país de África,2016,317,EM
Extranjero,Mujeres,Otro país de África,2015,202,EM
Extranjero,Mujeres,Otro país de África,2014,210,EM
Extranjero,Mujeres,Otro país de África,2013,230,EM
Extranjero,Mujeres,Otro país de África,2012,297,EM
Extranjero,Mujeres,Otro país de África,2011,353,EM
Extranjero,Mujeres,Otro país de África,2010,253,EM
Extranjero,Mujeres,Otro país de África,2009,258,EM
Extranjero,Mujeres,Otro país de África,2008,166,EM
Extranjero,Mujeres,América del Norte,2020,3581,EM
Extranjero,Mujeres,América del Norte,2019,3955,EM
Extranjero,Mujeres,América del Norte,2018,3735,EM
Extranjero,Mujeres,América del Norte,2017,4783,EM
Extranjero,Mujeres,América del Norte,2016,4594,EM
Extranjero,Mujeres,América del Norte,2015,3719,EM
Extranjero,Mujeres,América del Norte,2014,4584,EM
Extranjero,Mujeres,América del Norte,2013,6356,EM
Extranjero,Mujeres,América del Norte,2012,3978,EM
Extranjero,Mujeres,América del Norte,2011,3577,EM
Extranjero,Mujeres,América del Norte,2010,3408,EM
Extranjero,Mujeres,América del Norte,2009,3431,EM
Extranjero,Mujeres,América del Norte,2008,3309,EM
Extranjero,Mujeres,Estados Unidos de América,2020,2507,EM
Extranjero,Mujeres,Estados Unidos de América,2019,2462,EM
Extranjero,Mujeres,Estados Unidos de América,2018,2388,EM
Extranjero,Mujeres,Estados Unidos de América,2017,3286,EM
Extranjero,Mujeres,Estados Unidos de América,2016,3243,EM
Extranjero,Mujeres,Estados Unidos de América,2015,2564,EM
Extranjero,Mujeres,Estados Unidos de América,2014,2988,EM
Extranjero,Mujeres,Estados Unidos de América,2013,3626,EM
Extranjero,Mujeres,Estados Unidos de América,2012,2107,EM
Extranjero,Mujeres,Estados Unidos de América,2011,2139,EM
Extranjero,Mujeres,Estados Unidos de América,2010,1766,EM
Extranjero,Mujeres,Estados Unidos de América,2009,1798,EM
Extranjero,Mujeres,Estados Unidos de América,2008,1956,EM
Extranjero,Mujeres,México,2020,904,EM
Extranjero,Mujeres,México,2019,1313,EM
Extranjero,Mujeres,México,2018,1168,EM
Extranjero,Mujeres,México,2017,1335,EM
Extranjero,Mujeres,México,2016,964,EM
Extranjero,Mujeres,México,2015,975,EM
Extranjero,Mujeres,México,2014,1291,EM
Extranjero,Mujeres,México,2013,2372,EM
Extranjero,Mujeres,México,2012,1600,EM
Extranjero,Mujeres,México,2011,1309,EM
Extranjero,Mujeres,México,2010,1475,EM
Extranjero,Mujeres,México,2009,1345,EM
Extranjero,Mujeres,México,2008,1211,EM
Extranjero,Mujeres,Canadá,2020,170,EM
Extranjero,Mujeres,Canadá,2019,180,EM
Extranjero,Mujeres,Canadá,2018,179,EM
Extranjero,Mujeres,Canadá,2017,162,EM
Extranjero,Mujeres,Canadá,2016,387,EM
Extranjero,Mujeres,Canadá,2015,181,EM
Extranjero,Mujeres,Canadá,2014,305,EM
Extranjero,Mujeres,Canadá,2013,358,EM
Extranjero,Mujeres,Canadá,2012,271,EM
Extranjero,Mujeres,Canadá,2011,129,EM
Extranjero,Mujeres,Canadá,2010,167,EM
Extranjero,Mujeres,Canadá,2009,288,EM
Extranjero,Mujeres,Canadá,2008,142,EM
Extranjero,Mujeres,Centro América y Caribe,2020,4272,EM
Extranjero,Mujeres,Centro América y Caribe,2019,5228,EM
Extranjero,Mujeres,Centro América y Caribe,2018,4107,EM
Extranjero,Mujeres,Centro América y Caribe,2017,4422,EM
Extranjero,Mujeres,Centro América y Caribe,2016,3875,EM
Extranjero,Mujeres,Centro América y Caribe,2015,4117,EM
Extranjero,Mujeres,Centro América y Caribe,2014,5488,EM
Extranjero,Mujeres,Centro América y Caribe,2013,8949,EM
Extranjero,Mujeres,Centro América y Caribe,2012,6346,EM
Extranjero,Mujeres,Centro América y Caribe,2011,5090,EM
Extranjero,Mujeres,Centro América y Caribe,2010,4520,EM
Extranjero,Mujeres,Centro América y Caribe,2009,4184,EM
Extranjero,Mujeres,Centro América y Caribe,2008,3228,EM
Extranjero,Mujeres,Cuba,2020,503,EM
Extranjero,Mujeres,Cuba,2019,751,EM
Extranjero,Mujeres,Cuba,2018,781,EM
Extranjero,Mujeres,Cuba,2017,639,EM
Extranjero,Mujeres,Cuba,2016,460,EM
Extranjero,Mujeres,Cuba,2015,455,EM
Extranjero,Mujeres,Cuba,2014,664,EM
Extranjero,Mujeres,Cuba,2013,868,EM
Extranjero,Mujeres,Cuba,2012,943,EM
Extranjero,Mujeres,Cuba,2011,900,EM
Extranjero,Mujeres,Cuba,2010,969,EM
Extranjero,Mujeres,Cuba,2009,995,EM
Extranjero,Mujeres,Cuba,2008,600,EM
Extranjero,Mujeres,Honduras,2020,1679,EM
Extranjero,Mujeres,Honduras,2019,1860,EM
Extranjero,Mujeres,Honduras,2018,1219,EM
Extranjero,Mujeres,Honduras,2017,1033,EM
Extranjero,Mujeres,Honduras,2016,1145,EM
Extranjero,Mujeres,Honduras,2015,1026,EM
Extranjero,Mujeres,Honduras,2014,1523,EM
Extranjero,Mujeres,Honduras,2013,2423,EM
Extranjero,Mujeres,Honduras,2012,1507,EM
Extranjero,Mujeres,Honduras,2011,1062,EM
Extranjero,Mujeres,Honduras,2010,921,EM
Extranjero,Mujeres,Honduras,2009,831,EM
Extranjero,Mujeres,Honduras,2008,726,EM
Extranjero,Mujeres,Nicaragua,2020,730,EM
Extranjero,Mujeres,Nicaragua,2019,710,EM
Extranjero,Mujeres,Nicaragua,2018,463,EM
Extranjero,Mujeres,Nicaragua,2017,936,EM
Extranjero,Mujeres,Nicaragua,2016,741,EM
Extranjero,Mujeres,Nicaragua,2015,753,EM
Extranjero,Mujeres,Nicaragua,2014,872,EM
Extranjero,Mujeres,Nicaragua,2013,1586,EM
Extranjero,Mujeres,Nicaragua,2012,891,EM
Extranjero,Mujeres,Nicaragua,2011,542,EM
Extranjero,Mujeres,Nicaragua,2010,424,EM
Extranjero,Mujeres,Nicaragua,2009,357,EM
Extranjero,Mujeres,Nicaragua,2008,285,EM
Extranjero,Mujeres,República Dominicana,2020,862,EM
Extranjero,Mujeres,República Dominicana,2019,1211,EM
Extranjero,Mujeres,República Dominicana,2018,1180,EM
Extranjero,Mujeres,República Dominicana,2017,1338,EM
Extranjero,Mujeres,República Dominicana,2016,1207,EM
Extranjero,Mujeres,República Dominicana,2015,1439,EM
Extranjero,Mujeres,República Dominicana,2014,1960,EM
Extranjero,Mujeres,República Dominicana,2013,3029,EM
Extranjero,Mujeres,República Dominicana,2012,2241,EM
Extranjero,Mujeres,República Dominicana,2011,1969,EM
Extranjero,Mujeres,República Dominicana,2010,1758,EM
Extranjero,Mujeres,República Dominicana,2009,1604,EM
Extranjero,Mujeres,República Dominicana,2008,1227,EM
Extranjero,Mujeres,Otros países de Centro América y Caribe,2020,498,EM
Extranjero,Mujeres,Otros países de Centro América y Caribe,2019,696,EM
Extranjero,Mujeres,Otros países de Centro América y Caribe,2018,464,EM
Extranjero,Mujeres,Otros países de Centro América y Caribe,2017,476,EM
Extranjero,Mujeres,Otros países de Centro América y Caribe,2016,322,EM
Extranjero,Mujeres,Otros países de Centro América y Caribe,2015,444,EM
Extranjero,Mujeres,Otros países de Centro América y Caribe,2014,469,EM
Extranjero,Mujeres,Otros países de Centro América y Caribe,2013,1043,EM
Extranjero,Mujeres,Otros países de Centro América y Caribe,2012,764,EM
Extranjero,Mujeres,Otros países de Centro América y Caribe,2011,617,EM
Extranjero,Mujeres,Otros países de Centro América y Caribe,2010,448,EM
Extranjero,Mujeres,Otros países de Centro América y Caribe,2009,398,EM
Extranjero,Mujeres,Otros países de Centro América y Caribe,2008,390,EM
Extranjero,Mujeres,Sudamérica,2020,16182,EM
Extranjero,Mujeres,Sudamérica,2019,21122,EM
Extranjero,Mujeres,Sudamérica,2018,19690,EM
Extranjero,Mujeres,Sudamérica,2017,22717,EM
Extranjero,Mujeres,Sudamérica,2016,16917,EM
Extranjero,Mujeres,Sudamérica,2015,21669,EM
Extranjero,Mujeres,Sudamérica,2014,35819,EM
Extranjero,Mujeres,Sudamérica,2013,68117,EM
Extranjero,Mujeres,Sudamérica,2012,58361,EM
Extranjero,Mujeres,Sudamérica,2011,55850,EM
Extranjero,Mujeres,Sudamérica,2010,54814,EM
Extranjero,Mujeres,Sudamérica,2009,52165,EM
Extranjero,Mujeres,Sudamérica,2008,40729,EM
Extranjero,Mujeres,Argentina,2020,1762,EM
Extranjero,Mujeres,Argentina,2019,2502,EM
Extranjero,Mujeres,Argentina,2018,1994,EM
Extranjero,Mujeres,Argentina,2017,2877,EM
Extranjero,Mujeres,Argentina,2016,2074,EM
Extranjero,Mujeres,Argentina,2015,2303,EM
Extranjero,Mujeres,Argentina,2014,3370,EM
Extranjero,Mujeres,Argentina,2013,6022,EM
Extranjero,Mujeres,Argentina,2012,5253,EM
Extranjero,Mujeres,Argentina,2011,5834,EM
Extranjero,Mujeres,Argentina,2010,6449,EM
Extranjero,Mujeres,Argentina,2009,6658,EM
Extranjero,Mujeres,Argentina,2008,5422,EM
Extranjero,Mujeres,Bolivia,2020,878,EM
Extranjero,Mujeres,Bolivia,2019,1402,EM
Extranjero,Mujeres,Bolivia,2018,1811,EM
Extranjero,Mujeres,Bolivia,2017,2164,EM
Extranjero,Mujeres,Bolivia,2016,2098,EM
Extranjero,Mujeres,Bolivia,2015,3327,EM
Extranjero,Mujeres,Bolivia,2014,5695,EM
Extranjero,Mujeres,Bolivia,2013,11569,EM
Extranjero,Mujeres,Bolivia,2012,9961,EM
Extranjero,Mujeres,Bolivia,2011,9183,EM
Extranjero,Mujeres,Bolivia,2010,10004,EM
Extranjero,Mujeres,Bolivia,2009,10452,EM
Extranjero,Mujeres,Bolivia,2008,9711,EM
Extranjero,Mujeres,Brasil,2020,2204,EM
Extranjero,Mujeres,Brasil,2019,3037,EM
Extranjero,Mujeres,Brasil,2018,3140,EM
Extranjero,Mujeres,Brasil,2017,3256,EM
Extranjero,Mujeres,Brasil,2016,2080,EM
Extranjero,Mujeres,Brasil,2015,2860,EM
Extranjero,Mujeres,Brasil,2014,4335,EM
Extranjero,Mujeres,Brasil,2013,8598,EM
Extranjero,Mujeres,Brasil,2012,7692,EM
Extranjero,Mujeres,Brasil,2011,8263,EM
Extranjero,Mujeres,Brasil,2010,8547,EM
Extranjero,Mujeres,Brasil,2009,8841,EM
Extranjero,Mujeres,Brasil,2008,6753,EM
Extranjero,Mujeres,Colombia,2020,4114,EM
Extranjero,Mujeres,Colombia,2019,4834,EM
Extranjero,Mujeres,Colombia,2018,3969,EM
Extranjero,Mujeres,Colombia,2017,3916,EM
Extranjero,Mujeres,Colombia,2016,2693,EM
Extranjero,Mujeres,Colombia,2015,3154,EM
Extranjero,Mujeres,Colombia,2014,5127,EM
Extranjero,Mujeres,Colombia,2013,8934,EM
Extranjero,Mujeres,Colombia,2012,7583,EM
Extranjero,Mujeres,Colombia,2011,6932,EM
Extranjero,Mujeres,Colombia,2010,6632,EM
Extranjero,Mujeres,Colombia,2009,5912,EM
Extranjero,Mujeres,Colombia,2008,4352,EM
Extranjero,Mujeres,Chile,2020,561,EM
Extranjero,Mujeres,Chile,2019,904,EM
Extranjero,Mujeres,Chile,2018,779,EM
Extranjero,Mujeres,Chile,2017,935,EM
Extranjero,Mujeres,Chile,2016,717,EM
Extranjero,Mujeres,Chile,2015,794,EM
Extranjero,Mujeres,Chile,2014,1533,EM
Extranjero,Mujeres,Chile,2013,2862,EM
Extranjero,Mujeres,Chile,2012,2264,EM
Extranjero,Mujeres,Chile,2011,2137,EM
Extranjero,Mujeres,Chile,2010,2150,EM
Extranjero,Mujeres,Chile,2009,1936,EM
Extranjero,Mujeres,Chile,2008,1426,EM
Extranjero,Mujeres,Ecuador,2020,1632,EM
Extranjero,Mujeres,Ecuador,2019,2339,EM
Extranjero,Mujeres,Ecuador,2018,2746,EM
Extranjero,Mujeres,Ecuador,2017,3559,EM
Extranjero,Mujeres,Ecuador,2016,2339,EM
Extranjero,Mujeres,Ecuador,2015,3462,EM
Extranjero,Mujeres,Ecuador,2014,5873,EM
Extranjero,Mujeres,Ecuador,2013,11050,EM
Extranjero,Mujeres,Ecuador,2012,9732,EM
Extranjero,Mujeres,Ecuador,2011,9874,EM
Extranjero,Mujeres,Ecuador,2010,9118,EM
Extranjero,Mujeres,Ecuador,2009,7449,EM
Extranjero,Mujeres,Ecuador,2008,4993,EM
Extranjero,Mujeres,Paraguay,2020,1404,EM
Extranjero,Mujeres,Paraguay,2019,1916,EM
Extranjero,Mujeres,Paraguay,2018,1887,EM
Extranjero,Mujeres,Paraguay,2017,2130,EM
Extranjero,Mujeres,Paraguay,2016,2112,EM
Extranjero,Mujeres,Paraguay,2015,2661,EM
Extranjero,Mujeres,Paraguay,2014,4621,EM
Extranjero,Mujeres,Paraguay,2013,9063,EM
Extranjero,Mujeres,Paraguay,2012,7818,EM
Extranjero,Mujeres,Paraguay,2011,6209,EM
Extranjero,Mujeres,Paraguay,2010,4721,EM
Extranjero,Mujeres,Paraguay,2009,3942,EM
Extranjero,Mujeres,Paraguay,2008,2773,EM
Extranjero,Mujeres,Perú,2020,1723,EM
Extranjero,Mujeres,Perú,2019,2209,EM
Extranjero,Mujeres,Perú,2018,1760,EM
Extranjero,Mujeres,Perú,2017,1777,EM
Extranjero,Mujeres,Perú,2016,1288,EM
Extranjero,Mujeres,Perú,2015,1441,EM
Extranjero,Mujeres,Perú,2014,2833,EM
Extranjero,Mujeres,Perú,2013,5101,EM
Extranjero,Mujeres,Perú,2012,4287,EM
Extranjero,Mujeres,Perú,2011,3741,EM
Extranjero,Mujeres,Perú,2010,3266,EM
Extranjero,Mujeres,Perú,2009,2662,EM
Extranjero,Mujeres,Perú,2008,1873,EM
Extranjero,Mujeres,Uruguay,2020,295,EM
Extranjero,Mujeres,Uruguay,2019,399,EM
Extranjero,Mujeres,Uruguay,2018,400,EM
Extranjero,Mujeres,Uruguay,2017,544,EM
Extranjero,Mujeres,Uruguay,2016,500,EM
Extranjero,Mujeres,Uruguay,2015,631,EM
Extranjero,Mujeres,Uruguay,2014,1099,EM
Extranjero,Mujeres,Uruguay,2013,1828,EM
Extranjero,Mujeres,Uruguay,2012,1449,EM
Extranjero,Mujeres,Uruguay,2011,1564,EM
Extranjero,Mujeres,Uruguay,2010,1793,EM
Extranjero,Mujeres,Uruguay,2009,2076,EM
Extranjero,Mujeres,Uruguay,2008,1425,EM
Extranjero,Mujeres,Venezuela,2020,1609,EM
Extranjero,Mujeres,Venezuela,2019,1580,EM
Extranjero,Mujeres,Venezuela,2018,1204,EM
Extranjero,Mujeres,Venezuela,2017,1559,EM
Extranjero,Mujeres,Venezuela,2016,1017,EM
Extranjero,Mujeres,Venezuela,2015,1036,EM
Extranjero,Mujeres,Venezuela,2014,1333,EM
Extranjero,Mujeres,Venezuela,2013,3058,EM
Extranjero,Mujeres,Venezuela,2012,2322,EM
Extranjero,Mujeres,Venezuela,2011,2116,EM
Extranjero,Mujeres,Venezuela,2010,2125,EM
Extranjero,Mujeres,Venezuela,2009,2237,EM
Extranjero,Mujeres,Venezuela,2008,2000,EM
Extranjero,Mujeres,Otro país de Sudamérica,2020,0,EM
Extranjero,Mujeres,Otro país de Sudamérica,2019,0,EM
Extranjero,Mujeres,Otro país de Sudamérica,2018,0,EM
Extranjero,Mujeres,Otro país de Sudamérica,2017,0,EM
Extranjero,Mujeres,Otro país de Sudamérica,2016,0,EM
Extranjero,Mujeres,Otro país de Sudamérica,2015,2,EM
Extranjero,Mujeres,Otro país de Sudamérica,2014,1,EM
Extranjero,Mujeres,Otro país de Sudamérica,2013,31,EM
Extranjero,Mujeres,Otro país de Sudamérica,2012,NA,EM
Extranjero,Mujeres,Otro país de Sudamérica,2011,NA,EM
Extranjero,Mujeres,Otro país de Sudamérica,2010,9,EM
Extranjero,Mujeres,Otro país de Sudamérica,2009,1,EM
Extranjero,Mujeres,Otro país de Sudamérica,2008,NA,EM
Extranjero,Mujeres,Asia,2020,4307,EM
Extranjero,Mujeres,Asia,2019,6543,EM
Extranjero,Mujeres,Asia,2018,5159,EM
Extranjero,Mujeres,Asia,2017,5983,EM
Extranjero,Mujeres,Asia,2016,5487,EM
Extranjero,Mujeres,Asia,2015,5176,EM
Extranjero,Mujeres,Asia,2014,6805,EM
Extranjero,Mujeres,Asia,2013,10208,EM
Extranjero,Mujeres,Asia,2012,8478,EM
Extranjero,Mujeres,Asia,2011,8492,EM
Extranjero,Mujeres,Asia,2010,6290,EM
Extranjero,Mujeres,Asia,2009,5111,EM
Extranjero,Mujeres,Asia,2008,3899,EM
Extranjero,Mujeres,Bangladesh,2020,0,EM
Extranjero,Mujeres,Bangladesh,2019,86,EM
Extranjero,Mujeres,Bangladesh,2018,2,EM
Extranjero,Mujeres,Bangladesh,2017,58,EM
Extranjero,Mujeres,Bangladesh,2016,77,EM
Extranjero,Mujeres,Bangladesh,2015,16,EM
Extranjero,Mujeres,Bangladesh,2014,51,EM
Extranjero,Mujeres,Bangladesh,2013,145,EM
Extranjero,Mujeres,Bangladesh,2012,3,EM
Extranjero,Mujeres,Bangladesh,2011,75,EM
Extranjero,Mujeres,Bangladesh,2010,63,EM
Extranjero,Mujeres,Bangladesh,2009,79,EM
Extranjero,Mujeres,Bangladesh,2008,47,EM
Extranjero,Mujeres,China,2020,2840,EM
Extranjero,Mujeres,China,2019,3709,EM
Extranjero,Mujeres,China,2018,3245,EM
Extranjero,Mujeres,China,2017,3444,EM
Extranjero,Mujeres,China,2016,3218,EM
Extranjero,Mujeres,China,2015,3257,EM
Extranjero,Mujeres,China,2014,4174,EM
Extranjero,Mujeres,China,2013,6142,EM
Extranjero,Mujeres,China,2012,5458,EM
Extranjero,Mujeres,China,2011,5127,EM
Extranjero,Mujeres,China,2010,4320,EM
Extranjero,Mujeres,China,2009,3424,EM
Extranjero,Mujeres,China,2008,2372,EM
Extranjero,Mujeres,Filipinas,2020,319,EM
Extranjero,Mujeres,Filipinas,2019,363,EM
Extranjero,Mujeres,Filipinas,2018,430,EM
Extranjero,Mujeres,Filipinas,2017,496,EM
Extranjero,Mujeres,Filipinas,2016,345,EM
Extranjero,Mujeres,Filipinas,2015,436,EM
Extranjero,Mujeres,Filipinas,2014,423,EM
Extranjero,Mujeres,Filipinas,2013,863,EM
Extranjero,Mujeres,Filipinas,2012,681,EM
Extranjero,Mujeres,Filipinas,2011,754,EM
Extranjero,Mujeres,Filipinas,2010,577,EM
Extranjero,Mujeres,Filipinas,2009,276,EM
Extranjero,Mujeres,Filipinas,2008,251,EM
Extranjero,Mujeres,India,2020,322,EM
Extranjero,Mujeres,India,2019,506,EM
Extranjero,Mujeres,India,2018,303,EM
Extranjero,Mujeres,India,2017,468,EM
Extranjero,Mujeres,India,2016,259,EM
Extranjero,Mujeres,India,2015,284,EM
Extranjero,Mujeres,India,2014,219,EM
Extranjero,Mujeres,India,2013,607,EM
Extranjero,Mujeres,India,2012,643,EM
Extranjero,Mujeres,India,2011,523,EM
Extranjero,Mujeres,India,2010,354,EM
Extranjero,Mujeres,India,2009,310,EM
Extranjero,Mujeres,India,2008,310,EM
Extranjero,Mujeres,Pakistán,2020,128,EM
Extranjero,Mujeres,Pakistán,2019,733,EM
Extranjero,Mujeres,Pakistán,2018,528,EM
Extranjero,Mujeres,Pakistán,2017,628,EM
Extranjero,Mujeres,Pakistán,2016,608,EM
Extranjero,Mujeres,Pakistán,2015,346,EM
Extranjero,Mujeres,Pakistán,2014,889,EM
Extranjero,Mujeres,Pakistán,2013,1050,EM
Extranjero,Mujeres,Pakistán,2012,995,EM
Extranjero,Mujeres,Pakistán,2011,1109,EM
Extranjero,Mujeres,Pakistán,2010,380,EM
Extranjero,Mujeres,Pakistán,2009,410,EM
Extranjero,Mujeres,Pakistán,2008,321,EM
Extranjero,Mujeres,Otro país de Asia,2020,698,EM
Extranjero,Mujeres,Otro país de Asia,2019,1146,EM
Extranjero,Mujeres,Otro país de Asia,2018,651,EM
Extranjero,Mujeres,Otro país de Asia,2017,889,EM
Extranjero,Mujeres,Otro país de Asia,2016,980,EM
Extranjero,Mujeres,Otro país de Asia,2015,838,EM
Extranjero,Mujeres,Otro país de Asia,2014,1049,EM
Extranjero,Mujeres,Otro país de Asia,2013,1401,EM
Extranjero,Mujeres,Otro país de Asia,2012,699,EM
Extranjero,Mujeres,Otro país de Asia,2011,904,EM
Extranjero,Mujeres,Otro país de Asia,2010,597,EM
Extranjero,Mujeres,Otro país de Asia,2009,613,EM
Extranjero,Mujeres,Otro país de Asia,2008,599,EM
Extranjero,Mujeres,Oceanía,2020,65,EM
Extranjero,Mujeres,Oceanía,2019,143,EM
Extranjero,Mujeres,Oceanía,2018,66,EM
Extranjero,Mujeres,Oceanía,2017,135,EM
Extranjero,Mujeres,Oceanía,2016,260,EM
Extranjero,Mujeres,Oceanía,2015,78,EM
Extranjero,Mujeres,Oceanía,2014,247,EM
Extranjero,Mujeres,Oceanía,2013,346,EM
Extranjero,Mujeres,Oceanía,2012,141,EM
Extranjero,Mujeres,Oceanía,2011,142,EM
Extranjero,Mujeres,Oceanía,2010,136,EM
Extranjero,Mujeres,Oceanía,2009,211,EM
Extranjero,Mujeres,Oceanía,2008,132,EM
Total,Ambos sexos,Total,2024,662294,EMCR
Total,Ambos sexos,Total,2023,608695,EMCR
Total,Ambos sexos,Total,2022,531889,EMCR
Total,Ambos sexos,Total,2021,696866,EMCR
Total,Ambos sexos,UE27_2020 sin España,2024,201358,EMCR
Total,Ambos sexos,UE27_2020 sin España,2023,212008,EMCR
Total,Ambos sexos,UE27_2020 sin España,2022,204762,EMCR
Total,Ambos sexos,UE27_2020 sin España,2021,234104,EMCR
Total,Ambos sexos,Bélgica,2024,10456,EMCR
Total,Ambos sexos,Bélgica,2023,10814,EMCR
Total,Ambos sexos,Bélgica,2022,9644,EMCR
Total,Ambos sexos,Bélgica,2021,9445,EMCR
Total,Ambos sexos,Bulgaria,2024,9378,EMCR
Total,Ambos sexos,Bulgaria,2023,10082,EMCR
Total,Ambos sexos,Bulgaria,2022,10984,EMCR
Total,Ambos sexos,Bulgaria,2021,12601,EMCR
Total,Ambos sexos,Dinamarca,2024,2211,EMCR
Total,Ambos sexos,Dinamarca,2023,2622,EMCR
Total,Ambos sexos,Dinamarca,2022,2116,EMCR
Total,Ambos sexos,Dinamarca,2021,2338,EMCR
Total,Ambos sexos,Finlandia,2024,1873,EMCR
Total,Ambos sexos,Finlandia,2023,1797,EMCR
Total,Ambos sexos,Finlandia,2022,1438,EMCR
Total,Ambos sexos,Finlandia,2021,1637,EMCR
Total,Ambos sexos,Francia,2024,34818,EMCR
Total,Ambos sexos,Francia,2023,36808,EMCR
Total,Ambos sexos,Francia,2022,35510,EMCR
Total,Ambos sexos,Francia,2021,37863,EMCR
Total,Ambos sexos,Irlanda,2024,4589,EMCR
Total,Ambos sexos,Irlanda,2023,4808,EMCR
Total,Ambos sexos,Irlanda,2022,3936,EMCR
Total,Ambos sexos,Irlanda,2021,4403,EMCR
Total,Ambos sexos,Italia,2024,21629,EMCR
Total,Ambos sexos,Italia,2023,21744,EMCR
Total,Ambos sexos,Italia,2022,20617,EMCR
Total,Ambos sexos,Italia,2021,25531,EMCR
Total,Ambos sexos,Países Bajos,2024,8401,EMCR
Total,Ambos sexos,Países Bajos,2023,9611,EMCR
Total,Ambos sexos,Países Bajos,2022,7997,EMCR
Total,Ambos sexos,Países Bajos,2021,8395,EMCR
Total,Ambos sexos,Polonia,2024,5177,EMCR
Total,Ambos sexos,Polonia,2023,4861,EMCR
Total,Ambos sexos,Polonia,2022,4891,EMCR
Total,Ambos sexos,Polonia,2021,5679,EMCR
Total,Ambos sexos,Portugal,2024,10196,EMCR
Total,Ambos sexos,Portugal,2023,11020,EMCR
Total,Ambos sexos,Portugal,2022,10967,EMCR
Total,Ambos sexos,Portugal,2021,11997,EMCR
Total,Ambos sexos,Alemania,2024,28401,EMCR
Total,Ambos sexos,Alemania,2023,30030,EMCR
Total,Ambos sexos,Alemania,2022,27038,EMCR
Total,Ambos sexos,Alemania,2021,30214,EMCR
Total,Ambos sexos,Rumanía,2024,47044,EMCR
Total,Ambos sexos,Rumanía,2023,51316,EMCR
Total,Ambos sexos,Rumanía,2022,55319,EMCR
Total,Ambos sexos,Rumanía,2021,67158,EMCR
Total,Ambos sexos,Suecia,2024,4458,EMCR
Total,Ambos sexos,Suecia,2023,4703,EMCR
Total,Ambos sexos,Suecia,2022,3422,EMCR
Total,Ambos sexos,Suecia,2021,4478,EMCR
Total,Ambos sexos,Lituania,2024,1464,EMCR
Total,Ambos sexos,Lituania,2023,1428,EMCR
Total,Ambos sexos,Lituania,2022,1292,EMCR
Total,Ambos sexos,Lituania,2021,1750,EMCR
Total,Ambos sexos,Otro país de la Unión Europea sin España,2024,11263,EMCR
Total,Ambos sexos,Otro país de la Unión Europea sin España,2023,10364,EMCR
Total,Ambos sexos,Otro país de la Unión Europea sin España,2022,9591,EMCR
Total,Ambos sexos,Otro país de la Unión Europea sin España,2021,10615,EMCR
Total,Ambos sexos,Europa menos UE27_2020,2024,110271,EMCR
Total,Ambos sexos,Europa menos UE27_2020,2023,90475,EMCR
Total,Ambos sexos,Europa menos UE27_2020,2022,74283,EMCR
Total,Ambos sexos,Europa menos UE27_2020,2021,101853,EMCR
Total,Ambos sexos,Noruega,2024,3012,EMCR
Total,Ambos sexos,Noruega,2023,3461,EMCR
Total,Ambos sexos,Noruega,2022,2948,EMCR
Total,Ambos sexos,Noruega,2021,3346,EMCR
Total,Ambos sexos,Reino Unido,2024,39802,EMCR
Total,Ambos sexos,Reino Unido,2023,44501,EMCR
Total,Ambos sexos,Reino Unido,2022,43523,EMCR
Total,Ambos sexos,Reino Unido,2021,58837,EMCR
Total,Ambos sexos,Suiza,2024,10301,EMCR
Total,Ambos sexos,Suiza,2023,10424,EMCR
Total,Ambos sexos,Suiza,2022,8964,EMCR
Total,Ambos sexos,Suiza,2021,9643,EMCR
Total,Ambos sexos,Ucrania,2024,37375,EMCR
Total,Ambos sexos,Ucrania,2023,14288,EMCR
Total,Ambos sexos,Ucrania,2022,5039,EMCR
Total,Ambos sexos,Ucrania,2021,8155,EMCR
Total,Ambos sexos,Moldavia,2024,1409,EMCR
Total,Ambos sexos,Moldavia,2023,1502,EMCR
Total,Ambos sexos,Moldavia,2022,1200,EMCR
Total,Ambos sexos,Moldavia,2021,1555,EMCR
Total,Ambos sexos,Rusia,2024,8440,EMCR
Total,Ambos sexos,Rusia,2023,6888,EMCR
Total,Ambos sexos,Rusia,2022,4650,EMCR
Total,Ambos sexos,Rusia,2021,9278,EMCR
Total,Ambos sexos,Otro país del resto de Europa,2024,9932,EMCR
Total,Ambos sexos,Otro país del resto de Europa,2023,9411,EMCR
Total,Ambos sexos,Otro país del resto de Europa,2022,7959,EMCR
Total,Ambos sexos,Otro país del resto de Europa,2021,11039,EMCR
Total,Ambos sexos,África,2024,81217,EMCR
Total,Ambos sexos,África,2023,76956,EMCR
Total,Ambos sexos,África,2022,60175,EMCR
Total,Ambos sexos,África,2021,95896,EMCR
Total,Ambos sexos,Argelia,2024,6340,EMCR
Total,Ambos sexos,Argelia,2023,5853,EMCR
Total,Ambos sexos,Argelia,2022,4914,EMCR
Total,Ambos sexos,Argelia,2021,8380,EMCR
Total,Ambos sexos,Gambia,2024,2002,EMCR
Total,Ambos sexos,Gambia,2023,2025,EMCR
Total,Ambos sexos,Gambia,2022,1383,EMCR
Total,Ambos sexos,Gambia,2021,1729,EMCR
Total,Ambos sexos,Ghana,2024,1445,EMCR
Total,Ambos sexos,Ghana,2023,1582,EMCR
Total,Ambos sexos,Ghana,2022,1231,EMCR
Total,Ambos sexos,Ghana,2021,1827,EMCR
Total,Ambos sexos,Guinea,2024,1017,EMCR
Total,Ambos sexos,Guinea,2023,1077,EMCR
Total,Ambos sexos,Guinea,2022,967,EMCR
Total,Ambos sexos,Guinea,2021,1516,EMCR
Total,Ambos sexos,Guinea Ecuatorial,2024,1669,EMCR
Total,Ambos sexos,Guinea Ecuatorial,2023,1475,EMCR
Total,Ambos sexos,Guinea Ecuatorial,2022,1410,EMCR
Total,Ambos sexos,Guinea Ecuatorial,2021,2229,EMCR
Total,Ambos sexos,Mali,2024,2770,EMCR
Total,Ambos sexos,Mali,2023,2993,EMCR
Total,Ambos sexos,Mali,2022,2080,EMCR
Total,Ambos sexos,Mali,2021,2761,EMCR
Total,Ambos sexos,Marruecos,2024,51008,EMCR
Total,Ambos sexos,Marruecos,2023,46854,EMCR
Total,Ambos sexos,Marruecos,2022,37237,EMCR
Total,Ambos sexos,Marruecos,2021,61667,EMCR
Total,Ambos sexos,Mauritania,2024,1073,EMCR
Total,Ambos sexos,Mauritania,2023,1243,EMCR
Total,Ambos sexos,Mauritania,2022,676,EMCR
Total,Ambos sexos,Mauritania,2021,1052,EMCR
Total,Ambos sexos,Nigeria,2024,1711,EMCR
Total,Ambos sexos,Nigeria,2023,1838,EMCR
Total,Ambos sexos,Nigeria,2022,1750,EMCR
Total,Ambos sexos,Nigeria,2021,2224,EMCR
Total,Ambos sexos,Senegal,2024,6306,EMCR
Total,Ambos sexos,Senegal,2023,6579,EMCR
Total,Ambos sexos,Senegal,2022,4464,EMCR
Total,Ambos sexos,Senegal,2021,6458,EMCR
Total,Ambos sexos,Otro país de África,2024,5876,EMCR
Total,Ambos sexos,Otro país de África,2023,5437,EMCR
Total,Ambos sexos,Otro país de África,2022,4063,EMCR
Total,Ambos sexos,Otro país de África,2021,6053,EMCR
Total,Ambos sexos,América del Norte,2024,33149,EMCR
Total,Ambos sexos,América del Norte,2023,32392,EMCR
Total,Ambos sexos,América del Norte,2022,27404,EMCR
Total,Ambos sexos,América del Norte,2021,31861,EMCR
Total,Ambos sexos,Estados Unidos de América,2024,23175,EMCR
Total,Ambos sexos,Estados Unidos de América,2023,22841,EMCR
Total,Ambos sexos,Estados Unidos de América,2022,19919,EMCR
Total,Ambos sexos,Estados Unidos de América,2021,21903,EMCR
Total,Ambos sexos,México,2024,7098,EMCR
Total,Ambos sexos,México,2023,6792,EMCR
Total,Ambos sexos,México,2022,5331,EMCR
Total,Ambos sexos,México,2021,7327,EMCR
Total,Ambos sexos,Canadá,2024,2876,EMCR
Total,Ambos sexos,Canadá,2023,2759,EMCR
Total,Ambos sexos,Canadá,2022,2154,EMCR
Total,Ambos sexos,Canadá,2021,2631,EMCR
Total,Ambos sexos,Centro América y Caribe,2024,35506,EMCR
Total,Ambos sexos,Centro América y Caribe,2023,31500,EMCR
Total,Ambos sexos,Centro América y Caribe,2022,28435,EMCR
Total,Ambos sexos,Centro América y Caribe,2021,37985,EMCR
Total,Ambos sexos,Cuba,2024,4876,EMCR
Total,Ambos sexos,Cuba,2023,4205,EMCR
Total,Ambos sexos,Cuba,2022,3975,EMCR
Total,Ambos sexos,Cuba,2021,5645,EMCR
Total,Ambos sexos,Honduras,2024,10258,EMCR
Total,Ambos sexos,Honduras,2023,9041,EMCR
Total,Ambos sexos,Honduras,2022,6984,EMCR
Total,Ambos sexos,Honduras,2021,10786,EMCR
Total,Ambos sexos,Nicaragua,2024,6543,EMCR
Total,Ambos sexos,Nicaragua,2023,6193,EMCR
Total,Ambos sexos,Nicaragua,2022,5291,EMCR
Total,Ambos sexos,Nicaragua,2021,6697,EMCR
Total,Ambos sexos,República Dominicana,2024,7728,EMCR
Total,Ambos sexos,República Dominicana,2023,6579,EMCR
Total,Ambos sexos,República Dominicana,2022,7355,EMCR
Total,Ambos sexos,República Dominicana,2021,8464,EMCR
Total,Ambos sexos,Otros países de Centro América y Caribe,2024,6101,EMCR
Total,Ambos sexos,Otros países de Centro América y Caribe,2023,5482,EMCR
Total,Ambos sexos,Otros países de Centro América y Caribe,2022,4830,EMCR
Total,Ambos sexos,Otros países de Centro América y Caribe,2021,6393,EMCR
Total,Ambos sexos,Sudamérica,2024,154810,EMCR
Total,Ambos sexos,Sudamérica,2023,119463,EMCR
Total,Ambos sexos,Sudamérica,2022,97385,EMCR
Total,Ambos sexos,Sudamérica,2021,136816,EMCR
Total,Ambos sexos,Argentina,2024,18846,EMCR
Total,Ambos sexos,Argentina,2023,16150,EMCR
Total,Ambos sexos,Argentina,2022,12354,EMCR
Total,Ambos sexos,Argentina,2021,16916,EMCR
Total,Ambos sexos,Bolivia,2024,5506,EMCR
Total,Ambos sexos,Bolivia,2023,5334,EMCR
Total,Ambos sexos,Bolivia,2022,5272,EMCR
Total,Ambos sexos,Bolivia,2021,6754,EMCR
Total,Ambos sexos,Brasil,2024,12225,EMCR
Total,Ambos sexos,Brasil,2023,10321,EMCR
Total,Ambos sexos,Brasil,2022,8634,EMCR
Total,Ambos sexos,Brasil,2021,15116,EMCR
Total,Ambos sexos,Colombia,2024,48670,EMCR
Total,Ambos sexos,Colombia,2023,31961,EMCR
Total,Ambos sexos,Colombia,2022,23523,EMCR
Total,Ambos sexos,Colombia,2021,34290,EMCR
Total,Ambos sexos,Chile,2024,5567,EMCR
Total,Ambos sexos,Chile,2023,4786,EMCR
Total,Ambos sexos,Chile,2022,3868,EMCR
Total,Ambos sexos,Chile,2021,5733,EMCR
Total,Ambos sexos,Ecuador,2024,11091,EMCR
Total,Ambos sexos,Ecuador,2023,11301,EMCR
Total,Ambos sexos,Ecuador,2022,11571,EMCR
Total,Ambos sexos,Ecuador,2021,12968,EMCR
Total,Ambos sexos,Paraguay,2024,8980,EMCR
Total,Ambos sexos,Paraguay,2023,6766,EMCR
Total,Ambos sexos,Paraguay,2022,5580,EMCR
Total,Ambos sexos,Paraguay,2021,8435,EMCR
Total,Ambos sexos,Perú,2024,20275,EMCR
Total,Ambos sexos,Perú,2023,13022,EMCR
Total,Ambos sexos,Perú,2022,9532,EMCR
Total,Ambos sexos,Perú,2021,13624,EMCR
Total,Ambos sexos,Uruguay,2024,3440,EMCR
Total,Ambos sexos,Uruguay,2023,3331,EMCR
Total,Ambos sexos,Uruguay,2022,2991,EMCR
Total,Ambos sexos,Uruguay,2021,4204,EMCR
Total,Ambos sexos,Venezuela,2024,20190,EMCR
Total,Ambos sexos,Venezuela,2023,16481,EMCR
Total,Ambos sexos,Venezuela,2022,14054,EMCR
Total,Ambos sexos,Venezuela,2021,18759,EMCR
Total,Ambos sexos,Otro país de Sudamérica,2024,20,EMCR
Total,Ambos sexos,Otro país de Sudamérica,2023,10,EMCR
Total,Ambos sexos,Otro país de Sudamérica,2022,6,EMCR
Total,Ambos sexos,Otro país de Sudamérica,2021,17,EMCR
Total,Ambos sexos,Asia,2024,43195,EMCR
Total,Ambos sexos,Asia,2023,43093,EMCR
Total,Ambos sexos,Asia,2022,36492,EMCR
Total,Ambos sexos,Asia,2021,54662,EMCR
Total,Ambos sexos,Bangladesh,2024,1156,EMCR
Total,Ambos sexos,Bangladesh,2023,947,EMCR
Total,Ambos sexos,Bangladesh,2022,1034,EMCR
Total,Ambos sexos,Bangladesh,2021,2164,EMCR
Total,Ambos sexos,China,2024,13330,EMCR
Total,Ambos sexos,China,2023,14182,EMCR
Total,Ambos sexos,China,2022,12635,EMCR
Total,Ambos sexos,China,2021,20776,EMCR
Total,Ambos sexos,Filipinas,2024,2124,EMCR
Total,Ambos sexos,Filipinas,2023,1989,EMCR
Total,Ambos sexos,Filipinas,2022,2075,EMCR
Total,Ambos sexos,Filipinas,2021,2173,EMCR
Total,Ambos sexos,India,2024,4563,EMCR
Total,Ambos sexos,India,2023,4337,EMCR
Total,Ambos sexos,India,2022,3198,EMCR
Total,Ambos sexos,India,2021,5482,EMCR
Total,Ambos sexos,Pakistán,2024,6957,EMCR
Total,Ambos sexos,Pakistán,2023,7413,EMCR
Total,Ambos sexos,Pakistán,2022,5687,EMCR
Total,Ambos sexos,Pakistán,2021,9459,EMCR
Total,Ambos sexos,Otro país de Asia,2024,15065,EMCR
Total,Ambos sexos,Otro país de Asia,2023,14225,EMCR
Total,Ambos sexos,Otro país de Asia,2022,11863,EMCR
Total,Ambos sexos,Otro país de Asia,2021,14608,EMCR
Total,Ambos sexos,Oceanía,2024,2788,EMCR
Total,Ambos sexos,Oceanía,2023,2808,EMCR
Total,Ambos sexos,Oceanía,2022,2953,EMCR
Total,Ambos sexos,Oceanía,2021,3689,EMCR
Total,Hombres,Total,2024,351427,EMCR
Total,Hombres,Total,2023,327662,EMCR
Total,Hombres,Total,2022,287858,EMCR
Total,Hombres,Total,2021,372847,EMCR
Total,Hombres,UE27_2020 sin España,2024,108529,EMCR
Total,Hombres,UE27_2020 sin España,2023,112662,EMCR
Total,Hombres,UE27_2020 sin España,2022,108823,EMCR
Total,Hombres,UE27_2020 sin España,2021,124207,EMCR
Total,Hombres,Bélgica,2024,5708,EMCR
Total,Hombres,Bélgica,2023,5702,EMCR
Total,Hombres,Bélgica,2022,5107,EMCR
Total,Hombres,Bélgica,2021,5095,EMCR
Total,Hombres,Bulgaria,2024,4937,EMCR
Total,Hombres,Bulgaria,2023,5325,EMCR
Total,Hombres,Bulgaria,2022,5817,EMCR
Total,Hombres,Bulgaria,2021,6506,EMCR
Total,Hombres,Dinamarca,2024,1258,EMCR
Total,Hombres,Dinamarca,2023,1401,EMCR
Total,Hombres,Dinamarca,2022,1191,EMCR
Total,Hombres,Dinamarca,2021,1202,EMCR
Total,Hombres,Finlandia,2024,931,EMCR
Total,Hombres,Finlandia,2023,903,EMCR
Total,Hombres,Finlandia,2022,774,EMCR
Total,Hombres,Finlandia,2021,795,EMCR
Total,Hombres,Francia,2024,19310,EMCR
Total,Hombres,Francia,2023,20000,EMCR
Total,Hombres,Francia,2022,19164,EMCR
Total,Hombres,Francia,2021,20243,EMCR
Total,Hombres,Irlanda,2024,2423,EMCR
Total,Hombres,Irlanda,2023,2510,EMCR
Total,Hombres,Irlanda,2022,2143,EMCR
Total,Hombres,Irlanda,2021,2157,EMCR
Total,Hombres,Italia,2024,11820,EMCR
Total,Hombres,Italia,2023,11996,EMCR
Total,Hombres,Italia,2022,11279,EMCR
Total,Hombres,Italia,2021,14177,EMCR
Total,Hombres,Países Bajos,2024,4474,EMCR
Total,Hombres,Países Bajos,2023,5065,EMCR
Total,Hombres,Países Bajos,2022,4271,EMCR
Total,Hombres,Países Bajos,2021,4500,EMCR
Total,Hombres,Polonia,2024,2592,EMCR
Total,Hombres,Polonia,2023,2433,EMCR
Total,Hombres,Polonia,2022,2453,EMCR
Total,Hombres,Polonia,2021,2804,EMCR
Total,Hombres,Portugal,2024,6107,EMCR
Total,Hombres,Portugal,2023,6584,EMCR
Total,Hombres,Portugal,2022,6501,EMCR
Total,Hombres,Portugal,2021,7082,EMCR
Total,Hombres,Alemania,2024,15043,EMCR
Total,Hombres,Alemania,2023,15428,EMCR
Total,Hombres,Alemania,2022,14280,EMCR
Total,Hombres,Alemania,2021,16038,EMCR
Total,Hombres,Rumanía,2024,24825,EMCR
Total,Hombres,Rumanía,2023,26879,EMCR
Total,Hombres,Rumanía,2022,28410,EMCR
Total,Hombres,Rumanía,2021,34944,EMCR
Total,Hombres,Suecia,2024,2284,EMCR
Total,Hombres,Suecia,2023,2433,EMCR
Total,Hombres,Suecia,2022,1710,EMCR
Total,Hombres,Suecia,2021,2324,EMCR
Total,Hombres,Lituania,2024,731,EMCR
Total,Hombres,Lituania,2023,673,EMCR
Total,Hombres,Lituania,2022,640,EMCR
Total,Hombres,Lituania,2021,878,EMCR
Total,Hombres,Otro país de la Unión Europea sin España,2024,6086,EMCR
Total,Hombres,Otro país de la Unión Europea sin España,2023,5330,EMCR
Total,Hombres,Otro país de la Unión Europea sin España,2022,5083,EMCR
Total,Hombres,Otro país de la Unión Europea sin España,2021,5462,EMCR
Total,Hombres,Europa menos UE27_2020,2024,51083,EMCR
Total,Hombres,Europa menos UE27_2020,2023,45142,EMCR
Total,Hombres,Europa menos UE27_2020,2022,38777,EMCR
Total,Hombres,Europa menos UE27_2020,2021,52660,EMCR
Total,Hombres,Noruega,2024,1580,EMCR
Total,Hombres,Noruega,2023,1815,EMCR
Total,Hombres,Noruega,2022,1569,EMCR
Total,Hombres,Noruega,2021,1751,EMCR
Total,Hombres,Reino Unido,2024,20608,EMCR
Total,Hombres,Reino Unido,2023,23505,EMCR
Total,Hombres,Reino Unido,2022,22949,EMCR
Total,Hombres,Reino Unido,2021,30890,EMCR
Total,Hombres,Suiza,2024,5711,EMCR
Total,Hombres,Suiza,2023,5480,EMCR
Total,Hombres,Suiza,2022,4716,EMCR
Total,Hombres,Suiza,2021,5275,EMCR
Total,Hombres,Ucrania,2024,12829,EMCR
Total,Hombres,Ucrania,2023,5331,EMCR
Total,Hombres,Ucrania,2022,2387,EMCR
Total,Hombres,Ucrania,2021,3856,EMCR
Total,Hombres,Moldavia,2024,724,EMCR
Total,Hombres,Moldavia,2023,745,EMCR
Total,Hombres,Moldavia,2022,619,EMCR
Total,Hombres,Moldavia,2021,763,EMCR
Total,Hombres,Rusia,2024,3832,EMCR
Total,Hombres,Rusia,2023,2815,EMCR
Total,Hombres,Rusia,2022,1878,EMCR
Total,Hombres,Rusia,2021,3947,EMCR
Total,Hombres,Otro país del resto de Europa,2024,5799,EMCR
Total,Hombres,Otro país del resto de Europa,2023,5451,EMCR
Total,Hombres,Otro país del resto de Europa,2022,4659,EMCR
Total,Hombres,Otro país del resto de Europa,2021,6178,EMCR
Total,Hombres,África,2024,57387,EMCR
Total,Hombres,África,2023,55405,EMCR
Total,Hombres,África,2022,42439,EMCR
Total,Hombres,África,2021,63849,EMCR
Total,Hombres,Argelia,2024,4533,EMCR
Total,Hombres,Argelia,2023,4293,EMCR
Total,Hombres,Argelia,2022,3608,EMCR
Total,Hombres,Argelia,2021,5694,EMCR
Total,Hombres,Gambia,2024,1835,EMCR
Total,Hombres,Gambia,2023,1849,EMCR
Total,Hombres,Gambia,2022,1245,EMCR
Total,Hombres,Gambia,2021,1564,EMCR
Total,Hombres,Ghana,2024,1124,EMCR
Total,Hombres,Ghana,2023,1320,EMCR
Total,Hombres,Ghana,2022,1003,EMCR
Total,Hombres,Ghana,2021,1447,EMCR
Total,Hombres,Guinea,2024,825,EMCR
Total,Hombres,Guinea,2023,887,EMCR
Total,Hombres,Guinea,2022,799,EMCR
Total,Hombres,Guinea,2021,1232,EMCR
Total,Hombres,Guinea Ecuatorial,2024,774,EMCR
Total,Hombres,Guinea Ecuatorial,2023,693,EMCR
Total,Hombres,Guinea Ecuatorial,2022,640,EMCR
Total,Hombres,Guinea Ecuatorial,2021,966,EMCR
Total,Hombres,Mali,2024,2608,EMCR
Total,Hombres,Mali,2023,2823,EMCR
Total,Hombres,Mali,2022,1941,EMCR
Total,Hombres,Mali,2021,2528,EMCR
Total,Hombres,Marruecos,2024,34535,EMCR
Total,Hombres,Marruecos,2023,32010,EMCR
Total,Hombres,Marruecos,2022,25063,EMCR
Total,Hombres,Marruecos,2021,38886,EMCR
Total,Hombres,Mauritania,2024,750,EMCR
Total,Hombres,Mauritania,2023,897,EMCR
Total,Hombres,Mauritania,2022,488,EMCR
Total,Hombres,Mauritania,2021,730,EMCR
Total,Hombres,Nigeria,2024,1199,EMCR
Total,Hombres,Nigeria,2023,1242,EMCR
Total,Hombres,Nigeria,2022,1168,EMCR
Total,Hombres,Nigeria,2021,1494,EMCR
Total,Hombres,Senegal,2024,5410,EMCR
Total,Hombres,Senegal,2023,5782,EMCR
Total,Hombres,Senegal,2022,3884,EMCR
Total,Hombres,Senegal,2021,5353,EMCR
Total,Hombres,Otro país de África,2024,3794,EMCR
Total,Hombres,Otro país de África,2023,3609,EMCR
Total,Hombres,Otro país de África,2022,2600,EMCR
Total,Hombres,Otro país de África,2021,3955,EMCR
Total,Hombres,América del Norte,2024,16634,EMCR
Total,Hombres,América del Norte,2023,16012,EMCR
Total,Hombres,América del Norte,2022,13953,EMCR
Total,Hombres,América del Norte,2021,15681,EMCR
Total,Hombres,Estados Unidos de América,2024,11556,EMCR
Total,Hombres,Estados Unidos de América,2023,11084,EMCR
Total,Hombres,Estados Unidos de América,2022,9952,EMCR
Total,Hombres,Estados Unidos de América,2021,10693,EMCR
Total,Hombres,México,2024,3475,EMCR
Total,Hombres,México,2023,3429,EMCR
Total,Hombres,México,2022,2870,EMCR
Total,Hombres,México,2021,3662,EMCR
Total,Hombres,Canadá,2024,1603,EMCR
Total,Hombres,Canadá,2023,1499,EMCR
Total,Hombres,Canadá,2022,1131,EMCR
Total,Hombres,Canadá,2021,1326,EMCR
Total,Hombres,Centro América y Caribe,2024,15284,EMCR
Total,Hombres,Centro América y Caribe,2023,13561,EMCR
Total,Hombres,Centro América y Caribe,2022,12490,EMCR
Total,Hombres,Centro América y Caribe,2021,16324,EMCR
Total,Hombres,Cuba,2024,2410,EMCR
Total,Hombres,Cuba,2023,2151,EMCR
Total,Hombres,Cuba,2022,2016,EMCR
Total,Hombres,Cuba,2021,2835,EMCR
Total,Hombres,Honduras,2024,3772,EMCR
Total,Hombres,Honduras,2023,3235,EMCR
Total,Hombres,Honduras,2022,2459,EMCR
Total,Hombres,Honduras,2021,3739,EMCR
Total,Hombres,Nicaragua,2024,2288,EMCR
Total,Hombres,Nicaragua,2023,2143,EMCR
Total,Hombres,Nicaragua,2022,1783,EMCR
Total,Hombres,Nicaragua,2021,2364,EMCR
Total,Hombres,República Dominicana,2024,3879,EMCR
Total,Hombres,República Dominicana,2023,3315,EMCR
Total,Hombres,República Dominicana,2022,3713,EMCR
Total,Hombres,República Dominicana,2021,4219,EMCR
Total,Hombres,Otros países de Centro América y Caribe,2024,2935,EMCR
Total,Hombres,Otros países de Centro América y Caribe,2023,2717,EMCR
Total,Hombres,Otros países de Centro América y Caribe,2022,2519,EMCR
Total,Hombres,Otros países de Centro América y Caribe,2021,3167,EMCR
Total,Hombres,Sudamérica,2024,75393,EMCR
Total,Hombres,Sudamérica,2023,57984,EMCR
Total,Hombres,Sudamérica,2022,47640,EMCR
Total,Hombres,Sudamérica,2021,65551,EMCR
Total,Hombres,Argentina,2024,9682,EMCR
Total,Hombres,Argentina,2023,8344,EMCR
Total,Hombres,Argentina,2022,6238,EMCR
Total,Hombres,Argentina,2021,8769,EMCR
Total,Hombres,Bolivia,2024,2746,EMCR
Total,Hombres,Bolivia,2023,2647,EMCR
Total,Hombres,Bolivia,2022,2485,EMCR
Total,Hombres,Bolivia,2021,3212,EMCR
Total,Hombres,Brasil,2024,5457,EMCR
Total,Hombres,Brasil,2023,4624,EMCR
Total,Hombres,Brasil,2022,4092,EMCR
Total,Hombres,Brasil,2021,6871,EMCR
Total,Hombres,Colombia,2024,24127,EMCR
Total,Hombres,Colombia,2023,15574,EMCR
Total,Hombres,Colombia,2022,11569,EMCR
Total,Hombres,Colombia,2021,16626,EMCR
Total,Hombres,Chile,2024,2855,EMCR
Total,Hombres,Chile,2023,2427,EMCR
Total,Hombres,Chile,2022,2015,EMCR
Total,Hombres,Chile,2021,2893,EMCR
Total,Hombres,Ecuador,2024,5966,EMCR
Total,Hombres,Ecuador,2023,6137,EMCR
Total,Hombres,Ecuador,2022,6195,EMCR
Total,Hombres,Ecuador,2021,6899,EMCR
Total,Hombres,Paraguay,2024,3724,EMCR
Total,Hombres,Paraguay,2023,2808,EMCR
Total,Hombres,Paraguay,2022,2195,EMCR
Total,Hombres,Paraguay,2021,3101,EMCR
Total,Hombres,Perú,2024,9592,EMCR
Total,Hombres,Perú,2023,6216,EMCR
Total,Hombres,Perú,2022,4605,EMCR
Total,Hombres,Perú,2021,6347,EMCR
Total,Hombres,Uruguay,2024,1784,EMCR
Total,Hombres,Uruguay,2023,1667,EMCR
Total,Hombres,Uruguay,2022,1535,EMCR
Total,Hombres,Uruguay,2021,2162,EMCR
Total,Hombres,Venezuela,2024,9450,EMCR
Total,Hombres,Venezuela,2023,7536,EMCR
Total,Hombres,Venezuela,2022,6708,EMCR
Total,Hombres,Venezuela,2021,8661,EMCR
Total,Hombres,Otro país de Sudamérica,2024,10,EMCR
Total,Hombres,Otro país de Sudamérica,2023,4,EMCR
Total,Hombres,Otro país de Sudamérica,2022,3,EMCR
Total,Hombres,Otro país de Sudamérica,2021,10,EMCR
Total,Hombres,Asia,2024,25575,EMCR
Total,Hombres,Asia,2023,25424,EMCR
Total,Hombres,Asia,2022,22137,EMCR
Total,Hombres,Asia,2021,32687,EMCR
Total,Hombres,Bangladesh,2024,857,EMCR
Total,Hombres,Bangladesh,2023,784,EMCR
Total,Hombres,Bangladesh,2022,799,EMCR
Total,Hombres,Bangladesh,2021,1771,EMCR
Total,Hombres,China,2024,6475,EMCR
Total,Hombres,China,2023,7105,EMCR
Total,Hombres,China,2022,6622,EMCR
Total,Hombres,China,2021,10103,EMCR
Total,Hombres,Filipinas,2024,855,EMCR
Total,Hombres,Filipinas,2023,821,EMCR
Total,Hombres,Filipinas,2022,947,EMCR
Total,Hombres,Filipinas,2021,920,EMCR
Total,Hombres,India,2024,3087,EMCR
Total,Hombres,India,2023,2916,EMCR
Total,Hombres,India,2022,2191,EMCR
Total,Hombres,India,2021,4004,EMCR
Total,Hombres,Pakistán,2024,5556,EMCR
Total,Hombres,Pakistán,2023,5673,EMCR
Total,Hombres,Pakistán,2022,4406,EMCR
Total,Hombres,Pakistán,2021,7454,EMCR
Total,Hombres,Otro país de Asia,2024,8745,EMCR
Total,Hombres,Otro país de Asia,2023,8125,EMCR
Total,Hombres,Otro país de Asia,2022,7172,EMCR
Total,Hombres,Otro país de Asia,2021,8435,EMCR
Total,Hombres,Oceanía,2024,1542,EMCR
Total,Hombres,Oceanía,2023,1472,EMCR
Total,Hombres,Oceanía,2022,1599,EMCR
Total,Hombres,Oceanía,2021,1888,EMCR
Total,Mujeres,Total,2024,310867,EMCR
Total,Mujeres,Total,2023,281033,EMCR
Total,Mujeres,Total,2022,244031,EMCR
Total,Mujeres,Total,2021,324019,EMCR
Total,Mujeres,UE27_2020 sin España,2024,92829,EMCR
Total,Mujeres,UE27_2020 sin España,2023,99346,EMCR
Total,Mujeres,UE27_2020 sin España,2022,95939,EMCR
Total,Mujeres,UE27_2020 sin España,2021,109897,EMCR
Total,Mujeres,Bélgica,2024,4748,EMCR
Total,Mujeres,Bélgica,2023,5112,EMCR
Total,Mujeres,Bélgica,2022,4537,EMCR
Total,Mujeres,Bélgica,2021,4350,EMCR
Total,Mujeres,Bulgaria,2024,4441,EMCR
Total,Mujeres,Bulgaria,2023,4757,EMCR
Total,Mujeres,Bulgaria,2022,5167,EMCR
Total,Mujeres,Bulgaria,2021,6095,EMCR
Total,Mujeres,Dinamarca,2024,953,EMCR
Total,Mujeres,Dinamarca,2023,1221,EMCR
Total,Mujeres,Dinamarca,2022,925,EMCR
Total,Mujeres,Dinamarca,2021,1136,EMCR
Total,Mujeres,Finlandia,2024,942,EMCR
Total,Mujeres,Finlandia,2023,894,EMCR
Total,Mujeres,Finlandia,2022,664,EMCR
Total,Mujeres,Finlandia,2021,842,EMCR
Total,Mujeres,Francia,2024,15508,EMCR
Total,Mujeres,Francia,2023,16808,EMCR
Total,Mujeres,Francia,2022,16346,EMCR
Total,Mujeres,Francia,2021,17620,EMCR
Total,Mujeres,Irlanda,2024,2166,EMCR
Total,Mujeres,Irlanda,2023,2298,EMCR
Total,Mujeres,Irlanda,2022,1793,EMCR
Total,Mujeres,Irlanda,2021,2246,EMCR
Total,Mujeres,Italia,2024,9809,EMCR
Total,Mujeres,Italia,2023,9748,EMCR
Total,Mujeres,Italia,2022,9338,EMCR
Total,Mujeres,Italia,2021,11354,EMCR
Total,Mujeres,Países Bajos,2024,3927,EMCR
Total,Mujeres,Países Bajos,2023,4546,EMCR
Total,Mujeres,Países Bajos,2022,3726,EMCR
Total,Mujeres,Países Bajos,2021,3895,EMCR
Total,Mujeres,Polonia,2024,2585,EMCR
Total,Mujeres,Polonia,2023,2428,EMCR
Total,Mujeres,Polonia,2022,2438,EMCR
Total,Mujeres,Polonia,2021,2875,EMCR
Total,Mujeres,Portugal,2024,4089,EMCR
Total,Mujeres,Portugal,2023,4436,EMCR
Total,Mujeres,Portugal,2022,4466,EMCR
Total,Mujeres,Portugal,2021,4915,EMCR
Total,Mujeres,Alemania,2024,13358,EMCR
Total,Mujeres,Alemania,2023,14602,EMCR
Total,Mujeres,Alemania,2022,12758,EMCR
Total,Mujeres,Alemania,2021,14176,EMCR
Total,Mujeres,Rumanía,2024,22219,EMCR
Total,Mujeres,Rumanía,2023,24437,EMCR
Total,Mujeres,Rumanía,2022,26909,EMCR
Total,Mujeres,Rumanía,2021,32214,EMCR
Total,Mujeres,Suecia,2024,2174,EMCR
Total,Mujeres,Suecia,2023,2270,EMCR
Total,Mujeres,Suecia,2022,1712,EMCR
Total,Mujeres,Suecia,2021,2154,EMCR
Total,Mujeres,Lituania,2024,733,EMCR
Total,Mujeres,Lituania,2023,755,EMCR
Total,Mujeres,Lituania,2022,652,EMCR
Total,Mujeres,Lituania,2021,872,EMCR
Total,Mujeres,Otro país de la Unión Europea sin España,2024,5177,EMCR
Total,Mujeres,Otro país de la Unión Europea sin España,2023,5034,EMCR
Total,Mujeres,Otro país de la Unión Europea sin España,2022,4508,EMCR
Total,Mujeres,Otro país de la Unión Europea sin España,2021,5153,EMCR
Total,Mujeres,Europa menos UE27_2020,2024,59188,EMCR
Total,Mujeres,Europa menos UE27_2020,2023,45333,EMCR
Total,Mujeres,Europa menos UE27_2020,2022,35506,EMCR
Total,Mujeres,Europa menos UE27_2020,2021,49193,EMCR
Total,Mujeres,Noruega,2024,1432,EMCR
Total,Mujeres,Noruega,2023,1646,EMCR
Total,Mujeres,Noruega,2022,1379,EMCR
Total,Mujeres,Noruega,2021,1595,EMCR
Total,Mujeres,Reino Unido,2024,19194,EMCR
Total,Mujeres,Reino Unido,2023,20996,EMCR
Total,Mujeres,Reino Unido,2022,20574,EMCR
Total,Mujeres,Reino Unido,2021,27947,EMCR
Total,Mujeres,Suiza,2024,4590,EMCR
Total,Mujeres,Suiza,2023,4944,EMCR
Total,Mujeres,Suiza,2022,4248,EMCR
Total,Mujeres,Suiza,2021,4368,EMCR
Total,Mujeres,Ucrania,2024,24546,EMCR
Total,Mujeres,Ucrania,2023,8957,EMCR
Total,Mujeres,Ucrania,2022,2652,EMCR
Total,Mujeres,Ucrania,2021,4299,EMCR
Total,Mujeres,Moldavia,2024,685,EMCR
Total,Mujeres,Moldavia,2023,757,EMCR
Total,Mujeres,Moldavia,2022,581,EMCR
Total,Mujeres,Moldavia,2021,792,EMCR
Total,Mujeres,Rusia,2024,4608,EMCR
Total,Mujeres,Rusia,2023,4073,EMCR
Total,Mujeres,Rusia,2022,2772,EMCR
Total,Mujeres,Rusia,2021,5331,EMCR
Total,Mujeres,Otro país del resto de Europa,2024,4133,EMCR
Total,Mujeres,Otro país del resto de Europa,2023,3960,EMCR
Total,Mujeres,Otro país del resto de Europa,2022,3300,EMCR
Total,Mujeres,Otro país del resto de Europa,2021,4861,EMCR
Total,Mujeres,África,2024,23830,EMCR
Total,Mujeres,África,2023,21551,EMCR
Total,Mujeres,África,2022,17736,EMCR
Total,Mujeres,África,2021,32047,EMCR
Total,Mujeres,Argelia,2024,1807,EMCR
Total,Mujeres,Argelia,2023,1560,EMCR
Total,Mujeres,Argelia,2022,1306,EMCR
Total,Mujeres,Argelia,2021,2686,EMCR
Total,Mujeres,Gambia,2024,167,EMCR
Total,Mujeres,Gambia,2023,176,EMCR
Total,Mujeres,Gambia,2022,138,EMCR
Total,Mujeres,Gambia,2021,165,EMCR
Total,Mujeres,Ghana,2024,321,EMCR
Total,Mujeres,Ghana,2023,262,EMCR
Total,Mujeres,Ghana,2022,228,EMCR
Total,Mujeres,Ghana,2021,380,EMCR
Total,Mujeres,Guinea,2024,192,EMCR
Total,Mujeres,Guinea,2023,190,EMCR
Total,Mujeres,Guinea,2022,168,EMCR
Total,Mujeres,Guinea,2021,284,EMCR
Total,Mujeres,Guinea Ecuatorial,2024,895,EMCR
Total,Mujeres,Guinea Ecuatorial,2023,782,EMCR
Total,Mujeres,Guinea Ecuatorial,2022,770,EMCR
Total,Mujeres,Guinea Ecuatorial,2021,1263,EMCR
Total,Mujeres,Mali,2024,162,EMCR
Total,Mujeres,Mali,2023,170,EMCR
Total,Mujeres,Mali,2022,139,EMCR
Total,Mujeres,Mali,2021,233,EMCR
Total,Mujeres,Marruecos,2024,16473,EMCR
Total,Mujeres,Marruecos,2023,14844,EMCR
Total,Mujeres,Marruecos,2022,12174,EMCR
Total,Mujeres,Marruecos,2021,22781,EMCR
Total,Mujeres,Mauritania,2024,323,EMCR
Total,Mujeres,Mauritania,2023,346,EMCR
Total,Mujeres,Mauritania,2022,188,EMCR
Total,Mujeres,Mauritania,2021,322,EMCR
Total,Mujeres,Nigeria,2024,512,EMCR
Total,Mujeres,Nigeria,2023,596,EMCR
Total,Mujeres,Nigeria,2022,582,EMCR
Total,Mujeres,Nigeria,2021,730,EMCR
Total,Mujeres,Senegal,2024,896,EMCR
Total,Mujeres,Senegal,2023,797,EMCR
Total,Mujeres,Senegal,2022,580,EMCR
Total,Mujeres,Senegal,2021,1105,EMCR
Total,Mujeres,Otro país de África,2024,2082,EMCR
Total,Mujeres,Otro país de África,2023,1828,EMCR
Total,Mujeres,Otro país de África,2022,1463,EMCR
Total,Mujeres,Otro país de África,2021,2098,EMCR
Total,Mujeres,América del Norte,2024,16515,EMCR
Total,Mujeres,América del Norte,2023,16380,EMCR
Total,Mujeres,América del Norte,2022,13451,EMCR
Total,Mujeres,América del Norte,2021,16180,EMCR
Total,Mujeres,Estados Unidos de América,2024,11619,EMCR
Total,Mujeres,Estados Unidos de América,2023,11757,EMCR
Total,Mujeres,Estados Unidos de América,2022,9967,EMCR
Total,Mujeres,Estados Unidos de América,2021,11210,EMCR
Total,Mujeres,México,2024,3623,EMCR
Total,Mujeres,México,2023,3363,EMCR
Total,Mujeres,México,2022,2461,EMCR
Total,Mujeres,México,2021,3665,EMCR
Total,Mujeres,Canadá,2024,1273,EMCR
Total,Mujeres,Canadá,2023,1260,EMCR
Total,Mujeres,Canadá,2022,1023,EMCR
Total,Mujeres,Canadá,2021,1305,EMCR
Total,Mujeres,Centro América y Caribe,2024,20222,EMCR
Total,Mujeres,Centro América y Caribe,2023,17939,EMCR
Total,Mujeres,Centro América y Caribe,2022,15945,EMCR
Total,Mujeres,Centro América y Caribe,2021,21661,EMCR
Total,Mujeres,Cuba,2024,2466,EMCR
Total,Mujeres,Cuba,2023,2054,EMCR
Total,Mujeres,Cuba,2022,1959,EMCR
Total,Mujeres,Cuba,2021,2810,EMCR
Total,Mujeres,Honduras,2024,6486,EMCR
Total,Mujeres,Honduras,2023,5806,EMCR
Total,Mujeres,Honduras,2022,4525,EMCR
Total,Mujeres,Honduras,2021,7047,EMCR
Total,Mujeres,Nicaragua,2024,4255,EMCR
Total,Mujeres,Nicaragua,2023,4050,EMCR
Total,Mujeres,Nicaragua,2022,3508,EMCR
Total,Mujeres,Nicaragua,2021,4333,EMCR
Total,Mujeres,República Dominicana,2024,3849,EMCR
Total,Mujeres,República Dominicana,2023,3264,EMCR
Total,Mujeres,República Dominicana,2022,3642,EMCR
Total,Mujeres,República Dominicana,2021,4245,EMCR
Total,Mujeres,Otros países de Centro América y Caribe,2024,3166,EMCR
Total,Mujeres,Otros países de Centro América y Caribe,2023,2765,EMCR
Total,Mujeres,Otros países de Centro América y Caribe,2022,2311,EMCR
Total,Mujeres,Otros países de Centro América y Caribe,2021,3226,EMCR
Total,Mujeres,Sudamérica,2024,79417,EMCR
Total,Mujeres,Sudamérica,2023,61479,EMCR
Total,Mujeres,Sudamérica,2022,49745,EMCR
Total,Mujeres,Sudamérica,2021,71265,EMCR
Total,Mujeres,Argentina,2024,9164,EMCR
Total,Mujeres,Argentina,2023,7806,EMCR
Total,Mujeres,Argentina,2022,6116,EMCR
Total,Mujeres,Argentina,2021,8147,EMCR
Total,Mujeres,Bolivia,2024,2760,EMCR
Total,Mujeres,Bolivia,2023,2687,EMCR
Total,Mujeres,Bolivia,2022,2787,EMCR
Total,Mujeres,Bolivia,2021,3542,EMCR
Total,Mujeres,Brasil,2024,6768,EMCR
Total,Mujeres,Brasil,2023,5697,EMCR
Total,Mujeres,Brasil,2022,4542,EMCR
Total,Mujeres,Brasil,2021,8245,EMCR
Total,Mujeres,Colombia,2024,24543,EMCR
Total,Mujeres,Colombia,2023,16387,EMCR
Total,Mujeres,Colombia,2022,11954,EMCR
Total,Mujeres,Colombia,2021,17664,EMCR
Total,Mujeres,Chile,2024,2712,EMCR
Total,Mujeres,Chile,2023,2359,EMCR
Total,Mujeres,Chile,2022,1853,EMCR
Total,Mujeres,Chile,2021,2840,EMCR
Total,Mujeres,Ecuador,2024,5125,EMCR
Total,Mujeres,Ecuador,2023,5164,EMCR
Total,Mujeres,Ecuador,2022,5376,EMCR
Total,Mujeres,Ecuador,2021,6069,EMCR
Total,Mujeres,Paraguay,2024,5256,EMCR
Total,Mujeres,Paraguay,2023,3958,EMCR
Total,Mujeres,Paraguay,2022,3385,EMCR
Total,Mujeres,Paraguay,2021,5334,EMCR
Total,Mujeres,Perú,2024,10683,EMCR
Total,Mujeres,Perú,2023,6806,EMCR
Total,Mujeres,Perú,2022,4927,EMCR
Total,Mujeres,Perú,2021,7277,EMCR
Total,Mujeres,Uruguay,2024,1656,EMCR
Total,Mujeres,Uruguay,2023,1664,EMCR
Total,Mujeres,Uruguay,2022,1456,EMCR
Total,Mujeres,Uruguay,2021,2042,EMCR
Total,Mujeres,Venezuela,2024,10740,EMCR
Total,Mujeres,Venezuela,2023,8945,EMCR
Total,Mujeres,Venezuela,2022,7346,EMCR
Total,Mujeres,Venezuela,2021,10098,EMCR
Total,Mujeres,Otro país de Sudamérica,2024,10,EMCR
Total,Mujeres,Otro país de Sudamérica,2023,6,EMCR
Total,Mujeres,Otro país de Sudamérica,2022,3,EMCR
Total,Mujeres,Otro país de Sudamérica,2021,7,EMCR
Total,Mujeres,Asia,2024,17620,EMCR
Total,Mujeres,Asia,2023,17669,EMCR
Total,Mujeres,Asia,2022,14355,EMCR
Total,Mujeres,Asia,2021,21975,EMCR
Total,Mujeres,Bangladesh,2024,299,EMCR
Total,Mujeres,Bangladesh,2023,163,EMCR
Total,Mujeres,Bangladesh,2022,235,EMCR
Total,Mujeres,Bangladesh,2021,393,EMCR
Total,Mujeres,China,2024,6855,EMCR
Total,Mujeres,China,2023,7077,EMCR
Total,Mujeres,China,2022,6013,EMCR
Total,Mujeres,China,2021,10673,EMCR
Total,Mujeres,Filipinas,2024,1269,EMCR
Total,Mujeres,Filipinas,2023,1168,EMCR
Total,Mujeres,Filipinas,2022,1128,EMCR
Total,Mujeres,Filipinas,2021,1253,EMCR
Total,Mujeres,India,2024,1476,EMCR
Total,Mujeres,India,2023,1421,EMCR
Total,Mujeres,India,2022,1007,EMCR
Total,Mujeres,India,2021,1478,EMCR
Total,Mujeres,Pakistán,2024,1401,EMCR
Total,Mujeres,Pakistán,2023,1740,EMCR
Total,Mujeres,Pakistán,2022,1281,EMCR
Total,Mujeres,Pakistán,2021,2005,EMCR
Total,Mujeres,Otro país de Asia,2024,6320,EMCR
Total,Mujeres,Otro país de Asia,2023,6100,EMCR
Total,Mujeres,Otro país de Asia,2022,4691,EMCR
Total,Mujeres,Otro país de Asia,2021,6173,EMCR
Total,Mujeres,Oceanía,2024,1246,EMCR
Total,Mujeres,Oceanía,2023,1336,EMCR
Total,Mujeres,Oceanía,2022,1354,EMCR
Total,Mujeres,Oceanía,2021,1801,EMCR
Española,Ambos sexos,Total,2024,137719,EMCR
Española,Ambos sexos,Total,2023,126901,EMCR
Española,Ambos sexos,Total,2022,141124,EMCR
Española,Ambos sexos,Total,2021,155533,EMCR
Española,Ambos sexos,UE27_2020 sin España,2024,50355,EMCR
Española,Ambos sexos,UE27_2020 sin España,2023,46153,EMCR
Española,Ambos sexos,UE27_2020 sin España,2022,49162,EMCR
Española,Ambos sexos,UE27_2020 sin España,2021,51684,EMCR
Española,Ambos sexos,Bélgica,2024,5407,EMCR
Española,Ambos sexos,Bélgica,2023,4486,EMCR
Española,Ambos sexos,Bélgica,2022,4790,EMCR
Española,Ambos sexos,Bélgica,2021,4200,EMCR
Española,Ambos sexos,Bulgaria,2024,182,EMCR
Española,Ambos sexos,Bulgaria,2023,199,EMCR
Española,Ambos sexos,Bulgaria,2022,179,EMCR
Española,Ambos sexos,Bulgaria,2021,196,EMCR
Española,Ambos sexos,Dinamarca,2024,953,EMCR
Española,Ambos sexos,Dinamarca,2023,954,EMCR
Española,Ambos sexos,Dinamarca,2022,937,EMCR
Española,Ambos sexos,Dinamarca,2021,746,EMCR
Española,Ambos sexos,Finlandia,2024,380,EMCR
Española,Ambos sexos,Finlandia,2023,273,EMCR
Española,Ambos sexos,Finlandia,2022,468,EMCR
Española,Ambos sexos,Finlandia,2021,370,EMCR
Española,Ambos sexos,Francia,2024,16353,EMCR
Española,Ambos sexos,Francia,2023,16569,EMCR
Española,Ambos sexos,Francia,2022,16307,EMCR
Española,Ambos sexos,Francia,2021,17768,EMCR
Española,Ambos sexos,Irlanda,2024,2052,EMCR
Española,Ambos sexos,Irlanda,2023,1823,EMCR
Española,Ambos sexos,Irlanda,2022,2102,EMCR
Española,Ambos sexos,Irlanda,2021,2087,EMCR
Española,Ambos sexos,Italia,2024,2362,EMCR
Española,Ambos sexos,Italia,2023,2140,EMCR
Española,Ambos sexos,Italia,2022,2553,EMCR
Española,Ambos sexos,Italia,2021,2544,EMCR
Española,Ambos sexos,Países Bajos,2024,2489,EMCR
Española,Ambos sexos,Países Bajos,2023,2457,EMCR
Española,Ambos sexos,Países Bajos,2022,2721,EMCR
Española,Ambos sexos,Países Bajos,2021,2567,EMCR
Española,Ambos sexos,Polonia,2024,467,EMCR
Española,Ambos sexos,Polonia,2023,442,EMCR
Española,Ambos sexos,Polonia,2022,548,EMCR
Española,Ambos sexos,Polonia,2021,505,EMCR
Española,Ambos sexos,Portugal,2024,1892,EMCR
Española,Ambos sexos,Portugal,2023,1601,EMCR
Española,Ambos sexos,Portugal,2022,1708,EMCR
Española,Ambos sexos,Portugal,2021,1953,EMCR
Española,Ambos sexos,Alemania,2024,12509,EMCR
Española,Ambos sexos,Alemania,2023,10822,EMCR
Española,Ambos sexos,Alemania,2022,12127,EMCR
Española,Ambos sexos,Alemania,2021,13820,EMCR
Española,Ambos sexos,Rumanía,2024,226,EMCR
Española,Ambos sexos,Rumanía,2023,257,EMCR
Española,Ambos sexos,Rumanía,2022,246,EMCR
Española,Ambos sexos,Rumanía,2021,296,EMCR
Española,Ambos sexos,Suecia,2024,1282,EMCR
Española,Ambos sexos,Suecia,2023,1129,EMCR
Española,Ambos sexos,Suecia,2022,1138,EMCR
Española,Ambos sexos,Suecia,2021,1294,EMCR
Española,Ambos sexos,Lituania,2024,80,EMCR
Española,Ambos sexos,Lituania,2023,30,EMCR
Española,Ambos sexos,Lituania,2022,39,EMCR
Española,Ambos sexos,Lituania,2021,85,EMCR
Española,Ambos sexos,Otro país de la Unión Europea sin España,2024,3721,EMCR
Española,Ambos sexos,Otro país de la Unión Europea sin España,2023,2971,EMCR
Española,Ambos sexos,Otro país de la Unión Europea sin España,2022,3299,EMCR
Española,Ambos sexos,Otro país de la Unión Europea sin España,2021,3253,EMCR
Española,Ambos sexos,Europa menos UE27_2020,2024,27525,EMCR
Española,Ambos sexos,Europa menos UE27_2020,2023,25553,EMCR
Española,Ambos sexos,Europa menos UE27_2020,2022,27486,EMCR
Española,Ambos sexos,Europa menos UE27_2020,2021,41194,EMCR
Española,Ambos sexos,Noruega,2024,1209,EMCR
Española,Ambos sexos,Noruega,2023,984,EMCR
Española,Ambos sexos,Noruega,2022,1002,EMCR
Española,Ambos sexos,Noruega,2021,1265,EMCR
Española,Ambos sexos,Reino Unido,2024,15349,EMCR
Española,Ambos sexos,Reino Unido,2023,14211,EMCR
Española,Ambos sexos,Reino Unido,2022,16627,EMCR
Española,Ambos sexos,Reino Unido,2021,28836,EMCR
Española,Ambos sexos,Suiza,2024,7461,EMCR
Española,Ambos sexos,Suiza,2023,7140,EMCR
Española,Ambos sexos,Suiza,2022,6258,EMCR
Española,Ambos sexos,Suiza,2021,6935,EMCR
Española,Ambos sexos,Ucrania,2024,54,EMCR
Española,Ambos sexos,Ucrania,2023,53,EMCR
Española,Ambos sexos,Ucrania,2022,32,EMCR
Española,Ambos sexos,Ucrania,2021,36,EMCR
Española,Ambos sexos,Moldavia,2024,5,EMCR
Española,Ambos sexos,Moldavia,2023,2,EMCR
Española,Ambos sexos,Moldavia,2022,0,EMCR
Española,Ambos sexos,Moldavia,2021,0,EMCR
Española,Ambos sexos,Rusia,2024,298,EMCR
Española,Ambos sexos,Rusia,2023,202,EMCR
Española,Ambos sexos,Rusia,2022,242,EMCR
Española,Ambos sexos,Rusia,2021,264,EMCR
Española,Ambos sexos,Otro país del resto de Europa,2024,3149,EMCR
Española,Ambos sexos,Otro país del resto de Europa,2023,2961,EMCR
Española,Ambos sexos,Otro país del resto de Europa,2022,3325,EMCR
Española,Ambos sexos,Otro país del resto de Europa,2021,3858,EMCR
Española,Ambos sexos,África,2024,4192,EMCR
Española,Ambos sexos,África,2023,3869,EMCR
Española,Ambos sexos,África,2022,4037,EMCR
Española,Ambos sexos,África,2021,4460,EMCR
Española,Ambos sexos,Argelia,2024,193,EMCR
Española,Ambos sexos,Argelia,2023,217,EMCR
Española,Ambos sexos,Argelia,2022,235,EMCR
Española,Ambos sexos,Argelia,2021,198,EMCR
Española,Ambos sexos,Gambia,2024,53,EMCR
Española,Ambos sexos,Gambia,2023,52,EMCR
Española,Ambos sexos,Gambia,2022,20,EMCR
Española,Ambos sexos,Gambia,2021,34,EMCR
Española,Ambos sexos,Ghana,2024,41,EMCR
Española,Ambos sexos,Ghana,2023,31,EMCR
Española,Ambos sexos,Ghana,2022,40,EMCR
Española,Ambos sexos,Ghana,2021,65,EMCR
Española,Ambos sexos,Guinea,2024,17,EMCR
Española,Ambos sexos,Guinea,2023,18,EMCR
Española,Ambos sexos,Guinea,2022,11,EMCR
Española,Ambos sexos,Guinea,2021,20,EMCR
Española,Ambos sexos,Guinea Ecuatorial,2024,375,EMCR
Española,Ambos sexos,Guinea Ecuatorial,2023,304,EMCR
Española,Ambos sexos,Guinea Ecuatorial,2022,451,EMCR
Española,Ambos sexos,Guinea Ecuatorial,2021,495,EMCR
Española,Ambos sexos,Mali,2024,24,EMCR
Española,Ambos sexos,Mali,2023,56,EMCR
Española,Ambos sexos,Mali,2022,39,EMCR
Española,Ambos sexos,Mali,2021,64,EMCR
Española,Ambos sexos,Marruecos,2024,2300,EMCR
Española,Ambos sexos,Marruecos,2023,1912,EMCR
Española,Ambos sexos,Marruecos,2022,2065,EMCR
Española,Ambos sexos,Marruecos,2021,2357,EMCR
Española,Ambos sexos,Mauritania,2024,113,EMCR
Española,Ambos sexos,Mauritania,2023,120,EMCR
Española,Ambos sexos,Mauritania,2022,93,EMCR
Española,Ambos sexos,Mauritania,2021,77,EMCR
Española,Ambos sexos,Nigeria,2024,42,EMCR
Española,Ambos sexos,Nigeria,2023,51,EMCR
Española,Ambos sexos,Nigeria,2022,68,EMCR
Española,Ambos sexos,Nigeria,2021,51,EMCR
Española,Ambos sexos,Senegal,2024,290,EMCR
Española,Ambos sexos,Senegal,2023,249,EMCR
Española,Ambos sexos,Senegal,2022,168,EMCR
Española,Ambos sexos,Senegal,2021,222,EMCR
Española,Ambos sexos,Otro país de África,2024,744,EMCR
Española,Ambos sexos,Otro país de África,2023,859,EMCR
Española,Ambos sexos,Otro país de África,2022,847,EMCR
Española,Ambos sexos,Otro país de África,2021,877,EMCR
Española,Ambos sexos,América del Norte,2024,17257,EMCR
Española,Ambos sexos,América del Norte,2023,15974,EMCR
Española,Ambos sexos,América del Norte,2022,17061,EMCR
Española,Ambos sexos,América del Norte,2021,16677,EMCR
Española,Ambos sexos,Estados Unidos de América,2024,13185,EMCR
Española,Ambos sexos,Estados Unidos de América,2023,12046,EMCR
Española,Ambos sexos,Estados Unidos de América,2022,13211,EMCR
Española,Ambos sexos,Estados Unidos de América,2021,12553,EMCR
Española,Ambos sexos,México,2024,2633,EMCR
Española,Ambos sexos,México,2023,2544,EMCR
Española,Ambos sexos,México,2022,2643,EMCR
Española,Ambos sexos,México,2021,2699,EMCR
Española,Ambos sexos,Canadá,2024,1439,EMCR
Española,Ambos sexos,Canadá,2023,1384,EMCR
Española,Ambos sexos,Canadá,2022,1207,EMCR
Española,Ambos sexos,Canadá,2021,1425,EMCR
Española,Ambos sexos,Centro América y Caribe,2024,6601,EMCR
Española,Ambos sexos,Centro América y Caribe,2023,5295,EMCR
Española,Ambos sexos,Centro América y Caribe,2022,7530,EMCR
Española,Ambos sexos,Centro América y Caribe,2021,7044,EMCR
Española,Ambos sexos,Cuba,2024,1141,EMCR
Española,Ambos sexos,Cuba,2023,1044,EMCR
Española,Ambos sexos,Cuba,2022,1510,EMCR
Española,Ambos sexos,Cuba,2021,1790,EMCR
Española,Ambos sexos,Honduras,2024,261,EMCR
Española,Ambos sexos,Honduras,2023,222,EMCR
Española,Ambos sexos,Honduras,2022,261,EMCR
Española,Ambos sexos,Honduras,2021,182,EMCR
Española,Ambos sexos,Nicaragua,2024,323,EMCR
Española,Ambos sexos,Nicaragua,2023,197,EMCR
Española,Ambos sexos,Nicaragua,2022,179,EMCR
Española,Ambos sexos,Nicaragua,2021,160,EMCR
Española,Ambos sexos,República Dominicana,2024,3591,EMCR
Española,Ambos sexos,República Dominicana,2023,2710,EMCR
Española,Ambos sexos,República Dominicana,2022,3971,EMCR
Española,Ambos sexos,República Dominicana,2021,3427,EMCR
Española,Ambos sexos,Otros países de Centro América y Caribe,2024,1285,EMCR
Española,Ambos sexos,Otros países de Centro América y Caribe,2023,1122,EMCR
Española,Ambos sexos,Otros países de Centro América y Caribe,2022,1609,EMCR
Española,Ambos sexos,Otros países de Centro América y Caribe,2021,1485,EMCR
Española,Ambos sexos,Sudamérica,2024,22467,EMCR
Española,Ambos sexos,Sudamérica,2023,21306,EMCR
Española,Ambos sexos,Sudamérica,2022,26337,EMCR
Española,Ambos sexos,Sudamérica,2021,24461,EMCR
Española,Ambos sexos,Argentina,2024,3361,EMCR
Española,Ambos sexos,Argentina,2023,3255,EMCR
Española,Ambos sexos,Argentina,2022,3548,EMCR
Española,Ambos sexos,Argentina,2021,3548,EMCR
Española,Ambos sexos,Bolivia,2024,1900,EMCR
Española,Ambos sexos,Bolivia,2023,1624,EMCR
Española,Ambos sexos,Bolivia,2022,1755,EMCR
Española,Ambos sexos,Bolivia,2021,1383,EMCR
Española,Ambos sexos,Brasil,2024,1825,EMCR
Española,Ambos sexos,Brasil,2023,1650,EMCR
Española,Ambos sexos,Brasil,2022,1796,EMCR
Española,Ambos sexos,Brasil,2021,1845,EMCR
Española,Ambos sexos,Colombia,2024,3868,EMCR
Española,Ambos sexos,Colombia,2023,3371,EMCR
Española,Ambos sexos,Colombia,2022,4465,EMCR
Española,Ambos sexos,Colombia,2021,4656,EMCR
Española,Ambos sexos,Chile,2024,1206,EMCR
Española,Ambos sexos,Chile,2023,885,EMCR
Española,Ambos sexos,Chile,2022,1294,EMCR
Española,Ambos sexos,Chile,2021,1560,EMCR
Española,Ambos sexos,Ecuador,2024,4389,EMCR
Española,Ambos sexos,Ecuador,2023,4997,EMCR
Española,Ambos sexos,Ecuador,2022,5976,EMCR
Española,Ambos sexos,Ecuador,2021,4238,EMCR
Española,Ambos sexos,Paraguay,2024,862,EMCR
Española,Ambos sexos,Paraguay,2023,771,EMCR
Española,Ambos sexos,Paraguay,2022,973,EMCR
Española,Ambos sexos,Paraguay,2021,603,EMCR
Española,Ambos sexos,Perú,2024,1645,EMCR
Española,Ambos sexos,Perú,2023,1577,EMCR
Española,Ambos sexos,Perú,2022,2365,EMCR
Española,Ambos sexos,Perú,2021,1961,EMCR
Española,Ambos sexos,Uruguay,2024,690,EMCR
Española,Ambos sexos,Uruguay,2023,687,EMCR
Española,Ambos sexos,Uruguay,2022,785,EMCR
Española,Ambos sexos,Uruguay,2021,866,EMCR
Española,Ambos sexos,Venezuela,2024,2721,EMCR
Española,Ambos sexos,Venezuela,2023,2489,EMCR
Española,Ambos sexos,Venezuela,2022,3380,EMCR
Española,Ambos sexos,Venezuela,2021,3801,EMCR
Española,Ambos sexos,Otro país de Sudamérica,2024,0,EMCR
Española,Ambos sexos,Otro país de Sudamérica,2023,0,EMCR
Española,Ambos sexos,Otro país de Sudamérica,2022,0,EMCR
Española,Ambos sexos,Otro país de Sudamérica,2021,0,EMCR
Española,Ambos sexos,Asia,2024,7731,EMCR
Española,Ambos sexos,Asia,2023,6919,EMCR
Española,Ambos sexos,Asia,2022,7321,EMCR
Española,Ambos sexos,Asia,2021,7463,EMCR
Española,Ambos sexos,Bangladesh,2024,22,EMCR
Española,Ambos sexos,Bangladesh,2023,16,EMCR
Española,Ambos sexos,Bangladesh,2022,36,EMCR
Española,Ambos sexos,Bangladesh,2021,7,EMCR
Española,Ambos sexos,China,2024,791,EMCR
Española,Ambos sexos,China,2023,962,EMCR
Española,Ambos sexos,China,2022,882,EMCR
Española,Ambos sexos,China,2021,1450,EMCR
Española,Ambos sexos,Filipinas,2024,326,EMCR
Española,Ambos sexos,Filipinas,2023,399,EMCR
Española,Ambos sexos,Filipinas,2022,472,EMCR
Española,Ambos sexos,Filipinas,2021,364,EMCR
Española,Ambos sexos,India,2024,217,EMCR
Española,Ambos sexos,India,2023,199,EMCR
Española,Ambos sexos,India,2022,198,EMCR
Española,Ambos sexos,India,2021,240,EMCR
Española,Ambos sexos,Pakistán,2024,223,EMCR
Española,Ambos sexos,Pakistán,2023,282,EMCR
Española,Ambos sexos,Pakistán,2022,323,EMCR
Española,Ambos sexos,Pakistán,2021,358,EMCR
Española,Ambos sexos,Otro país de Asia,2024,6152,EMCR
Española,Ambos sexos,Otro país de Asia,2023,5061,EMCR
Española,Ambos sexos,Otro país de Asia,2022,5410,EMCR
Española,Ambos sexos,Otro país de Asia,2021,5044,EMCR
Española,Ambos sexos,Oceanía,2024,1591,EMCR
Española,Ambos sexos,Oceanía,2023,1832,EMCR
Española,Ambos sexos,Oceanía,2022,2190,EMCR
Española,Ambos sexos,Oceanía,2021,2550,EMCR
Española,Hombres,Total,2024,77158,EMCR
Española,Hombres,Total,2023,70095,EMCR
Española,Hombres,Total,2022,78122,EMCR
Española,Hombres,Total,2021,85259,EMCR
Española,Hombres,UE27_2020 sin España,2024,28458,EMCR
Española,Hombres,UE27_2020 sin España,2023,25579,EMCR
Española,Hombres,UE27_2020 sin España,2022,27440,EMCR
Española,Hombres,UE27_2020 sin España,2021,28484,EMCR
Española,Hombres,Bélgica,2024,2969,EMCR
Española,Hombres,Bélgica,2023,2418,EMCR
Española,Hombres,Bélgica,2022,2621,EMCR
Española,Hombres,Bélgica,2021,2248,EMCR
Española,Hombres,Bulgaria,2024,135,EMCR
Española,Hombres,Bulgaria,2023,136,EMCR
Española,Hombres,Bulgaria,2022,127,EMCR
Española,Hombres,Bulgaria,2021,137,EMCR
Española,Hombres,Dinamarca,2024,596,EMCR
Española,Hombres,Dinamarca,2023,580,EMCR
Española,Hombres,Dinamarca,2022,595,EMCR
Española,Hombres,Dinamarca,2021,416,EMCR
Española,Hombres,Finlandia,2024,241,EMCR
Española,Hombres,Finlandia,2023,183,EMCR
Española,Hombres,Finlandia,2022,322,EMCR
Española,Hombres,Finlandia,2021,217,EMCR
Española,Hombres,Francia,2024,9215,EMCR
Española,Hombres,Francia,2023,9070,EMCR
Española,Hombres,Francia,2022,8920,EMCR
Española,Hombres,Francia,2021,9708,EMCR
Española,Hombres,Irlanda,2024,1091,EMCR
Española,Hombres,Irlanda,2023,930,EMCR
Española,Hombres,Irlanda,2022,1147,EMCR
Española,Hombres,Irlanda,2021,981,EMCR
Española,Hombres,Italia,2024,1030,EMCR
Española,Hombres,Italia,2023,970,EMCR
Española,Hombres,Italia,2022,1103,EMCR
Española,Hombres,Italia,2021,1040,EMCR
Española,Hombres,Países Bajos,2024,1390,EMCR
Española,Hombres,Países Bajos,2023,1331,EMCR
Española,Hombres,Países Bajos,2022,1524,EMCR
Española,Hombres,Países Bajos,2021,1402,EMCR
Española,Hombres,Polonia,2024,400,EMCR
Española,Hombres,Polonia,2023,359,EMCR
Española,Hombres,Polonia,2022,409,EMCR
Española,Hombres,Polonia,2021,422,EMCR
Española,Hombres,Portugal,2024,1143,EMCR
Española,Hombres,Portugal,2023,993,EMCR
Española,Hombres,Portugal,2022,1008,EMCR
Española,Hombres,Portugal,2021,1103,EMCR
Española,Hombres,Alemania,2024,6951,EMCR
Española,Hombres,Alemania,2023,6018,EMCR
Española,Hombres,Alemania,2022,6837,EMCR
Española,Hombres,Alemania,2021,7803,EMCR
Española,Hombres,Rumanía,2024,154,EMCR
Española,Hombres,Rumanía,2023,171,EMCR
Española,Hombres,Rumanía,2022,156,EMCR
Española,Hombres,Rumanía,2021,186,EMCR
Española,Hombres,Suecia,2024,711,EMCR
Española,Hombres,Suecia,2023,620,EMCR
Española,Hombres,Suecia,2022,642,EMCR
Española,Hombres,Suecia,2021,750,EMCR
Española,Hombres,Lituania,2024,55,EMCR
Española,Hombres,Lituania,2023,24,EMCR
Española,Hombres,Lituania,2022,29,EMCR
Española,Hombres,Lituania,2021,60,EMCR
Española,Hombres,Otro país de la Unión Europea sin España,2024,2377,EMCR
Española,Hombres,Otro país de la Unión Europea sin España,2023,1776,EMCR
Española,Hombres,Otro país de la Unión Europea sin España,2022,2000,EMCR
Española,Hombres,Otro país de la Unión Europea sin España,2021,2011,EMCR
Española,Hombres,Europa menos UE27_2020,2024,15553,EMCR
Española,Hombres,Europa menos UE27_2020,2023,14374,EMCR
Española,Hombres,Europa menos UE27_2020,2022,15602,EMCR
Española,Hombres,Europa menos UE27_2020,2021,22638,EMCR
Española,Hombres,Noruega,2024,712,EMCR
Española,Hombres,Noruega,2023,561,EMCR
Española,Hombres,Noruega,2022,577,EMCR
Española,Hombres,Noruega,2021,746,EMCR
Española,Hombres,Reino Unido,2024,8303,EMCR
Española,Hombres,Reino Unido,2023,7837,EMCR
Española,Hombres,Reino Unido,2022,9232,EMCR
Española,Hombres,Reino Unido,2021,15383,EMCR
Española,Hombres,Suiza,2024,4288,EMCR
Española,Hombres,Suiza,2023,3907,EMCR
Española,Hombres,Suiza,2022,3435,EMCR
Española,Hombres,Suiza,2021,3901,EMCR
Española,Hombres,Ucrania,2024,43,EMCR
Española,Hombres,Ucrania,2023,29,EMCR
Española,Hombres,Ucrania,2022,25,EMCR
Española,Hombres,Ucrania,2021,23,EMCR
Española,Hombres,Moldavia,2024,4,EMCR
Española,Hombres,Moldavia,2023,1,EMCR
Española,Hombres,Moldavia,2022,0,EMCR
Española,Hombres,Moldavia,2021,0,EMCR
Española,Hombres,Rusia,2024,210,EMCR
Española,Hombres,Rusia,2023,128,EMCR
Española,Hombres,Rusia,2022,170,EMCR
Española,Hombres,Rusia,2021,198,EMCR
Española,Hombres,Otro país del resto de Europa,2024,1993,EMCR
Española,Hombres,Otro país del resto de Europa,2023,1911,EMCR
Española,Hombres,Otro país del resto de Europa,2022,2163,EMCR
Española,Hombres,Otro país del resto de Europa,2021,2387,EMCR
Española,Hombres,África,2024,2562,EMCR
Española,Hombres,África,2023,2268,EMCR
Española,Hombres,África,2022,2395,EMCR
Española,Hombres,África,2021,2641,EMCR
Española,Hombres,Argelia,2024,114,EMCR
Española,Hombres,Argelia,2023,112,EMCR
Española,Hombres,Argelia,2022,169,EMCR
Española,Hombres,Argelia,2021,123,EMCR
Española,Hombres,Gambia,2024,46,EMCR
Española,Hombres,Gambia,2023,41,EMCR
Española,Hombres,Gambia,2022,15,EMCR
Española,Hombres,Gambia,2021,27,EMCR
Española,Hombres,Ghana,2024,31,EMCR
Española,Hombres,Ghana,2023,27,EMCR
Española,Hombres,Ghana,2022,24,EMCR
Española,Hombres,Ghana,2021,45,EMCR
Española,Hombres,Guinea,2024,15,EMCR
Española,Hombres,Guinea,2023,17,EMCR
Española,Hombres,Guinea,2022,6,EMCR
Española,Hombres,Guinea,2021,16,EMCR
Española,Hombres,Guinea Ecuatorial,2024,200,EMCR
Española,Hombres,Guinea Ecuatorial,2023,159,EMCR
Española,Hombres,Guinea Ecuatorial,2022,223,EMCR
Española,Hombres,Guinea Ecuatorial,2021,256,EMCR
Española,Hombres,Mali,2024,14,EMCR
Española,Hombres,Mali,2023,42,EMCR
Española,Hombres,Mali,2022,30,EMCR
Española,Hombres,Mali,2021,52,EMCR
Española,Hombres,Marruecos,2024,1362,EMCR
Española,Hombres,Marruecos,2023,1090,EMCR
Española,Hombres,Marruecos,2022,1184,EMCR
Española,Hombres,Marruecos,2021,1342,EMCR
Española,Hombres,Mauritania,2024,72,EMCR
Española,Hombres,Mauritania,2023,98,EMCR
Española,Hombres,Mauritania,2022,70,EMCR
Española,Hombres,Mauritania,2021,45,EMCR
Española,Hombres,Nigeria,2024,28,EMCR
Española,Hombres,Nigeria,2023,23,EMCR
Española,Hombres,Nigeria,2022,42,EMCR
Española,Hombres,Nigeria,2021,30,EMCR
Española,Hombres,Senegal,2024,186,EMCR
Española,Hombres,Senegal,2023,144,EMCR
Española,Hombres,Senegal,2022,111,EMCR
Española,Hombres,Senegal,2021,140,EMCR
Española,Hombres,Otro país de África,2024,494,EMCR
Española,Hombres,Otro país de África,2023,515,EMCR
Española,Hombres,Otro país de África,2022,521,EMCR
Española,Hombres,Otro país de África,2021,565,EMCR
Española,Hombres,América del Norte,2024,9509,EMCR
Española,Hombres,América del Norte,2023,8696,EMCR
Española,Hombres,América del Norte,2022,9164,EMCR
Española,Hombres,América del Norte,2021,8815,EMCR
Española,Hombres,Estados Unidos de América,2024,7090,EMCR
Española,Hombres,Estados Unidos de América,2023,6345,EMCR
Española,Hombres,Estados Unidos de América,2022,6908,EMCR
Española,Hombres,Estados Unidos de América,2021,6430,EMCR
Española,Hombres,México,2024,1548,EMCR
Española,Hombres,México,2023,1550,EMCR
Española,Hombres,México,2022,1595,EMCR
Española,Hombres,México,2021,1646,EMCR
Española,Hombres,Canadá,2024,871,EMCR
Española,Hombres,Canadá,2023,801,EMCR
Española,Hombres,Canadá,2022,661,EMCR
Española,Hombres,Canadá,2021,739,EMCR
Española,Hombres,Centro América y Caribe,2024,3302,EMCR
Española,Hombres,Centro América y Caribe,2023,2722,EMCR
Española,Hombres,Centro América y Caribe,2022,3975,EMCR
Española,Hombres,Centro América y Caribe,2021,3714,EMCR
Española,Hombres,Cuba,2024,582,EMCR
Española,Hombres,Cuba,2023,544,EMCR
Española,Hombres,Cuba,2022,802,EMCR
Española,Hombres,Cuba,2021,927,EMCR
Española,Hombres,Honduras,2024,117,EMCR
Española,Hombres,Honduras,2023,118,EMCR
Española,Hombres,Honduras,2022,124,EMCR
Española,Hombres,Honduras,2021,79,EMCR
Española,Hombres,Nicaragua,2024,143,EMCR
Española,Hombres,Nicaragua,2023,80,EMCR
Española,Hombres,Nicaragua,2022,95,EMCR
Española,Hombres,Nicaragua,2021,82,EMCR
Española,Hombres,República Dominicana,2024,1727,EMCR
Española,Hombres,República Dominicana,2023,1334,EMCR
Española,Hombres,República Dominicana,2022,1999,EMCR
Española,Hombres,República Dominicana,2021,1747,EMCR
Española,Hombres,Otros países de Centro América y Caribe,2024,733,EMCR
Española,Hombres,Otros países de Centro América y Caribe,2023,646,EMCR
Española,Hombres,Otros países de Centro América y Caribe,2022,955,EMCR
Española,Hombres,Otros países de Centro América y Caribe,2021,879,EMCR
Española,Hombres,Sudamérica,2024,11835,EMCR
Española,Hombres,Sudamérica,2023,11104,EMCR
Española,Hombres,Sudamérica,2022,13547,EMCR
Española,Hombres,Sudamérica,2021,12842,EMCR
Española,Hombres,Argentina,2024,1740,EMCR
Española,Hombres,Argentina,2023,1717,EMCR
Española,Hombres,Argentina,2022,1781,EMCR
Española,Hombres,Argentina,2021,1829,EMCR
Española,Hombres,Bolivia,2024,926,EMCR
Española,Hombres,Bolivia,2023,743,EMCR
Española,Hombres,Bolivia,2022,764,EMCR
Española,Hombres,Bolivia,2021,670,EMCR
Española,Hombres,Brasil,2024,982,EMCR
Española,Hombres,Brasil,2023,961,EMCR
Española,Hombres,Brasil,2022,1062,EMCR
Española,Hombres,Brasil,2021,1120,EMCR
Española,Hombres,Colombia,2024,2097,EMCR
Española,Hombres,Colombia,2023,1721,EMCR
Española,Hombres,Colombia,2022,2333,EMCR
Española,Hombres,Colombia,2021,2418,EMCR
Española,Hombres,Chile,2024,703,EMCR
Española,Hombres,Chile,2023,548,EMCR
Española,Hombres,Chile,2022,757,EMCR
Española,Hombres,Chile,2021,883,EMCR
Española,Hombres,Ecuador,2024,2304,EMCR
Española,Hombres,Ecuador,2023,2560,EMCR
Española,Hombres,Ecuador,2022,2974,EMCR
Española,Hombres,Ecuador,2021,2160,EMCR
Española,Hombres,Paraguay,2024,448,EMCR
Española,Hombres,Paraguay,2023,456,EMCR
Española,Hombres,Paraguay,2022,519,EMCR
Española,Hombres,Paraguay,2021,323,EMCR
Española,Hombres,Perú,2024,872,EMCR
Española,Hombres,Perú,2023,837,EMCR
Española,Hombres,Perú,2022,1241,EMCR
Española,Hombres,Perú,2021,1053,EMCR
Española,Hombres,Uruguay,2024,391,EMCR
Española,Hombres,Uruguay,2023,348,EMCR
Española,Hombres,Uruguay,2022,396,EMCR
Española,Hombres,Uruguay,2021,436,EMCR
Española,Hombres,Venezuela,2024,1372,EMCR
Española,Hombres,Venezuela,2023,1213,EMCR
Española,Hombres,Venezuela,2022,1720,EMCR
Española,Hombres,Venezuela,2021,1950,EMCR
Española,Hombres,Otro país de Sudamérica,2024,0,EMCR
Española,Hombres,Otro país de Sudamérica,2023,0,EMCR
Española,Hombres,Otro país de Sudamérica,2022,0,EMCR
Española,Hombres,Otro país de Sudamérica,2021,0,EMCR
Española,Hombres,Asia,2024,5040,EMCR
Española,Hombres,Asia,2023,4412,EMCR
Española,Hombres,Asia,2022,4853,EMCR
Española,Hombres,Asia,2021,4875,EMCR
Española,Hombres,Bangladesh,2024,13,EMCR
Española,Hombres,Bangladesh,2023,11,EMCR
Española,Hombres,Bangladesh,2022,22,EMCR
Española,Hombres,Bangladesh,2021,4,EMCR
Española,Hombres,China,2024,566,EMCR
Española,Hombres,China,2023,692,EMCR
Española,Hombres,China,2022,599,EMCR
Española,Hombres,China,2021,993,EMCR
Española,Hombres,Filipinas,2024,189,EMCR
Española,Hombres,Filipinas,2023,235,EMCR
Española,Hombres,Filipinas,2022,290,EMCR
Española,Hombres,Filipinas,2021,212,EMCR
Española,Hombres,India,2024,134,EMCR
Española,Hombres,India,2023,126,EMCR
Española,Hombres,India,2022,113,EMCR
Española,Hombres,India,2021,146,EMCR
Española,Hombres,Pakistán,2024,125,EMCR
Española,Hombres,Pakistán,2023,152,EMCR
Española,Hombres,Pakistán,2022,188,EMCR
Española,Hombres,Pakistán,2021,204,EMCR
Española,Hombres,Otro país de Asia,2024,4013,EMCR
Española,Hombres,Otro país de Asia,2023,3196,EMCR
Española,Hombres,Otro país de Asia,2022,3641,EMCR
Española,Hombres,Otro país de Asia,2021,3316,EMCR
Española,Hombres,Oceanía,2024,899,EMCR
Española,Hombres,Oceanía,2023,940,EMCR
Española,Hombres,Oceanía,2022,1146,EMCR
Española,Hombres,Oceanía,2021,1250,EMCR
Española,Mujeres,Total,2024,60561,EMCR
Española,Mujeres,Total,2023,56806,EMCR
Española,Mujeres,Total,2022,63002,EMCR
Española,Mujeres,Total,2021,70274,EMCR
Española,Mujeres,UE27_2020 sin España,2024,21897,EMCR
Española,Mujeres,UE27_2020 sin España,2023,20574,EMCR
Española,Mujeres,UE27_2020 sin España,2022,21722,EMCR
Española,Mujeres,UE27_2020 sin España,2021,23200,EMCR
Española,Mujeres,Bélgica,2024,2438,EMCR
Española,Mujeres,Bélgica,2023,2068,EMCR
Española,Mujeres,Bélgica,2022,2169,EMCR
Española,Mujeres,Bélgica,2021,1952,EMCR
Española,Mujeres,Bulgaria,2024,47,EMCR
Española,Mujeres,Bulgaria,2023,63,EMCR
Española,Mujeres,Bulgaria,2022,52,EMCR
Española,Mujeres,Bulgaria,2021,59,EMCR
Española,Mujeres,Dinamarca,2024,357,EMCR
Española,Mujeres,Dinamarca,2023,374,EMCR
Española,Mujeres,Dinamarca,2022,342,EMCR
Española,Mujeres,Dinamarca,2021,330,EMCR
Española,Mujeres,Finlandia,2024,139,EMCR
Española,Mujeres,Finlandia,2023,90,EMCR
Española,Mujeres,Finlandia,2022,146,EMCR
Española,Mujeres,Finlandia,2021,153,EMCR
Española,Mujeres,Francia,2024,7138,EMCR
Española,Mujeres,Francia,2023,7499,EMCR
Española,Mujeres,Francia,2022,7387,EMCR
Española,Mujeres,Francia,2021,8060,EMCR
Española,Mujeres,Irlanda,2024,961,EMCR
Española,Mujeres,Irlanda,2023,893,EMCR
Española,Mujeres,Irlanda,2022,955,EMCR
Española,Mujeres,Irlanda,2021,1106,EMCR
Española,Mujeres,Italia,2024,1332,EMCR
Española,Mujeres,Italia,2023,1170,EMCR
Española,Mujeres,Italia,2022,1450,EMCR
Española,Mujeres,Italia,2021,1504,EMCR
Española,Mujeres,Países Bajos,2024,1099,EMCR
Española,Mujeres,Países Bajos,2023,1126,EMCR
Española,Mujeres,Países Bajos,2022,1197,EMCR
Española,Mujeres,Países Bajos,2021,1165,EMCR
Española,Mujeres,Polonia,2024,67,EMCR
Española,Mujeres,Polonia,2023,83,EMCR
Española,Mujeres,Polonia,2022,139,EMCR
Española,Mujeres,Polonia,2021,83,EMCR
Española,Mujeres,Portugal,2024,749,EMCR
Española,Mujeres,Portugal,2023,608,EMCR
Española,Mujeres,Portugal,2022,700,EMCR
Española,Mujeres,Portugal,2021,850,EMCR
Española,Mujeres,Alemania,2024,5558,EMCR
Española,Mujeres,Alemania,2023,4804,EMCR
Española,Mujeres,Alemania,2022,5290,EMCR
Española,Mujeres,Alemania,2021,6017,EMCR
Española,Mujeres,Rumanía,2024,72,EMCR
Española,Mujeres,Rumanía,2023,86,EMCR
Española,Mujeres,Rumanía,2022,90,EMCR
Española,Mujeres,Rumanía,2021,110,EMCR
Española,Mujeres,Suecia,2024,571,EMCR
Española,Mujeres,Suecia,2023,509,EMCR
Española,Mujeres,Suecia,2022,496,EMCR
Española,Mujeres,Suecia,2021,544,EMCR
Española,Mujeres,Lituania,2024,25,EMCR
Española,Mujeres,Lituania,2023,6,EMCR
Española,Mujeres,Lituania,2022,10,EMCR
Española,Mujeres,Lituania,2021,25,EMCR
Española,Mujeres,Otro país de la Unión Europea sin España,2024,1344,EMCR
Española,Mujeres,Otro país de la Unión Europea sin España,2023,1195,EMCR
Española,Mujeres,Otro país de la Unión Europea sin España,2022,1299,EMCR
Española,Mujeres,Otro país de la Unión Europea sin España,2021,1242,EMCR
Española,Mujeres,Europa menos UE27_2020,2024,11972,EMCR
Española,Mujeres,Europa menos UE27_2020,2023,11179,EMCR
Española,Mujeres,Europa menos UE27_2020,2022,11884,EMCR
Española,Mujeres,Europa menos UE27_2020,2021,18556,EMCR
Española,Mujeres,Noruega,2024,497,EMCR
Española,Mujeres,Noruega,2023,423,EMCR
Española,Mujeres,Noruega,2022,425,EMCR
Española,Mujeres,Noruega,2021,519,EMCR
Española,Mujeres,Reino Unido,2024,7046,EMCR
Española,Mujeres,Reino Unido,2023,6374,EMCR
Española,Mujeres,Reino Unido,2022,7395,EMCR
Española,Mujeres,Reino Unido,2021,13453,EMCR
Española,Mujeres,Suiza,2024,3173,EMCR
Española,Mujeres,Suiza,2023,3233,EMCR
Española,Mujeres,Suiza,2022,2823,EMCR
Española,Mujeres,Suiza,2021,3034,EMCR
Española,Mujeres,Ucrania,2024,11,EMCR
Española,Mujeres,Ucrania,2023,24,EMCR
Española,Mujeres,Ucrania,2022,7,EMCR
Española,Mujeres,Ucrania,2021,13,EMCR
Española,Mujeres,Moldavia,2024,1,EMCR
Española,Mujeres,Moldavia,2023,1,EMCR
Española,Mujeres,Moldavia,2022,0,EMCR
Española,Mujeres,Moldavia,2021,0,EMCR
Española,Mujeres,Rusia,2024,88,EMCR
Española,Mujeres,Rusia,2023,74,EMCR
Española,Mujeres,Rusia,2022,72,EMCR
Española,Mujeres,Rusia,2021,66,EMCR
Española,Mujeres,Otro país del resto de Europa,2024,1156,EMCR
Española,Mujeres,Otro país del resto de Europa,2023,1050,EMCR
Española,Mujeres,Otro país del resto de Europa,2022,1162,EMCR
Española,Mujeres,Otro país del resto de Europa,2021,1471,EMCR
Española,Mujeres,África,2024,1630,EMCR
Española,Mujeres,África,2023,1601,EMCR
Española,Mujeres,África,2022,1642,EMCR
Española,Mujeres,África,2021,1819,EMCR
Española,Mujeres,Argelia,2024,79,EMCR
Española,Mujeres,Argelia,2023,105,EMCR
Española,Mujeres,Argelia,2022,66,EMCR
Española,Mujeres,Argelia,2021,75,EMCR
Española,Mujeres,Gambia,2024,7,EMCR
Española,Mujeres,Gambia,2023,11,EMCR
Española,Mujeres,Gambia,2022,5,EMCR
Española,Mujeres,Gambia,2021,7,EMCR
Española,Mujeres,Ghana,2024,10,EMCR
Española,Mujeres,Ghana,2023,4,EMCR
Española,Mujeres,Ghana,2022,16,EMCR
Española,Mujeres,Ghana,2021,20,EMCR
Española,Mujeres,Guinea,2024,2,EMCR
Española,Mujeres,Guinea,2023,1,EMCR
Española,Mujeres,Guinea,2022,5,EMCR
Española,Mujeres,Guinea,2021,4,EMCR
Española,Mujeres,Guinea Ecuatorial,2024,175,EMCR
Española,Mujeres,Guinea Ecuatorial,2023,145,EMCR
Española,Mujeres,Guinea Ecuatorial,2022,228,EMCR
Española,Mujeres,Guinea Ecuatorial,2021,239,EMCR
Española,Mujeres,Mali,2024,10,EMCR
Española,Mujeres,Mali,2023,14,EMCR
Española,Mujeres,Mali,2022,9,EMCR
Española,Mujeres,Mali,2021,12,EMCR
Española,Mujeres,Marruecos,2024,938,EMCR
Española,Mujeres,Marruecos,2023,822,EMCR
Española,Mujeres,Marruecos,2022,881,EMCR
Española,Mujeres,Marruecos,2021,1015,EMCR
Española,Mujeres,Mauritania,2024,41,EMCR
Española,Mujeres,Mauritania,2023,22,EMCR
Española,Mujeres,Mauritania,2022,23,EMCR
Española,Mujeres,Mauritania,2021,32,EMCR
Española,Mujeres,Nigeria,2024,14,EMCR
Española,Mujeres,Nigeria,2023,28,EMCR
Española,Mujeres,Nigeria,2022,26,EMCR
Española,Mujeres,Nigeria,2021,21,EMCR
Española,Mujeres,Senegal,2024,104,EMCR
Española,Mujeres,Senegal,2023,105,EMCR
Española,Mujeres,Senegal,2022,57,EMCR
Española,Mujeres,Senegal,2021,82,EMCR
Española,Mujeres,Otro país de África,2024,250,EMCR
Española,Mujeres,Otro país de África,2023,344,EMCR
Española,Mujeres,Otro país de África,2022,326,EMCR
Española,Mujeres,Otro país de África,2021,312,EMCR
Española,Mujeres,América del Norte,2024,7748,EMCR
Española,Mujeres,América del Norte,2023,7278,EMCR
Española,Mujeres,América del Norte,2022,7897,EMCR
Española,Mujeres,América del Norte,2021,7862,EMCR
Española,Mujeres,Estados Unidos de América,2024,6095,EMCR
Española,Mujeres,Estados Unidos de América,2023,5701,EMCR
Española,Mujeres,Estados Unidos de América,2022,6303,EMCR
Española,Mujeres,Estados Unidos de América,2021,6123,EMCR
Española,Mujeres,México,2024,1085,EMCR
Española,Mujeres,México,2023,994,EMCR
Española,Mujeres,México,2022,1048,EMCR
Española,Mujeres,México,2021,1053,EMCR
Española,Mujeres,Canadá,2024,568,EMCR
Española,Mujeres,Canadá,2023,583,EMCR
Española,Mujeres,Canadá,2022,546,EMCR
Española,Mujeres,Canadá,2021,686,EMCR
Española,Mujeres,Centro América y Caribe,2024,3299,EMCR
Española,Mujeres,Centro América y Caribe,2023,2573,EMCR
Española,Mujeres,Centro América y Caribe,2022,3555,EMCR
Española,Mujeres,Centro América y Caribe,2021,3330,EMCR
Española,Mujeres,Cuba,2024,559,EMCR
Española,Mujeres,Cuba,2023,500,EMCR
Española,Mujeres,Cuba,2022,708,EMCR
Española,Mujeres,Cuba,2021,863,EMCR
Española,Mujeres,Honduras,2024,144,EMCR
Española,Mujeres,Honduras,2023,104,EMCR
Española,Mujeres,Honduras,2022,137,EMCR
Española,Mujeres,Honduras,2021,103,EMCR
Española,Mujeres,Nicaragua,2024,180,EMCR
Española,Mujeres,Nicaragua,2023,117,EMCR
Española,Mujeres,Nicaragua,2022,84,EMCR
Española,Mujeres,Nicaragua,2021,78,EMCR
Española,Mujeres,República Dominicana,2024,1864,EMCR
Española,Mujeres,República Dominicana,2023,1376,EMCR
Española,Mujeres,República Dominicana,2022,1972,EMCR
Española,Mujeres,República Dominicana,2021,1680,EMCR
Española,Mujeres,Otros países de Centro América y Caribe,2024,552,EMCR
Española,Mujeres,Otros países de Centro América y Caribe,2023,476,EMCR
Española,Mujeres,Otros países de Centro América y Caribe,2022,654,EMCR
Española,Mujeres,Otros países de Centro América y Caribe,2021,606,EMCR
Española,Mujeres,Sudamérica,2024,10632,EMCR
Española,Mujeres,Sudamérica,2023,10202,EMCR
Española,Mujeres,Sudamérica,2022,12790,EMCR
Española,Mujeres,Sudamérica,2021,11619,EMCR
Española,Mujeres,Argentina,2024,1621,EMCR
Española,Mujeres,Argentina,2023,1538,EMCR
Española,Mujeres,Argentina,2022,1767,EMCR
Española,Mujeres,Argentina,2021,1719,EMCR
Española,Mujeres,Bolivia,2024,974,EMCR
Española,Mujeres,Bolivia,2023,881,EMCR
Española,Mujeres,Bolivia,2022,991,EMCR
Española,Mujeres,Bolivia,2021,713,EMCR
Española,Mujeres,Brasil,2024,843,EMCR
Española,Mujeres,Brasil,2023,689,EMCR
Española,Mujeres,Brasil,2022,734,EMCR
Española,Mujeres,Brasil,2021,725,EMCR
Española,Mujeres,Colombia,2024,1771,EMCR
Española,Mujeres,Colombia,2023,1650,EMCR
Española,Mujeres,Colombia,2022,2132,EMCR
Española,Mujeres,Colombia,2021,2238,EMCR
Española,Mujeres,Chile,2024,503,EMCR
Española,Mujeres,Chile,2023,337,EMCR
Española,Mujeres,Chile,2022,537,EMCR
Española,Mujeres,Chile,2021,677,EMCR
Española,Mujeres,Ecuador,2024,2085,EMCR
Española,Mujeres,Ecuador,2023,2437,EMCR
Española,Mujeres,Ecuador,2022,3002,EMCR
Española,Mujeres,Ecuador,2021,2078,EMCR
Española,Mujeres,Paraguay,2024,414,EMCR
Española,Mujeres,Paraguay,2023,315,EMCR
Española,Mujeres,Paraguay,2022,454,EMCR
Española,Mujeres,Paraguay,2021,280,EMCR
Española,Mujeres,Perú,2024,773,EMCR
Española,Mujeres,Perú,2023,740,EMCR
Española,Mujeres,Perú,2022,1124,EMCR
Española,Mujeres,Perú,2021,908,EMCR
Española,Mujeres,Uruguay,2024,299,EMCR
Española,Mujeres,Uruguay,2023,339,EMCR
Española,Mujeres,Uruguay,2022,389,EMCR
Española,Mujeres,Uruguay,2021,430,EMCR
Española,Mujeres,Venezuela,2024,1349,EMCR
Española,Mujeres,Venezuela,2023,1276,EMCR
Española,Mujeres,Venezuela,2022,1660,EMCR
Española,Mujeres,Venezuela,2021,1851,EMCR
Española,Mujeres,Otro país de Sudamérica,2024,0,EMCR
Española,Mujeres,Otro país de Sudamérica,2023,0,EMCR
Española,Mujeres,Otro país de Sudamérica,2022,0,EMCR
Española,Mujeres,Otro país de Sudamérica,2021,0,EMCR
Española,Mujeres,Asia,2024,2691,EMCR
Española,Mujeres,Asia,2023,2507,EMCR
Española,Mujeres,Asia,2022,2468,EMCR
Española,Mujeres,Asia,2021,2588,EMCR
Española,Mujeres,Bangladesh,2024,9,EMCR
Española,Mujeres,Bangladesh,2023,5,EMCR
Española,Mujeres,Bangladesh,2022,14,EMCR
Española,Mujeres,Bangladesh,2021,3,EMCR
Española,Mujeres,China,2024,225,EMCR
Española,Mujeres,China,2023,270,EMCR
Española,Mujeres,China,2022,283,EMCR
Española,Mujeres,China,2021,457,EMCR
Española,Mujeres,Filipinas,2024,137,EMCR
Española,Mujeres,Filipinas,2023,164,EMCR
Española,Mujeres,Filipinas,2022,182,EMCR
Española,Mujeres,Filipinas,2021,152,EMCR
Española,Mujeres,India,2024,83,EMCR
Española,Mujeres,India,2023,73,EMCR
Española,Mujeres,India,2022,85,EMCR
Española,Mujeres,India,2021,94,EMCR
Española,Mujeres,Pakistán,2024,98,EMCR
Española,Mujeres,Pakistán,2023,130,EMCR
Española,Mujeres,Pakistán,2022,135,EMCR
Española,Mujeres,Pakistán,2021,154,EMCR
Española,Mujeres,Otro país de Asia,2024,2139,EMCR
Española,Mujeres,Otro país de Asia,2023,1865,EMCR
Española,Mujeres,Otro país de Asia,2022,1769,EMCR
Española,Mujeres,Otro país de Asia,2021,1728,EMCR
Española,Mujeres,Oceanía,2024,692,EMCR
Española,Mujeres,Oceanía,2023,892,EMCR
Española,Mujeres,Oceanía,2022,1044,EMCR
Española,Mujeres,Oceanía,2021,1300,EMCR
Extranjero,Ambos sexos,Total,2024,524575,EMCR
Extranjero,Ambos sexos,Total,2023,481794,EMCR
Extranjero,Ambos sexos,Total,2022,390765,EMCR
Extranjero,Ambos sexos,Total,2021,541333,EMCR
Extranjero,Ambos sexos,UE27_2020 sin España,2024,151003,EMCR
Extranjero,Ambos sexos,UE27_2020 sin España,2023,165855,EMCR
Extranjero,Ambos sexos,UE27_2020 sin España,2022,155600,EMCR
Extranjero,Ambos sexos,UE27_2020 sin España,2021,182420,EMCR
Extranjero,Ambos sexos,Bélgica,2024,5049,EMCR
Extranjero,Ambos sexos,Bélgica,2023,6328,EMCR
Extranjero,Ambos sexos,Bélgica,2022,4854,EMCR
Extranjero,Ambos sexos,Bélgica,2021,5245,EMCR
Extranjero,Ambos sexos,Bulgaria,2024,9196,EMCR
Extranjero,Ambos sexos,Bulgaria,2023,9883,EMCR
Extranjero,Ambos sexos,Bulgaria,2022,10805,EMCR
Extranjero,Ambos sexos,Bulgaria,2021,12405,EMCR
Extranjero,Ambos sexos,Dinamarca,2024,1258,EMCR
Extranjero,Ambos sexos,Dinamarca,2023,1668,EMCR
Extranjero,Ambos sexos,Dinamarca,2022,1179,EMCR
Extranjero,Ambos sexos,Dinamarca,2021,1592,EMCR
Extranjero,Ambos sexos,Finlandia,2024,1493,EMCR
Extranjero,Ambos sexos,Finlandia,2023,1524,EMCR
Extranjero,Ambos sexos,Finlandia,2022,970,EMCR
Extranjero,Ambos sexos,Finlandia,2021,1267,EMCR
Extranjero,Ambos sexos,Francia,2024,18465,EMCR
Extranjero,Ambos sexos,Francia,2023,20239,EMCR
Extranjero,Ambos sexos,Francia,2022,19203,EMCR
Extranjero,Ambos sexos,Francia,2021,20095,EMCR
Extranjero,Ambos sexos,Irlanda,2024,2537,EMCR
Extranjero,Ambos sexos,Irlanda,2023,2985,EMCR
Extranjero,Ambos sexos,Irlanda,2022,1834,EMCR
Extranjero,Ambos sexos,Irlanda,2021,2316,EMCR
Extranjero,Ambos sexos,Italia,2024,19267,EMCR
Extranjero,Ambos sexos,Italia,2023,19604,EMCR
Extranjero,Ambos sexos,Italia,2022,18064,EMCR
Extranjero,Ambos sexos,Italia,2021,22987,EMCR
Extranjero,Ambos sexos,Países Bajos,2024,5912,EMCR
Extranjero,Ambos sexos,Países Bajos,2023,7154,EMCR
Extranjero,Ambos sexos,Países Bajos,2022,5276,EMCR
Extranjero,Ambos sexos,Países Bajos,2021,5828,EMCR
Extranjero,Ambos sexos,Polonia,2024,4710,EMCR
Extranjero,Ambos sexos,Polonia,2023,4419,EMCR
Extranjero,Ambos sexos,Polonia,2022,4343,EMCR
Extranjero,Ambos sexos,Polonia,2021,5174,EMCR
Extranjero,Ambos sexos,Portugal,2024,8304,EMCR
Extranjero,Ambos sexos,Portugal,2023,9419,EMCR
Extranjero,Ambos sexos,Portugal,2022,9259,EMCR
Extranjero,Ambos sexos,Portugal,2021,10044,EMCR
Extranjero,Ambos sexos,Alemania,2024,15892,EMCR
Extranjero,Ambos sexos,Alemania,2023,19208,EMCR
Extranjero,Ambos sexos,Alemania,2022,14911,EMCR
Extranjero,Ambos sexos,Alemania,2021,16394,EMCR
Extranjero,Ambos sexos,Rumanía,2024,46818,EMCR
Extranjero,Ambos sexos,Rumanía,2023,51059,EMCR
Extranjero,Ambos sexos,Rumanía,2022,55073,EMCR
Extranjero,Ambos sexos,Rumanía,2021,66862,EMCR
Extranjero,Ambos sexos,Suecia,2024,3176,EMCR
Extranjero,Ambos sexos,Suecia,2023,3574,EMCR
Extranjero,Ambos sexos,Suecia,2022,2284,EMCR
Extranjero,Ambos sexos,Suecia,2021,3184,EMCR
Extranjero,Ambos sexos,Lituania,2024,1384,EMCR
Extranjero,Ambos sexos,Lituania,2023,1398,EMCR
Extranjero,Ambos sexos,Lituania,2022,1253,EMCR
Extranjero,Ambos sexos,Lituania,2021,1665,EMCR
Extranjero,Ambos sexos,Otro país de la Unión Europea sin España,2024,7542,EMCR
Extranjero,Ambos sexos,Otro país de la Unión Europea sin España,2023,7393,EMCR
Extranjero,Ambos sexos,Otro país de la Unión Europea sin España,2022,6292,EMCR
Extranjero,Ambos sexos,Otro país de la Unión Europea sin España,2021,7362,EMCR
Extranjero,Ambos sexos,Europa menos UE27_2020,2024,82746,EMCR
Extranjero,Ambos sexos,Europa menos UE27_2020,2023,64922,EMCR
Extranjero,Ambos sexos,Europa menos UE27_2020,2022,46797,EMCR
Extranjero,Ambos sexos,Europa menos UE27_2020,2021,60659,EMCR
Extranjero,Ambos sexos,Noruega,2024,1803,EMCR
Extranjero,Ambos sexos,Noruega,2023,2477,EMCR
Extranjero,Ambos sexos,Noruega,2022,1946,EMCR
Extranjero,Ambos sexos,Noruega,2021,2081,EMCR
Extranjero,Ambos sexos,Reino Unido,2024,24453,EMCR
Extranjero,Ambos sexos,Reino Unido,2023,30290,EMCR
Extranjero,Ambos sexos,Reino Unido,2022,26896,EMCR
Extranjero,Ambos sexos,Reino Unido,2021,30001,EMCR
Extranjero,Ambos sexos,Suiza,2024,2840,EMCR
Extranjero,Ambos sexos,Suiza,2023,3284,EMCR
Extranjero,Ambos sexos,Suiza,2022,2706,EMCR
Extranjero,Ambos sexos,Suiza,2021,2708,EMCR
Extranjero,Ambos sexos,Ucrania,2024,37321,EMCR
Extranjero,Ambos sexos,Ucrania,2023,14235,EMCR
Extranjero,Ambos sexos,Ucrania,2022,5007,EMCR
Extranjero,Ambos sexos,Ucrania,2021,8119,EMCR
Extranjero,Ambos sexos,Moldavia,2024,1404,EMCR
Extranjero,Ambos sexos,Moldavia,2023,1500,EMCR
Extranjero,Ambos sexos,Moldavia,2022,1200,EMCR
Extranjero,Ambos sexos,Moldavia,2021,1555,EMCR
Extranjero,Ambos sexos,Rusia,2024,8142,EMCR
Extranjero,Ambos sexos,Rusia,2023,6686,EMCR
Extranjero,Ambos sexos,Rusia,2022,4408,EMCR
Extranjero,Ambos sexos,Rusia,2021,9014,EMCR
Extranjero,Ambos sexos,Otro país del resto de Europa,2024,6783,EMCR
Extranjero,Ambos sexos,Otro país del resto de Europa,2023,6450,EMCR
Extranjero,Ambos sexos,Otro país del resto de Europa,2022,4634,EMCR
Extranjero,Ambos sexos,Otro país del resto de Europa,2021,7181,EMCR
Extranjero,Ambos sexos,África,2024,77025,EMCR
Extranjero,Ambos sexos,África,2023,73087,EMCR
Extranjero,Ambos sexos,África,2022,56138,EMCR
Extranjero,Ambos sexos,África,2021,91436,EMCR
Extranjero,Ambos sexos,Argelia,2024,6147,EMCR
Extranjero,Ambos sexos,Argelia,2023,5636,EMCR
Extranjero,Ambos sexos,Argelia,2022,4679,EMCR
Extranjero,Ambos sexos,Argelia,2021,8182,EMCR
Extranjero,Ambos sexos,Gambia,2024,1949,EMCR
Extranjero,Ambos sexos,Gambia,2023,1973,EMCR
Extranjero,Ambos sexos,Gambia,2022,1363,EMCR
Extranjero,Ambos sexos,Gambia,2021,1695,EMCR
Extranjero,Ambos sexos,Ghana,2024,1404,EMCR
Extranjero,Ambos sexos,Ghana,2023,1551,EMCR
Extranjero,Ambos sexos,Ghana,2022,1191,EMCR
Extranjero,Ambos sexos,Ghana,2021,1762,EMCR
Extranjero,Ambos sexos,Guinea,2024,1000,EMCR
Extranjero,Ambos sexos,Guinea,2023,1059,EMCR
Extranjero,Ambos sexos,Guinea,2022,956,EMCR
Extranjero,Ambos sexos,Guinea,2021,1496,EMCR
Extranjero,Ambos sexos,Guinea Ecuatorial,2024,1294,EMCR
Extranjero,Ambos sexos,Guinea Ecuatorial,2023,1171,EMCR
Extranjero,Ambos sexos,Guinea Ecuatorial,2022,959,EMCR
Extranjero,Ambos sexos,Guinea Ecuatorial,2021,1734,EMCR
Extranjero,Ambos sexos,Mali,2024,2746,EMCR
Extranjero,Ambos sexos,Mali,2023,2937,EMCR
Extranjero,Ambos sexos,Mali,2022,2041,EMCR
Extranjero,Ambos sexos,Mali,2021,2697,EMCR
Extranjero,Ambos sexos,Marruecos,2024,48708,EMCR
Extranjero,Ambos sexos,Marruecos,2023,44942,EMCR
Extranjero,Ambos sexos,Marruecos,2022,35172,EMCR
Extranjero,Ambos sexos,Marruecos,2021,59310,EMCR
Extranjero,Ambos sexos,Mauritania,2024,960,EMCR
Extranjero,Ambos sexos,Mauritania,2023,1123,EMCR
Extranjero,Ambos sexos,Mauritania,2022,583,EMCR
Extranjero,Ambos sexos,Mauritania,2021,975,EMCR
Extranjero,Ambos sexos,Nigeria,2024,1669,EMCR
Extranjero,Ambos sexos,Nigeria,2023,1787,EMCR
Extranjero,Ambos sexos,Nigeria,2022,1682,EMCR
Extranjero,Ambos sexos,Nigeria,2021,2173,EMCR
Extranjero,Ambos sexos,Senegal,2024,6016,EMCR
Extranjero,Ambos sexos,Senegal,2023,6330,EMCR
Extranjero,Ambos sexos,Senegal,2022,4296,EMCR
Extranjero,Ambos sexos,Senegal,2021,6236,EMCR
Extranjero,Ambos sexos,Otro país de África,2024,5132,EMCR
Extranjero,Ambos sexos,Otro país de África,2023,4578,EMCR
Extranjero,Ambos sexos,Otro país de África,2022,3216,EMCR
Extranjero,Ambos sexos,Otro país de África,2021,5176,EMCR
Extranjero,Ambos sexos,América del Norte,2024,15892,EMCR
Extranjero,Ambos sexos,América del Norte,2023,16418,EMCR
Extranjero,Ambos sexos,América del Norte,2022,10343,EMCR
Extranjero,Ambos sexos,América del Norte,2021,15184,EMCR
Extranjero,Ambos sexos,Estados Unidos de América,2024,9990,EMCR
Extranjero,Ambos sexos,Estados Unidos de América,2023,10795,EMCR
Extranjero,Ambos sexos,Estados Unidos de América,2022,6708,EMCR
Extranjero,Ambos sexos,Estados Unidos de América,2021,9350,EMCR
Extranjero,Ambos sexos,México,2024,4465,EMCR
Extranjero,Ambos sexos,México,2023,4248,EMCR
Extranjero,Ambos sexos,México,2022,2688,EMCR
Extranjero,Ambos sexos,México,2021,4628,EMCR
Extranjero,Ambos sexos,Canadá,2024,1437,EMCR
Extranjero,Ambos sexos,Canadá,2023,1375,EMCR
Extranjero,Ambos sexos,Canadá,2022,947,EMCR
Extranjero,Ambos sexos,Canadá,2021,1206,EMCR
Extranjero,Ambos sexos,Centro América y Caribe,2024,28905,EMCR
Extranjero,Ambos sexos,Centro América y Caribe,2023,26205,EMCR
Extranjero,Ambos sexos,Centro América y Caribe,2022,20905,EMCR
Extranjero,Ambos sexos,Centro América y Caribe,2021,30941,EMCR
Extranjero,Ambos sexos,Cuba,2024,3735,EMCR
Extranjero,Ambos sexos,Cuba,2023,3161,EMCR
Extranjero,Ambos sexos,Cuba,2022,2465,EMCR
Extranjero,Ambos sexos,Cuba,2021,3855,EMCR
Extranjero,Ambos sexos,Honduras,2024,9997,EMCR
Extranjero,Ambos sexos,Honduras,2023,8819,EMCR
Extranjero,Ambos sexos,Honduras,2022,6723,EMCR
Extranjero,Ambos sexos,Honduras,2021,10604,EMCR
Extranjero,Ambos sexos,Nicaragua,2024,6220,EMCR
Extranjero,Ambos sexos,Nicaragua,2023,5996,EMCR
Extranjero,Ambos sexos,Nicaragua,2022,5112,EMCR
Extranjero,Ambos sexos,Nicaragua,2021,6537,EMCR
Extranjero,Ambos sexos,República Dominicana,2024,4137,EMCR
Extranjero,Ambos sexos,República Dominicana,2023,3869,EMCR
Extranjero,Ambos sexos,República Dominicana,2022,3384,EMCR
Extranjero,Ambos sexos,República Dominicana,2021,5037,EMCR
Extranjero,Ambos sexos,Otros países de Centro América y Caribe,2024,4816,EMCR
Extranjero,Ambos sexos,Otros países de Centro América y Caribe,2023,4360,EMCR
Extranjero,Ambos sexos,Otros países de Centro América y Caribe,2022,3221,EMCR
Extranjero,Ambos sexos,Otros países de Centro América y Caribe,2021,4908,EMCR
Extranjero,Ambos sexos,Sudamérica,2024,132343,EMCR
Extranjero,Ambos sexos,Sudamérica,2023,98157,EMCR
Extranjero,Ambos sexos,Sudamérica,2022,71048,EMCR
Extranjero,Ambos sexos,Sudamérica,2021,112355,EMCR
Extranjero,Ambos sexos,Argentina,2024,15485,EMCR
Extranjero,Ambos sexos,Argentina,2023,12895,EMCR
Extranjero,Ambos sexos,Argentina,2022,8806,EMCR
Extranjero,Ambos sexos,Argentina,2021,13368,EMCR
Extranjero,Ambos sexos,Bolivia,2024,3606,EMCR
Extranjero,Ambos sexos,Bolivia,2023,3710,EMCR
Extranjero,Ambos sexos,Bolivia,2022,3517,EMCR
Extranjero,Ambos sexos,Bolivia,2021,5371,EMCR
Extranjero,Ambos sexos,Brasil,2024,10400,EMCR
Extranjero,Ambos sexos,Brasil,2023,8671,EMCR
Extranjero,Ambos sexos,Brasil,2022,6838,EMCR
Extranjero,Ambos sexos,Brasil,2021,13271,EMCR
Extranjero,Ambos sexos,Colombia,2024,44802,EMCR
Extranjero,Ambos sexos,Colombia,2023,28590,EMCR
Extranjero,Ambos sexos,Colombia,2022,19058,EMCR
Extranjero,Ambos sexos,Colombia,2021,29634,EMCR
Extranjero,Ambos sexos,Chile,2024,4361,EMCR
Extranjero,Ambos sexos,Chile,2023,3901,EMCR
Extranjero,Ambos sexos,Chile,2022,2574,EMCR
Extranjero,Ambos sexos,Chile,2021,4173,EMCR
Extranjero,Ambos sexos,Ecuador,2024,6702,EMCR
Extranjero,Ambos sexos,Ecuador,2023,6304,EMCR
Extranjero,Ambos sexos,Ecuador,2022,5595,EMCR
Extranjero,Ambos sexos,Ecuador,2021,8730,EMCR
Extranjero,Ambos sexos,Paraguay,2024,8118,EMCR
Extranjero,Ambos sexos,Paraguay,2023,5995,EMCR
Extranjero,Ambos sexos,Paraguay,2022,4607,EMCR
Extranjero,Ambos sexos,Paraguay,2021,7832,EMCR
Extranjero,Ambos sexos,Perú,2024,18630,EMCR
Extranjero,Ambos sexos,Perú,2023,11445,EMCR
Extranjero,Ambos sexos,Perú,2022,7167,EMCR
Extranjero,Ambos sexos,Perú,2021,11663,EMCR
Extranjero,Ambos sexos,Uruguay,2024,2750,EMCR
Extranjero,Ambos sexos,Uruguay,2023,2644,EMCR
Extranjero,Ambos sexos,Uruguay,2022,2206,EMCR
Extranjero,Ambos sexos,Uruguay,2021,3338,EMCR
Extranjero,Ambos sexos,Venezuela,2024,17469,EMCR
Extranjero,Ambos sexos,Venezuela,2023,13992,EMCR
Extranjero,Ambos sexos,Venezuela,2022,10674,EMCR
Extranjero,Ambos sexos,Venezuela,2021,14958,EMCR
Extranjero,Ambos sexos,Otro país de Sudamérica,2024,20,EMCR
Extranjero,Ambos sexos,Otro país de Sudamérica,2023,10,EMCR
Extranjero,Ambos sexos,Otro país de Sudamérica,2022,6,EMCR
Extranjero,Ambos sexos,Otro país de Sudamérica,2021,17,EMCR
Extranjero,Ambos sexos,Asia,2024,35464,EMCR
Extranjero,Ambos sexos,Asia,2023,36174,EMCR
Extranjero,Ambos sexos,Asia,2022,29171,EMCR
Extranjero,Ambos sexos,Asia,2021,47199,EMCR
Extranjero,Ambos sexos,Bangladesh,2024,1134,EMCR
Extranjero,Ambos sexos,Bangladesh,2023,931,EMCR
Extranjero,Ambos sexos,Bangladesh,2022,998,EMCR
Extranjero,Ambos sexos,Bangladesh,2021,2157,EMCR
Extranjero,Ambos sexos,China,2024,12539,EMCR
Extranjero,Ambos sexos,China,2023,13220,EMCR
Extranjero,Ambos sexos,China,2022,11753,EMCR
Extranjero,Ambos sexos,China,2021,19326,EMCR
Extranjero,Ambos sexos,Filipinas,2024,1798,EMCR
Extranjero,Ambos sexos,Filipinas,2023,1590,EMCR
Extranjero,Ambos sexos,Filipinas,2022,1603,EMCR
Extranjero,Ambos sexos,Filipinas,2021,1809,EMCR
Extranjero,Ambos sexos,India,2024,4346,EMCR
Extranjero,Ambos sexos,India,2023,4138,EMCR
Extranjero,Ambos sexos,India,2022,3000,EMCR
Extranjero,Ambos sexos,India,2021,5242,EMCR
Extranjero,Ambos sexos,Pakistán,2024,6734,EMCR
Extranjero,Ambos sexos,Pakistán,2023,7131,EMCR
Extranjero,Ambos sexos,Pakistán,2022,5364,EMCR
Extranjero,Ambos sexos,Pakistán,2021,9101,EMCR
Extranjero,Ambos sexos,Otro país de Asia,2024,8913,EMCR
Extranjero,Ambos sexos,Otro país de Asia,2023,9164,EMCR
Extranjero,Ambos sexos,Otro país de Asia,2022,6453,EMCR
Extranjero,Ambos sexos,Otro país de Asia,2021,9564,EMCR
Extranjero,Ambos sexos,Oceanía,2024,1197,EMCR
Extranjero,Ambos sexos,Oceanía,2023,976,EMCR
Extranjero,Ambos sexos,Oceanía,2022,763,EMCR
Extranjero,Ambos sexos,Oceanía,2021,1139,EMCR
Extranjero,Hombres,Total,2024,274269,EMCR
Extranjero,Hombres,Total,2023,257567,EMCR
Extranjero,Hombres,Total,2022,209736,EMCR
Extranjero,Hombres,Total,2021,287588,EMCR
Extranjero,Hombres,UE27_2020 sin España,2024,80071,EMCR
Extranjero,Hombres,UE27_2020 sin España,2023,87083,EMCR
Extranjero,Hombres,UE27_2020 sin España,2022,81383,EMCR
Extranjero,Hombres,UE27_2020 sin España,2021,95723,EMCR
Extranjero,Hombres,Bélgica,2024,2739,EMCR
Extranjero,Hombres,Bélgica,2023,3284,EMCR
Extranjero,Hombres,Bélgica,2022,2486,EMCR
Extranjero,Hombres,Bélgica,2021,2847,EMCR
Extranjero,Hombres,Bulgaria,2024,4802,EMCR
Extranjero,Hombres,Bulgaria,2023,5189,EMCR
Extranjero,Hombres,Bulgaria,2022,5690,EMCR
Extranjero,Hombres,Bulgaria,2021,6369,EMCR
Extranjero,Hombres,Dinamarca,2024,662,EMCR
Extranjero,Hombres,Dinamarca,2023,821,EMCR
Extranjero,Hombres,Dinamarca,2022,596,EMCR
Extranjero,Hombres,Dinamarca,2021,786,EMCR
Extranjero,Hombres,Finlandia,2024,690,EMCR
Extranjero,Hombres,Finlandia,2023,720,EMCR
Extranjero,Hombres,Finlandia,2022,452,EMCR
Extranjero,Hombres,Finlandia,2021,578,EMCR
Extranjero,Hombres,Francia,2024,10095,EMCR
Extranjero,Hombres,Francia,2023,10930,EMCR
Extranjero,Hombres,Francia,2022,10244,EMCR
Extranjero,Hombres,Francia,2021,10535,EMCR
Extranjero,Hombres,Irlanda,2024,1332,EMCR
Extranjero,Hombres,Irlanda,2023,1580,EMCR
Extranjero,Hombres,Irlanda,2022,996,EMCR
Extranjero,Hombres,Irlanda,2021,1176,EMCR
Extranjero,Hombres,Italia,2024,10790,EMCR
Extranjero,Hombres,Italia,2023,11026,EMCR
Extranjero,Hombres,Italia,2022,10176,EMCR
Extranjero,Hombres,Italia,2021,13137,EMCR
Extranjero,Hombres,Países Bajos,2024,3084,EMCR
Extranjero,Hombres,Países Bajos,2023,3734,EMCR
Extranjero,Hombres,Países Bajos,2022,2747,EMCR
Extranjero,Hombres,Países Bajos,2021,3098,EMCR
Extranjero,Hombres,Polonia,2024,2192,EMCR
Extranjero,Hombres,Polonia,2023,2074,EMCR
Extranjero,Hombres,Polonia,2022,2044,EMCR
Extranjero,Hombres,Polonia,2021,2382,EMCR
Extranjero,Hombres,Portugal,2024,4964,EMCR
Extranjero,Hombres,Portugal,2023,5591,EMCR
Extranjero,Hombres,Portugal,2022,5493,EMCR
Extranjero,Hombres,Portugal,2021,5979,EMCR
Extranjero,Hombres,Alemania,2024,8092,EMCR
Extranjero,Hombres,Alemania,2023,9410,EMCR
Extranjero,Hombres,Alemania,2022,7443,EMCR
Extranjero,Hombres,Alemania,2021,8235,EMCR
Extranjero,Hombres,Rumanía,2024,24671,EMCR
Extranjero,Hombres,Rumanía,2023,26708,EMCR
Extranjero,Hombres,Rumanía,2022,28254,EMCR
Extranjero,Hombres,Rumanía,2021,34758,EMCR
Extranjero,Hombres,Suecia,2024,1573,EMCR
Extranjero,Hombres,Suecia,2023,1813,EMCR
Extranjero,Hombres,Suecia,2022,1068,EMCR
Extranjero,Hombres,Suecia,2021,1574,EMCR
Extranjero,Hombres,Lituania,2024,676,EMCR
Extranjero,Hombres,Lituania,2023,649,EMCR
Extranjero,Hombres,Lituania,2022,611,EMCR
Extranjero,Hombres,Lituania,2021,818,EMCR
Extranjero,Hombres,Otro país de la Unión Europea sin España,2024,3709,EMCR
Extranjero,Hombres,Otro país de la Unión Europea sin España,2023,3554,EMCR
Extranjero,Hombres,Otro país de la Unión Europea sin España,2022,3083,EMCR
Extranjero,Hombres,Otro país de la Unión Europea sin España,2021,3451,EMCR
Extranjero,Hombres,Europa menos UE27_2020,2024,35530,EMCR
Extranjero,Hombres,Europa menos UE27_2020,2023,30768,EMCR
Extranjero,Hombres,Europa menos UE27_2020,2022,23175,EMCR
Extranjero,Hombres,Europa menos UE27_2020,2021,30022,EMCR
Extranjero,Hombres,Noruega,2024,868,EMCR
Extranjero,Hombres,Noruega,2023,1254,EMCR
Extranjero,Hombres,Noruega,2022,992,EMCR
Extranjero,Hombres,Noruega,2021,1005,EMCR
Extranjero,Hombres,Reino Unido,2024,12305,EMCR
Extranjero,Hombres,Reino Unido,2023,15668,EMCR
Extranjero,Hombres,Reino Unido,2022,13717,EMCR
Extranjero,Hombres,Reino Unido,2021,15507,EMCR
Extranjero,Hombres,Suiza,2024,1423,EMCR
Extranjero,Hombres,Suiza,2023,1573,EMCR
Extranjero,Hombres,Suiza,2022,1281,EMCR
Extranjero,Hombres,Suiza,2021,1374,EMCR
Extranjero,Hombres,Ucrania,2024,12786,EMCR
Extranjero,Hombres,Ucrania,2023,5302,EMCR
Extranjero,Hombres,Ucrania,2022,2362,EMCR
Extranjero,Hombres,Ucrania,2021,3833,EMCR
Extranjero,Hombres,Moldavia,2024,720,EMCR
Extranjero,Hombres,Moldavia,2023,744,EMCR
Extranjero,Hombres,Moldavia,2022,619,EMCR
Extranjero,Hombres,Moldavia,2021,763,EMCR
Extranjero,Hombres,Rusia,2024,3622,EMCR
Extranjero,Hombres,Rusia,2023,2687,EMCR
Extranjero,Hombres,Rusia,2022,1708,EMCR
Extranjero,Hombres,Rusia,2021,3749,EMCR
Extranjero,Hombres,Otro país del resto de Europa,2024,3806,EMCR
Extranjero,Hombres,Otro país del resto de Europa,2023,3540,EMCR
Extranjero,Hombres,Otro país del resto de Europa,2022,2496,EMCR
Extranjero,Hombres,Otro país del resto de Europa,2021,3791,EMCR
Extranjero,Hombres,África,2024,54825,EMCR
Extranjero,Hombres,África,2023,53137,EMCR
Extranjero,Hombres,África,2022,40044,EMCR
Extranjero,Hombres,África,2021,61208,EMCR
Extranjero,Hombres,Argelia,2024,4419,EMCR
Extranjero,Hombres,Argelia,2023,4181,EMCR
Extranjero,Hombres,Argelia,2022,3439,EMCR
Extranjero,Hombres,Argelia,2021,5571,EMCR
Extranjero,Hombres,Gambia,2024,1789,EMCR
Extranjero,Hombres,Gambia,2023,1808,EMCR
Extranjero,Hombres,Gambia,2022,1230,EMCR
Extranjero,Hombres,Gambia,2021,1537,EMCR
Extranjero,Hombres,Ghana,2024,1093,EMCR
Extranjero,Hombres,Ghana,2023,1293,EMCR
Extranjero,Hombres,Ghana,2022,979,EMCR
Extranjero,Hombres,Ghana,2021,1402,EMCR
Extranjero,Hombres,Guinea,2024,810,EMCR
Extranjero,Hombres,Guinea,2023,870,EMCR
Extranjero,Hombres,Guinea,2022,793,EMCR
Extranjero,Hombres,Guinea,2021,1216,EMCR
Extranjero,Hombres,Guinea Ecuatorial,2024,574,EMCR
Extranjero,Hombres,Guinea Ecuatorial,2023,534,EMCR
Extranjero,Hombres,Guinea Ecuatorial,2022,417,EMCR
Extranjero,Hombres,Guinea Ecuatorial,2021,710,EMCR
Extranjero,Hombres,Mali,2024,2594,EMCR
Extranjero,Hombres,Mali,2023,2781,EMCR
Extranjero,Hombres,Mali,2022,1911,EMCR
Extranjero,Hombres,Mali,2021,2476,EMCR
Extranjero,Hombres,Marruecos,2024,33173,EMCR
Extranjero,Hombres,Marruecos,2023,30920,EMCR
Extranjero,Hombres,Marruecos,2022,23879,EMCR
Extranjero,Hombres,Marruecos,2021,37544,EMCR
Extranjero,Hombres,Mauritania,2024,678,EMCR
Extranjero,Hombres,Mauritania,2023,799,EMCR
Extranjero,Hombres,Mauritania,2022,418,EMCR
Extranjero,Hombres,Mauritania,2021,685,EMCR
Extranjero,Hombres,Nigeria,2024,1171,EMCR
Extranjero,Hombres,Nigeria,2023,1219,EMCR
Extranjero,Hombres,Nigeria,2022,1126,EMCR
Extranjero,Hombres,Nigeria,2021,1464,EMCR
Extranjero,Hombres,Senegal,2024,5224,EMCR
Extranjero,Hombres,Senegal,2023,5638,EMCR
Extranjero,Hombres,Senegal,2022,3773,EMCR
Extranjero,Hombres,Senegal,2021,5213,EMCR
Extranjero,Hombres,Otro país de África,2024,3300,EMCR
Extranjero,Hombres,Otro país de África,2023,3094,EMCR
Extranjero,Hombres,Otro país de África,2022,2079,EMCR
Extranjero,Hombres,Otro país de África,2021,3390,EMCR
Extranjero,Hombres,América del Norte,2024,7125,EMCR
Extranjero,Hombres,América del Norte,2023,7316,EMCR
Extranjero,Hombres,América del Norte,2022,4789,EMCR
Extranjero,Hombres,América del Norte,2021,6866,EMCR
Extranjero,Hombres,Estados Unidos de América,2024,4466,EMCR
Extranjero,Hombres,Estados Unidos de América,2023,4739,EMCR
Extranjero,Hombres,Estados Unidos de América,2022,3044,EMCR
Extranjero,Hombres,Estados Unidos de América,2021,4263,EMCR
Extranjero,Hombres,México,2024,1927,EMCR
Extranjero,Hombres,México,2023,1879,EMCR
Extranjero,Hombres,México,2022,1275,EMCR
Extranjero,Hombres,México,2021,2016,EMCR
Extranjero,Hombres,Canadá,2024,732,EMCR
Extranjero,Hombres,Canadá,2023,698,EMCR
Extranjero,Hombres,Canadá,2022,470,EMCR
Extranjero,Hombres,Canadá,2021,587,EMCR
Extranjero,Hombres,Centro América y Caribe,2024,11982,EMCR
Extranjero,Hombres,Centro América y Caribe,2023,10839,EMCR
Extranjero,Hombres,Centro América y Caribe,2022,8515,EMCR
Extranjero,Hombres,Centro América y Caribe,2021,12610,EMCR
Extranjero,Hombres,Cuba,2024,1828,EMCR
Extranjero,Hombres,Cuba,2023,1607,EMCR
Extranjero,Hombres,Cuba,2022,1214,EMCR
Extranjero,Hombres,Cuba,2021,1908,EMCR
Extranjero,Hombres,Honduras,2024,3655,EMCR
Extranjero,Hombres,Honduras,2023,3117,EMCR
Extranjero,Hombres,Honduras,2022,2335,EMCR
Extranjero,Hombres,Honduras,2021,3660,EMCR
Extranjero,Hombres,Nicaragua,2024,2145,EMCR
Extranjero,Hombres,Nicaragua,2023,2063,EMCR
Extranjero,Hombres,Nicaragua,2022,1688,EMCR
Extranjero,Hombres,Nicaragua,2021,2282,EMCR
Extranjero,Hombres,República Dominicana,2024,2152,EMCR
Extranjero,Hombres,República Dominicana,2023,1981,EMCR
Extranjero,Hombres,República Dominicana,2022,1714,EMCR
Extranjero,Hombres,República Dominicana,2021,2472,EMCR
Extranjero,Hombres,Otros países de Centro América y Caribe,2024,2202,EMCR
Extranjero,Hombres,Otros países de Centro América y Caribe,2023,2071,EMCR
Extranjero,Hombres,Otros países de Centro América y Caribe,2022,1564,EMCR
Extranjero,Hombres,Otros países de Centro América y Caribe,2021,2288,EMCR
Extranjero,Hombres,Sudamérica,2024,63558,EMCR
Extranjero,Hombres,Sudamérica,2023,46880,EMCR
Extranjero,Hombres,Sudamérica,2022,34093,EMCR
Extranjero,Hombres,Sudamérica,2021,52709,EMCR
Extranjero,Hombres,Argentina,2024,7942,EMCR
Extranjero,Hombres,Argentina,2023,6627,EMCR
Extranjero,Hombres,Argentina,2022,4457,EMCR
Extranjero,Hombres,Argentina,2021,6940,EMCR
Extranjero,Hombres,Bolivia,2024,1820,EMCR
Extranjero,Hombres,Bolivia,2023,1904,EMCR
Extranjero,Hombres,Bolivia,2022,1721,EMCR
Extranjero,Hombres,Bolivia,2021,2542,EMCR
Extranjero,Hombres,Brasil,2024,4475,EMCR
Extranjero,Hombres,Brasil,2023,3663,EMCR
Extranjero,Hombres,Brasil,2022,3030,EMCR
Extranjero,Hombres,Brasil,2021,5751,EMCR
Extranjero,Hombres,Colombia,2024,22030,EMCR
Extranjero,Hombres,Colombia,2023,13853,EMCR
Extranjero,Hombres,Colombia,2022,9236,EMCR
Extranjero,Hombres,Colombia,2021,14208,EMCR
Extranjero,Hombres,Chile,2024,2152,EMCR
Extranjero,Hombres,Chile,2023,1879,EMCR
Extranjero,Hombres,Chile,2022,1258,EMCR
Extranjero,Hombres,Chile,2021,2010,EMCR
Extranjero,Hombres,Ecuador,2024,3662,EMCR
Extranjero,Hombres,Ecuador,2023,3577,EMCR
Extranjero,Hombres,Ecuador,2022,3221,EMCR
Extranjero,Hombres,Ecuador,2021,4739,EMCR
Extranjero,Hombres,Paraguay,2024,3276,EMCR
Extranjero,Hombres,Paraguay,2023,2352,EMCR
Extranjero,Hombres,Paraguay,2022,1676,EMCR
Extranjero,Hombres,Paraguay,2021,2778,EMCR
Extranjero,Hombres,Perú,2024,8720,EMCR
Extranjero,Hombres,Perú,2023,5379,EMCR
Extranjero,Hombres,Perú,2022,3364,EMCR
Extranjero,Hombres,Perú,2021,5294,EMCR
Extranjero,Hombres,Uruguay,2024,1393,EMCR
Extranjero,Hombres,Uruguay,2023,1319,EMCR
Extranjero,Hombres,Uruguay,2022,1139,EMCR
Extranjero,Hombres,Uruguay,2021,1726,EMCR
Extranjero,Hombres,Venezuela,2024,8078,EMCR
Extranjero,Hombres,Venezuela,2023,6323,EMCR
Extranjero,Hombres,Venezuela,2022,4988,EMCR
Extranjero,Hombres,Venezuela,2021,6711,EMCR
Extranjero,Hombres,Otro país de Sudamérica,2024,10,EMCR
Extranjero,Hombres,Otro país de Sudamérica,2023,4,EMCR
Extranjero,Hombres,Otro país de Sudamérica,2022,3,EMCR
Extranjero,Hombres,Otro país de Sudamérica,2021,10,EMCR
Extranjero,Hombres,Asia,2024,20535,EMCR
Extranjero,Hombres,Asia,2023,21012,EMCR
Extranjero,Hombres,Asia,2022,17284,EMCR
Extranjero,Hombres,Asia,2021,27812,EMCR
Extranjero,Hombres,Bangladesh,2024,844,EMCR
Extranjero,Hombres,Bangladesh,2023,773,EMCR
Extranjero,Hombres,Bangladesh,2022,777,EMCR
Extranjero,Hombres,Bangladesh,2021,1767,EMCR
Extranjero,Hombres,China,2024,5909,EMCR
Extranjero,Hombres,China,2023,6413,EMCR
Extranjero,Hombres,China,2022,6023,EMCR
Extranjero,Hombres,China,2021,9110,EMCR
Extranjero,Hombres,Filipinas,2024,666,EMCR
Extranjero,Hombres,Filipinas,2023,586,EMCR
Extranjero,Hombres,Filipinas,2022,657,EMCR
Extranjero,Hombres,Filipinas,2021,708,EMCR
Extranjero,Hombres,India,2024,2953,EMCR
Extranjero,Hombres,India,2023,2790,EMCR
Extranjero,Hombres,India,2022,2078,EMCR
Extranjero,Hombres,India,2021,3858,EMCR
Extranjero,Hombres,Pakistán,2024,5431,EMCR
Extranjero,Hombres,Pakistán,2023,5521,EMCR
Extranjero,Hombres,Pakistán,2022,4218,EMCR
Extranjero,Hombres,Pakistán,2021,7250,EMCR
Extranjero,Hombres,Otro país de Asia,2024,4732,EMCR
Extranjero,Hombres,Otro país de Asia,2023,4929,EMCR
Extranjero,Hombres,Otro país de Asia,2022,3531,EMCR
Extranjero,Hombres,Otro país de Asia,2021,5119,EMCR
Extranjero,Hombres,Oceanía,2024,643,EMCR
Extranjero,Hombres,Oceanía,2023,532,EMCR
Extranjero,Hombres,Oceanía,2022,453,EMCR
Extranjero,Hombres,Oceanía,2021,638,EMCR
Extranjero,Mujeres,Total,2024,250306,EMCR
Extranjero,Mujeres,Total,2023,224227,EMCR
Extranjero,Mujeres,Total,2022,181029,EMCR
Extranjero,Mujeres,Total,2021,253745,EMCR
Extranjero,Mujeres,UE27_2020 sin España,2024,70932,EMCR
Extranjero,Mujeres,UE27_2020 sin España,2023,78772,EMCR
Extranjero,Mujeres,UE27_2020 sin España,2022,74217,EMCR
Extranjero,Mujeres,UE27_2020 sin España,2021,86697,EMCR
Extranjero,Mujeres,Bélgica,2024,2310,EMCR
Extranjero,Mujeres,Bélgica,2023,3044,EMCR
Extranjero,Mujeres,Bélgica,2022,2368,EMCR
Extranjero,Mujeres,Bélgica,2021,2398,EMCR
Extranjero,Mujeres,Bulgaria,2024,4394,EMCR
Extranjero,Mujeres,Bulgaria,2023,4694,EMCR
Extranjero,Mujeres,Bulgaria,2022,5115,EMCR
Extranjero,Mujeres,Bulgaria,2021,6036,EMCR
Extranjero,Mujeres,Dinamarca,2024,596,EMCR
Extranjero,Mujeres,Dinamarca,2023,847,EMCR
Extranjero,Mujeres,Dinamarca,2022,583,EMCR
Extranjero,Mujeres,Dinamarca,2021,806,EMCR
Extranjero,Mujeres,Finlandia,2024,803,EMCR
Extranjero,Mujeres,Finlandia,2023,804,EMCR
Extranjero,Mujeres,Finlandia,2022,518,EMCR
Extranjero,Mujeres,Finlandia,2021,689,EMCR
Extranjero,Mujeres,Francia,2024,8370,EMCR
Extranjero,Mujeres,Francia,2023,9309,EMCR
Extranjero,Mujeres,Francia,2022,8959,EMCR
Extranjero,Mujeres,Francia,2021,9560,EMCR
Extranjero,Mujeres,Irlanda,2024,1205,EMCR
Extranjero,Mujeres,Irlanda,2023,1405,EMCR
Extranjero,Mujeres,Irlanda,2022,838,EMCR
Extranjero,Mujeres,Irlanda,2021,1140,EMCR
Extranjero,Mujeres,Italia,2024,8477,EMCR
Extranjero,Mujeres,Italia,2023,8578,EMCR
Extranjero,Mujeres,Italia,2022,7888,EMCR
Extranjero,Mujeres,Italia,2021,9850,EMCR
Extranjero,Mujeres,Países Bajos,2024,2828,EMCR
Extranjero,Mujeres,Países Bajos,2023,3420,EMCR
Extranjero,Mujeres,Países Bajos,2022,2529,EMCR
Extranjero,Mujeres,Países Bajos,2021,2730,EMCR
Extranjero,Mujeres,Polonia,2024,2518,EMCR
Extranjero,Mujeres,Polonia,2023,2345,EMCR
Extranjero,Mujeres,Polonia,2022,2299,EMCR
Extranjero,Mujeres,Polonia,2021,2792,EMCR
Extranjero,Mujeres,Portugal,2024,3340,EMCR
Extranjero,Mujeres,Portugal,2023,3828,EMCR
Extranjero,Mujeres,Portugal,2022,3766,EMCR
Extranjero,Mujeres,Portugal,2021,4065,EMCR
Extranjero,Mujeres,Alemania,2024,7800,EMCR
Extranjero,Mujeres,Alemania,2023,9798,EMCR
Extranjero,Mujeres,Alemania,2022,7468,EMCR
Extranjero,Mujeres,Alemania,2021,8159,EMCR
Extranjero,Mujeres,Rumanía,2024,22147,EMCR
Extranjero,Mujeres,Rumanía,2023,24351,EMCR
Extranjero,Mujeres,Rumanía,2022,26819,EMCR
Extranjero,Mujeres,Rumanía,2021,32104,EMCR
Extranjero,Mujeres,Suecia,2024,1603,EMCR
Extranjero,Mujeres,Suecia,2023,1761,EMCR
Extranjero,Mujeres,Suecia,2022,1216,EMCR
Extranjero,Mujeres,Suecia,2021,1610,EMCR
Extranjero,Mujeres,Lituania,2024,708,EMCR
Extranjero,Mujeres,Lituania,2023,749,EMCR
Extranjero,Mujeres,Lituania,2022,642,EMCR
Extranjero,Mujeres,Lituania,2021,847,EMCR
Extranjero,Mujeres,Otro país de la Unión Europea sin España,2024,3833,EMCR
Extranjero,Mujeres,Otro país de la Unión Europea sin España,2023,3839,EMCR
Extranjero,Mujeres,Otro país de la Unión Europea sin España,2022,3209,EMCR
Extranjero,Mujeres,Otro país de la Unión Europea sin España,2021,3911,EMCR
Extranjero,Mujeres,Europa menos UE27_2020,2024,47216,EMCR
Extranjero,Mujeres,Europa menos UE27_2020,2023,34154,EMCR
Extranjero,Mujeres,Europa menos UE27_2020,2022,23622,EMCR
Extranjero,Mujeres,Europa menos UE27_2020,2021,30637,EMCR
Extranjero,Mujeres,Noruega,2024,935,EMCR
Extranjero,Mujeres,Noruega,2023,1223,EMCR
Extranjero,Mujeres,Noruega,2022,954,EMCR
Extranjero,Mujeres,Noruega,2021,1076,EMCR
Extranjero,Mujeres,Reino Unido,2024,12148,EMCR
Extranjero,Mujeres,Reino Unido,2023,14622,EMCR
Extranjero,Mujeres,Reino Unido,2022,13179,EMCR
Extranjero,Mujeres,Reino Unido,2021,14494,EMCR
Extranjero,Mujeres,Suiza,2024,1417,EMCR
Extranjero,Mujeres,Suiza,2023,1711,EMCR
Extranjero,Mujeres,Suiza,2022,1425,EMCR
Extranjero,Mujeres,Suiza,2021,1334,EMCR
Extranjero,Mujeres,Ucrania,2024,24535,EMCR
Extranjero,Mujeres,Ucrania,2023,8933,EMCR
Extranjero,Mujeres,Ucrania,2022,2645,EMCR
Extranjero,Mujeres,Ucrania,2021,4286,EMCR
Extranjero,Mujeres,Moldavia,2024,684,EMCR
Extranjero,Mujeres,Moldavia,2023,756,EMCR
Extranjero,Mujeres,Moldavia,2022,581,EMCR
Extranjero,Mujeres,Moldavia,2021,792,EMCR
Extranjero,Mujeres,Rusia,2024,4520,EMCR
Extranjero,Mujeres,Rusia,2023,3999,EMCR
Extranjero,Mujeres,Rusia,2022,2700,EMCR
Extranjero,Mujeres,Rusia,2021,5265,EMCR
Extranjero,Mujeres,Otro país del resto de Europa,2024,2977,EMCR
Extranjero,Mujeres,Otro país del resto de Europa,2023,2910,EMCR
Extranjero,Mujeres,Otro país del resto de Europa,2022,2138,EMCR
Extranjero,Mujeres,Otro país del resto de Europa,2021,3390,EMCR
Extranjero,Mujeres,África,2024,22200,EMCR
Extranjero,Mujeres,África,2023,19950,EMCR
Extranjero,Mujeres,África,2022,16094,EMCR
Extranjero,Mujeres,África,2021,30228,EMCR
Extranjero,Mujeres,Argelia,2024,1728,EMCR
Extranjero,Mujeres,Argelia,2023,1455,EMCR
Extranjero,Mujeres,Argelia,2022,1240,EMCR
Extranjero,Mujeres,Argelia,2021,2611,EMCR
Extranjero,Mujeres,Gambia,2024,160,EMCR
Extranjero,Mujeres,Gambia,2023,165,EMCR
Extranjero,Mujeres,Gambia,2022,133,EMCR
Extranjero,Mujeres,Gambia,2021,158,EMCR
Extranjero,Mujeres,Ghana,2024,311,EMCR
Extranjero,Mujeres,Ghana,2023,258,EMCR
Extranjero,Mujeres,Ghana,2022,212,EMCR
Extranjero,Mujeres,Ghana,2021,360,EMCR
Extranjero,Mujeres,Guinea,2024,190,EMCR
Extranjero,Mujeres,Guinea,2023,189,EMCR
Extranjero,Mujeres,Guinea,2022,163,EMCR
Extranjero,Mujeres,Guinea,2021,280,EMCR
Extranjero,Mujeres,Guinea Ecuatorial,2024,720,EMCR
Extranjero,Mujeres,Guinea Ecuatorial,2023,637,EMCR
Extranjero,Mujeres,Guinea Ecuatorial,2022,542,EMCR
Extranjero,Mujeres,Guinea Ecuatorial,2021,1024,EMCR
Extranjero,Mujeres,Mali,2024,152,EMCR
Extranjero,Mujeres,Mali,2023,156,EMCR
Extranjero,Mujeres,Mali,2022,130,EMCR
Extranjero,Mujeres,Mali,2021,221,EMCR
Extranjero,Mujeres,Marruecos,2024,15535,EMCR
Extranjero,Mujeres,Marruecos,2023,14022,EMCR
Extranjero,Mujeres,Marruecos,2022,11293,EMCR
Extranjero,Mujeres,Marruecos,2021,21766,EMCR
Extranjero,Mujeres,Mauritania,2024,282,EMCR
Extranjero,Mujeres,Mauritania,2023,324,EMCR
Extranjero,Mujeres,Mauritania,2022,165,EMCR
Extranjero,Mujeres,Mauritania,2021,290,EMCR
Extranjero,Mujeres,Nigeria,2024,498,EMCR
Extranjero,Mujeres,Nigeria,2023,568,EMCR
Extranjero,Mujeres,Nigeria,2022,556,EMCR
Extranjero,Mujeres,Nigeria,2021,709,EMCR
Extranjero,Mujeres,Senegal,2024,792,EMCR
Extranjero,Mujeres,Senegal,2023,692,EMCR
Extranjero,Mujeres,Senegal,2022,523,EMCR
Extranjero,Mujeres,Senegal,2021,1023,EMCR
Extranjero,Mujeres,Otro país de África,2024,1832,EMCR
Extranjero,Mujeres,Otro país de África,2023,1484,EMCR
Extranjero,Mujeres,Otro país de África,2022,1137,EMCR
Extranjero,Mujeres,Otro país de África,2021,1786,EMCR
Extranjero,Mujeres,América del Norte,2024,8767,EMCR
Extranjero,Mujeres,América del Norte,2023,9102,EMCR
Extranjero,Mujeres,América del Norte,2022,5554,EMCR
Extranjero,Mujeres,América del Norte,2021,8318,EMCR
Extranjero,Mujeres,Estados Unidos de América,2024,5524,EMCR
Extranjero,Mujeres,Estados Unidos de América,2023,6056,EMCR
Extranjero,Mujeres,Estados Unidos de América,2022,3664,EMCR
Extranjero,Mujeres,Estados Unidos de América,2021,5087,EMCR
Extranjero,Mujeres,México,2024,2538,EMCR
Extranjero,Mujeres,México,2023,2369,EMCR
Extranjero,Mujeres,México,2022,1413,EMCR
Extranjero,Mujeres,México,2021,2612,EMCR
Extranjero,Mujeres,Canadá,2024,705,EMCR
Extranjero,Mujeres,Canadá,2023,677,EMCR
Extranjero,Mujeres,Canadá,2022,477,EMCR
Extranjero,Mujeres,Canadá,2021,619,EMCR
Extranjero,Mujeres,Centro América y Caribe,2024,16923,EMCR
Extranjero,Mujeres,Centro América y Caribe,2023,15366,EMCR
Extranjero,Mujeres,Centro América y Caribe,2022,12390,EMCR
Extranjero,Mujeres,Centro América y Caribe,2021,18331,EMCR
Extranjero,Mujeres,Cuba,2024,1907,EMCR
Extranjero,Mujeres,Cuba,2023,1554,EMCR
Extranjero,Mujeres,Cuba,2022,1251,EMCR
Extranjero,Mujeres,Cuba,2021,1947,EMCR
Extranjero,Mujeres,Honduras,2024,6342,EMCR
Extranjero,Mujeres,Honduras,2023,5702,EMCR
Extranjero,Mujeres,Honduras,2022,4388,EMCR
Extranjero,Mujeres,Honduras,2021,6944,EMCR
Extranjero,Mujeres,Nicaragua,2024,4075,EMCR
Extranjero,Mujeres,Nicaragua,2023,3933,EMCR
Extranjero,Mujeres,Nicaragua,2022,3424,EMCR
Extranjero,Mujeres,Nicaragua,2021,4255,EMCR
Extranjero,Mujeres,República Dominicana,2024,1985,EMCR
Extranjero,Mujeres,República Dominicana,2023,1888,EMCR
Extranjero,Mujeres,República Dominicana,2022,1670,EMCR
Extranjero,Mujeres,República Dominicana,2021,2565,EMCR
Extranjero,Mujeres,Otros países de Centro América y Caribe,2024,2614,EMCR
Extranjero,Mujeres,Otros países de Centro América y Caribe,2023,2289,EMCR
Extranjero,Mujeres,Otros países de Centro América y Caribe,2022,1657,EMCR
Extranjero,Mujeres,Otros países de Centro América y Caribe,2021,2620,EMCR
Extranjero,Mujeres,Sudamérica,2024,68785,EMCR
Extranjero,Mujeres,Sudamérica,2023,51277,EMCR
Extranjero,Mujeres,Sudamérica,2022,36955,EMCR
Extranjero,Mujeres,Sudamérica,2021,59646,EMCR
Extranjero,Mujeres,Argentina,2024,7543,EMCR
Extranjero,Mujeres,Argentina,2023,6268,EMCR
Extranjero,Mujeres,Argentina,2022,4349,EMCR
Extranjero,Mujeres,Argentina,2021,6428,EMCR
Extranjero,Mujeres,Bolivia,2024,1786,EMCR
Extranjero,Mujeres,Bolivia,2023,1806,EMCR
Extranjero,Mujeres,Bolivia,2022,1796,EMCR
Extranjero,Mujeres,Bolivia,2021,2829,EMCR
Extranjero,Mujeres,Brasil,2024,5925,EMCR
Extranjero,Mujeres,Brasil,2023,5008,EMCR
Extranjero,Mujeres,Brasil,2022,3808,EMCR
Extranjero,Mujeres,Brasil,2021,7520,EMCR
Extranjero,Mujeres,Colombia,2024,22772,EMCR
Extranjero,Mujeres,Colombia,2023,14737,EMCR
Extranjero,Mujeres,Colombia,2022,9822,EMCR
Extranjero,Mujeres,Colombia,2021,15426,EMCR
Extranjero,Mujeres,Chile,2024,2209,EMCR
Extranjero,Mujeres,Chile,2023,2022,EMCR
Extranjero,Mujeres,Chile,2022,1316,EMCR
Extranjero,Mujeres,Chile,2021,2163,EMCR
Extranjero,Mujeres,Ecuador,2024,3040,EMCR
Extranjero,Mujeres,Ecuador,2023,2727,EMCR
Extranjero,Mujeres,Ecuador,2022,2374,EMCR
Extranjero,Mujeres,Ecuador,2021,3991,EMCR
Extranjero,Mujeres,Paraguay,2024,4842,EMCR
Extranjero,Mujeres,Paraguay,2023,3643,EMCR
Extranjero,Mujeres,Paraguay,2022,2931,EMCR
Extranjero,Mujeres,Paraguay,2021,5054,EMCR
Extranjero,Mujeres,Perú,2024,9910,EMCR
Extranjero,Mujeres,Perú,2023,6066,EMCR
Extranjero,Mujeres,Perú,2022,3803,EMCR
Extranjero,Mujeres,Perú,2021,6369,EMCR
Extranjero,Mujeres,Uruguay,2024,1357,EMCR
Extranjero,Mujeres,Uruguay,2023,1325,EMCR
Extranjero,Mujeres,Uruguay,2022,1067,EMCR
Extranjero,Mujeres,Uruguay,2021,1612,EMCR
Extranjero,Mujeres,Venezuela,2024,9391,EMCR
Extranjero,Mujeres,Venezuela,2023,7669,EMCR
Extranjero,Mujeres,Venezuela,2022,5686,EMCR
Extranjero,Mujeres,Venezuela,2021,8247,EMCR
Extranjero,Mujeres,Otro país de Sudamérica,2024,10,EMCR
Extranjero,Mujeres,Otro país de Sudamérica,2023,6,EMCR
Extranjero,Mujeres,Otro país de Sudamérica,2022,3,EMCR
Extranjero,Mujeres,Otro país de Sudamérica,2021,7,EMCR
Extranjero,Mujeres,Asia,2024,14929,EMCR
Extranjero,Mujeres,Asia,2023,15162,EMCR
Extranjero,Mujeres,Asia,2022,11887,EMCR
Extranjero,Mujeres,Asia,2021,19387,EMCR
Extranjero,Mujeres,Bangladesh,2024,290,EMCR
Extranjero,Mujeres,Bangladesh,2023,158,EMCR
Extranjero,Mujeres,Bangladesh,2022,221,EMCR
Extranjero,Mujeres,Bangladesh,2021,390,EMCR
Extranjero,Mujeres,China,2024,6630,EMCR
Extranjero,Mujeres,China,2023,6807,EMCR
Extranjero,Mujeres,China,2022,5730,EMCR
Extranjero,Mujeres,China,2021,10216,EMCR
Extranjero,Mujeres,Filipinas,2024,1132,EMCR
Extranjero,Mujeres,Filipinas,2023,1004,EMCR
Extranjero,Mujeres,Filipinas,2022,946,EMCR
Extranjero,Mujeres,Filipinas,2021,1101,EMCR
Extranjero,Mujeres,India,2024,1393,EMCR
Extranjero,Mujeres,India,2023,1348,EMCR
Extranjero,Mujeres,India,2022,922,EMCR
Extranjero,Mujeres,India,2021,1384,EMCR
Extranjero,Mujeres,Pakistán,2024,1303,EMCR
Extranjero,Mujeres,Pakistán,2023,1610,EMCR
Extranjero,Mujeres,Pakistán,2022,1146,EMCR
Extranjero,Mujeres,Pakistán,2021,1851,EMCR
Extranjero,Mujeres,Otro país de Asia,2024,4181,EMCR
Extranjero,Mujeres,Otro país de Asia,2023,4235,EMCR
Extranjero,Mujeres,Otro país de Asia,2022,2922,EMCR
Extranjero,Mujeres,Otro país de Asia,2021,4445,EMCR
Extranjero,Mujeres,Oceanía,2024,554,EMCR
Extranjero,Mujeres,Oceanía,2023,444,EMCR
Extranjero,Mujeres,Oceanía,2022,310,EMCR
Extranjero,Mujeres,Oceanía,2021,501,EMCR
